/* kernel/cm/timezones.h - GENERATED by tools/gen_timezones.py from
 * third_party/wine/dlls/kernelbase/kernelbase.rgs — the WINE_REGISTRY
 * resource that writes HKLM\Software\Microsoft\Windows NT\CurrentVersion\Time
 * Zones into the pinned oracle's prefix at `wineboot --init`
 * (dlls/setupapi/fakedll.c register_resource), and so the table kernelbase
 * resolves a zone out of on that leg (dlls/kernelbase/locale.c).
 * DO NOT EDIT BY HAND (Constitution Art. 4 / gate G4). Regenerate with:
 *     python3 tools/gen_timezones.py
 *
 * proskrnl has no prefix, so CmInitialize (kernel/cm/registry.c) seeds this
 * table into the same key — which is what makes the two legs of
 * kernel32:time and of tests/ntapi/sem_reg/timezone_keys.c read the SAME
 * table rather than each inventing a plausible one.
 *
 * Paths are relative to the Time Zones key, '\'-separated the way
 * CmpWalkPath reads them, and parents precede their children. The
 * REG_BINARY payloads are pooled and shared by exact bytes;
 * `binaryOffset`/`binaryBytes` index CmpTimeZoneBinary.
 *
 * kernel/cm/registry.c is the ONE includer, which is what makes `static
 * const` right here (the kernel/cm/license.h precedent): a second includer
 * would get its own silent copy, and there is one seed site, not two.
 */
/* clang-format off — `make format` REWRITES what it touches, and on a
 * generated file that means the checked-in copy and the generator's output
 * drift apart on the next --check (the hazard kernel/cm/license.h's header
 * records, here with 3600 lines of table to reflow rather than one
 * identifier). The layout below is the generator's, and it is the only
 * layout this file has. */
// clang-format off
#ifndef PROSKRNL_KERNEL_CM_TIMEZONES_H
#define PROSKRNL_KERNEL_CM_TIMEZONES_H

#include "abi/ntdef.h"
#include "abi/ntregapi.h"
#include "kernel/lib/rtl.h"

/* One value. `type` says which payload member carries it; the others are
 * zero. */
typedef struct CMP_TIMEZONE_VALUE
{
    PCWSTR name;
    ULONG type;
    PCWSTR string;
    ULONG dword;
    ULONG binaryOffset;
    ULONG binaryBytes;
} CMP_TIMEZONE_VALUE;

/* One key, and the run of values that belong to it. */
typedef struct CMP_TIMEZONE_KEY
{
    PCWSTR path;
    ULONG firstValue;
    ULONG valueCount;
} CMP_TIMEZONE_KEY;

#define CMP_TIMEZONE_KEY_COUNT 231
#define CMP_TIMEZONE_VALUE_COUNT 2576
#define CMP_TIMEZONE_BINARY_BYTES 16192

static const UCHAR CmpTimeZoneBinary[CMP_TIMEZONE_BINARY_BYTES] = {
    0xc6, 0xfd, 0xff, 0xff, 0x00, 0x00, 0x00, 0x00, 0xc4, 0xff, 0xff, 0xff, 0x00, 0x00, 0x00, 0x00, 0x00, 0x00, 0x00, 0x00, 0x00, 0x00,
    0x00, 0x00, 0x00, 0x00, 0x00, 0x00, 0x00, 0x00, 0x00, 0x00, 0x00, 0x00, 0x00, 0x00, 0x00, 0x00, 0x00, 0x00, 0x00, 0x00, 0x00, 0x00,
    0xa8, 0xfd, 0xff, 0xff, 0x00, 0x00, 0x00, 0x00, 0xc4, 0xff, 0xff, 0xff, 0x00, 0x00, 0x04, 0x00, 0x00, 0x00, 0x01, 0x00, 0x03, 0x00,
    0x00, 0x00, 0x00, 0x00, 0x00, 0x00, 0x00, 0x00, 0x0a, 0x00, 0x00, 0x00, 0x01, 0x00, 0x02, 0x00, 0x00, 0x00, 0x00, 0x00, 0x00, 0x00,
    0xa8, 0xfd, 0xff, 0xff, 0x00, 0x00, 0x00, 0x00, 0xc4, 0xff, 0xff, 0xff, 0x00, 0x00, 0x03, 0x00, 0x00, 0x00, 0x05, 0x00, 0x03, 0x00,
    0x00, 0x00, 0x00, 0x00, 0x00, 0x00, 0x00, 0x00, 0x08, 0x00, 0x00, 0x00, 0x05, 0x00, 0x02, 0x00, 0x00, 0x00, 0x00, 0x00, 0x00, 0x00,
    0xa8, 0xfd, 0xff, 0xff, 0x00, 0x00, 0x00, 0x00, 0xc4, 0xff, 0xff, 0xff, 0x00, 0x00, 0x03, 0x00, 0x00, 0x00, 0x05, 0x00, 0x03, 0x00,
    0x00, 0x00, 0x00, 0x00, 0x00, 0x00, 0x00, 0x00, 0x0a, 0x00, 0x00, 0x00, 0x05, 0x00, 0x02, 0x00, 0x00, 0x00, 0x00, 0x00, 0x00, 0x00,
    0xa8, 0xfd, 0xff, 0xff, 0x00, 0x00, 0x00, 0x00, 0xc4, 0xff, 0xff, 0xff, 0x00, 0x00, 0x04, 0x00, 0x00, 0x00, 0x01, 0x00, 0x03, 0x00,
    0x00, 0x00, 0x00, 0x00, 0x00, 0x00, 0x00, 0x00, 0x0a, 0x00, 0x00, 0x00, 0x05, 0x00, 0x02, 0x00, 0x00, 0x00, 0x00, 0x00, 0x00, 0x00,
    0xf2, 0xfe, 0xff, 0xff, 0x00, 0x00, 0x00, 0x00, 0xc4, 0xff, 0xff, 0xff, 0x00, 0x00, 0x00, 0x00, 0x00, 0x00, 0x00, 0x00, 0x00, 0x00,
    0x00, 0x00, 0x00, 0x00, 0x00, 0x00, 0x00, 0x00, 0x00, 0x00, 0x00, 0x00, 0x00, 0x00, 0x00, 0x00, 0x00, 0x00, 0x00, 0x00, 0x00, 0x00,
    0x1c, 0x02, 0x00, 0x00, 0x00, 0x00, 0x00, 0x00, 0xc4, 0xff, 0xff, 0xff, 0x00, 0x00, 0x0b, 0x00, 0x00, 0x00, 0x01, 0x00, 0x02, 0x00,
    0x00, 0x00, 0x00, 0x00, 0x00, 0x00, 0x00, 0x00, 0x03, 0x00, 0x00, 0x00, 0x02, 0x00, 0x02, 0x00, 0x00, 0x00, 0x00, 0x00, 0x00, 0x00,
    0x1c, 0x02, 0x00, 0x00, 0x00, 0x00, 0x00, 0x00, 0xc4, 0xff, 0xff, 0xff, 0x00, 0x00, 0x0a, 0x00, 0x00, 0x00, 0x05, 0x00, 0x02, 0x00,
    0x00, 0x00, 0x00, 0x00, 0x00, 0x00, 0x00, 0x00, 0x04, 0x00, 0x00, 0x00, 0x01, 0x00, 0x02, 0x00, 0x00, 0x00, 0x00, 0x00, 0x00, 0x00,
    0x58, 0x02, 0x00, 0x00, 0x00, 0x00, 0x00, 0x00, 0xc4, 0xff, 0xff, 0xff, 0x00, 0x00, 0x0b, 0x00, 0x00, 0x00, 0x01, 0x00, 0x02, 0x00,
    0x00, 0x00, 0x00, 0x00, 0x00, 0x00, 0x00, 0x00, 0x03, 0x00, 0x00, 0x00, 0x02, 0x00, 0x02, 0x00, 0x00, 0x00, 0x00, 0x00, 0x00, 0x00,
    0x58, 0x02, 0x00, 0x00, 0x00, 0x00, 0x00, 0x00, 0xc4, 0xff, 0xff, 0xff, 0x00, 0x00, 0x0a, 0x00, 0x00, 0x00, 0x05, 0x00, 0x02, 0x00,
    0x00, 0x00, 0x00, 0x00, 0x00, 0x00, 0x00, 0x00, 0x04, 0x00, 0x00, 0x00, 0x01, 0x00, 0x02, 0x00, 0x00, 0x00, 0x00, 0x00, 0x00, 0x00,
    0x5c, 0xfe, 0xff, 0xff, 0x00, 0x00, 0x00, 0x00, 0xc4, 0xff, 0xff, 0xff, 0x00, 0x00, 0x00, 0x00, 0x00, 0x00, 0x00, 0x00, 0x00, 0x00,
    0x00, 0x00, 0x00, 0x00, 0x00, 0x00, 0x00, 0x00, 0x00, 0x00, 0x00, 0x00, 0x00, 0x00, 0x00, 0x00, 0x00, 0x00, 0x00, 0x00, 0x00, 0x00,
    0x98, 0xfe, 0xff, 0xff, 0x00, 0x00, 0x00, 0x00, 0xc4, 0xff, 0xff, 0xff, 0x00, 0x00, 0x0a, 0x00, 0x00, 0x00, 0x05, 0x00, 0x03, 0x00,
    0x00, 0x00, 0x00, 0x00, 0x00, 0x00, 0x00, 0x00, 0x03, 0x00, 0x00, 0x00, 0x05, 0x00, 0x02, 0x00, 0x00, 0x00, 0x00, 0x00, 0x00, 0x00,
    0x98, 0xfe, 0xff, 0xff, 0x00, 0x00, 0x00, 0x00, 0xc4, 0xff, 0xff, 0xff, 0x00, 0x00, 0x01, 0x00, 0x06, 0x00, 0x01, 0x00, 0x00, 0x00,
    0x00, 0x00, 0x00, 0x00, 0x00, 0x00, 0x00, 0x00, 0x03, 0x00, 0x00, 0x00, 0x05, 0x00, 0x02, 0x00, 0x00, 0x00, 0x00, 0x00, 0x00, 0x00,
    0x98, 0xfe, 0xff, 0xff, 0x00, 0x00, 0x00, 0x00, 0xc4, 0xff, 0xff, 0xff, 0x00, 0x00, 0x0a, 0x00, 0x00, 0x00, 0x05, 0x00, 0x02, 0x00,
    0x00, 0x00, 0x00, 0x00, 0x00, 0x00, 0x00, 0x00, 0x01, 0x00, 0x03, 0x00, 0x01, 0x00, 0x00, 0x00, 0x00, 0x00, 0x00, 0x00, 0x00, 0x00,
    0x98, 0xfe, 0xff, 0xff, 0x00, 0x00, 0x00, 0x00, 0xc4, 0xff, 0xff, 0xff, 0x00, 0x00, 0x00, 0x00, 0x00, 0x00, 0x00, 0x00, 0x00, 0x00,
    0x00, 0x00, 0x00, 0x00, 0x00, 0x00, 0x00, 0x00, 0x00, 0x00, 0x00, 0x00, 0x00, 0x00, 0x00, 0x00, 0x00, 0x00, 0x00, 0x00, 0x00, 0x00,
    0x5c, 0xfe, 0xff, 0xff, 0x00, 0x00, 0x00, 0x00, 0x3c, 0x00, 0x00, 0x00, 0x00, 0x00, 0x03, 0x00, 0x00, 0x00, 0x05, 0x00, 0x02, 0x00,
    0x00, 0x00, 0x00, 0x00, 0x00, 0x00, 0x00, 0x00, 0x01, 0x00, 0x05, 0x00, 0x01, 0x00, 0x00, 0x00, 0x00, 0x00, 0x00, 0x00, 0x00, 0x00,
    0x4c, 0xff, 0xff, 0xff, 0x00, 0x00, 0x00, 0x00, 0xc4, 0xff, 0xff, 0xff, 0x00, 0x00, 0x00, 0x00, 0x00, 0x00, 0x00, 0x00, 0x00, 0x00,
    0x00, 0x00, 0x00, 0x00, 0x00, 0x00, 0x00, 0x00, 0x00, 0x00, 0x00, 0x00, 0x00, 0x00, 0x00, 0x00, 0x00, 0x00, 0x00, 0x00, 0x00, 0x00,
    0x10, 0xff, 0xff, 0xff, 0x00, 0x00, 0x00, 0x00, 0xc4, 0xff, 0xff, 0xff, 0x00, 0x00, 0x00, 0x00, 0x00, 0x00, 0x00, 0x00, 0x00, 0x00,
    0x00, 0x00, 0x00, 0x00, 0x00, 0x00, 0x00, 0x00, 0x00, 0x00, 0x00, 0x00, 0x00, 0x00, 0x00, 0x00, 0x00, 0x00, 0x00, 0x00, 0x00, 0x00,
    0x4c, 0xff, 0xff, 0xff, 0x00, 0x00, 0x00, 0x00, 0xc4, 0xff, 0xff, 0xff, 0x00, 0x00, 0x0a, 0x00, 0x00, 0x00, 0x01, 0x00, 0x04, 0x00,
    0x00, 0x00, 0x00, 0x00, 0x00, 0x00, 0x00, 0x00, 0x04, 0x00, 0x06, 0x00, 0x01, 0x00, 0x03, 0x00, 0x00, 0x00, 0x00, 0x00, 0x00, 0x00,
    0x4c, 0xff, 0xff, 0xff, 0x00, 0x00, 0x00, 0x00, 0xc4, 0xff, 0xff, 0xff, 0x00, 0x00, 0x0a, 0x00, 0x01, 0x00, 0x01, 0x00, 0x04, 0x00,
    0x00, 0x00, 0x00, 0x00, 0x00, 0x00, 0x00, 0x00, 0x04, 0x00, 0x00, 0x00, 0x01, 0x00, 0x03, 0x00, 0x00, 0x00, 0x00, 0x00, 0x00, 0x00,
    0x4c, 0xff, 0xff, 0xff, 0x00, 0x00, 0x00, 0x00, 0xc4, 0xff, 0xff, 0xff, 0x00, 0x00, 0x0a, 0x00, 0x02, 0x00, 0x01, 0x00, 0x04, 0x00,
    0x00, 0x00, 0x00, 0x00, 0x00, 0x00, 0x00, 0x00, 0x04, 0x00, 0x01, 0x00, 0x01, 0x00, 0x03, 0x00, 0x00, 0x00, 0x00, 0x00, 0x00, 0x00,
    0x4c, 0xff, 0xff, 0xff, 0x00, 0x00, 0x00, 0x00, 0xc4, 0xff, 0xff, 0xff, 0x00, 0x00, 0x0a, 0x00, 0x03, 0x00, 0x01, 0x00, 0x04, 0x00,
    0x00, 0x00, 0x00, 0x00, 0x00, 0x00, 0x00, 0x00, 0x04, 0x00, 0x02, 0x00, 0x01, 0x00, 0x03, 0x00, 0x00, 0x00, 0x00, 0x00, 0x00, 0x00,
    0x4c, 0xff, 0xff, 0xff, 0x00, 0x00, 0x00, 0x00, 0xc4, 0xff, 0xff, 0xff, 0x00, 0x00, 0x0a, 0x00, 0x05, 0x00, 0x01, 0x00, 0x04, 0x00,
    0x00, 0x00, 0x00, 0x00, 0x00, 0x00, 0x00, 0x00, 0x04, 0x00, 0x04, 0x00, 0x01, 0x00, 0x03, 0x00, 0x00, 0x00, 0x00, 0x00, 0x00, 0x00,
    0x4c, 0xff, 0xff, 0xff, 0x00, 0x00, 0x00, 0x00, 0xc4, 0xff, 0xff, 0xff, 0x00, 0x00, 0x0a, 0x00, 0x06, 0x00, 0x01, 0x00, 0x04, 0x00,
    0x00, 0x00, 0x00, 0x00, 0x00, 0x00, 0x00, 0x00, 0x04, 0x00, 0x05, 0x00, 0x01, 0x00, 0x03, 0x00, 0x00, 0x00, 0x00, 0x00, 0x00, 0x00,
    0xb4, 0x00, 0x00, 0x00, 0x00, 0x00, 0x00, 0x00, 0xc4, 0xff, 0xff, 0xff, 0x00, 0x00, 0x00, 0x00, 0x00, 0x00, 0x00, 0x00, 0x00, 0x00,
    0x00, 0x00, 0x00, 0x00, 0x00, 0x00, 0x00, 0x00, 0x00, 0x00, 0x00, 0x00, 0x00, 0x00, 0x00, 0x00, 0x00, 0x00, 0x00, 0x00, 0x00, 0x00,
    0xb4, 0x00, 0x00, 0x00, 0x00, 0x00, 0x00, 0x00, 0xc4, 0xff, 0xff, 0xff, 0x00, 0x00, 0x03, 0x00, 0x05, 0x00, 0x01, 0x00, 0x00, 0x00,
    0x00, 0x00, 0x00, 0x00, 0x00, 0x00, 0x00, 0x00, 0x01, 0x00, 0x06, 0x00, 0x01, 0x00, 0x00, 0x00, 0x00, 0x00, 0x00, 0x00, 0x00, 0x00,
    0xb4, 0x00, 0x00, 0x00, 0x00, 0x00, 0x00, 0x00, 0xc4, 0xff, 0xff, 0xff, 0x00, 0x00, 0x01, 0x00, 0x01, 0x00, 0x01, 0x00, 0x00, 0x00,
    0x00, 0x00, 0x00, 0x00, 0x00, 0x00, 0x00, 0x00, 0x0c, 0x00, 0x00, 0x00, 0x05, 0x00, 0x00, 0x00, 0x00, 0x00, 0x00, 0x00, 0x00, 0x00,
    0xb4, 0x00, 0x00, 0x00, 0x00, 0x00, 0x00, 0x00, 0xc4, 0xff, 0xff, 0xff, 0x00, 0x00, 0x03, 0x00, 0x00, 0x00, 0x03, 0x00, 0x00, 0x00,
    0x00, 0x00, 0x00, 0x00, 0x00, 0x00, 0x00, 0x00, 0x0a, 0x00, 0x00, 0x00, 0x03, 0x00, 0x00, 0x00, 0x00, 0x00, 0x00, 0x00, 0x00, 0x00,
    0xb4, 0x00, 0x00, 0x00, 0x00, 0x00, 0x00, 0x00, 0xc4, 0xff, 0xff, 0xff, 0x00, 0x00, 0x03, 0x00, 0x00, 0x00, 0x03, 0x00, 0x00, 0x00,
    0x00, 0x00, 0x00, 0x00, 0x00, 0x00, 0x00, 0x00, 0x01, 0x00, 0x04, 0x00, 0x01, 0x00, 0x00, 0x00, 0x00, 0x00, 0x00, 0x00, 0x00, 0x00,
    0x4c, 0xff, 0xff, 0xff, 0x00, 0x00, 0x00, 0x00, 0xc4, 0xff, 0xff, 0xff, 0x00, 0x00, 0x0a, 0x00, 0x00, 0x00, 0x05, 0x00, 0x03, 0x00,
    0x00, 0x00, 0x00, 0x00, 0x00, 0x00, 0x00, 0x00, 0x03, 0x00, 0x00, 0x00, 0x05, 0x00, 0x02, 0x00, 0x00, 0x00, 0x00, 0x00, 0x00, 0x00,
    0x4c, 0xff, 0xff, 0xff, 0x00, 0x00, 0x00, 0x00, 0xc4, 0xff, 0xff, 0xff, 0x00, 0x00, 0x01, 0x00, 0x06, 0x00, 0x01, 0x00, 0x00, 0x00,
    0x00, 0x00, 0x00, 0x00, 0x00, 0x00, 0x00, 0x00, 0x03, 0x00, 0x00, 0x00, 0x05, 0x00, 0x02, 0x00, 0x00, 0x00, 0x00, 0x00, 0x00, 0x00,
    0x4c, 0xff, 0xff, 0xff, 0x00, 0x00, 0x00, 0x00, 0xc4, 0xff, 0xff, 0xff, 0x00, 0x00, 0x0a, 0x00, 0x00, 0x00, 0x05, 0x00, 0x02, 0x00,
    0x00, 0x00, 0x00, 0x00, 0x00, 0x00, 0x00, 0x00, 0x01, 0x00, 0x03, 0x00, 0x01, 0x00, 0x00, 0x00, 0x00, 0x00, 0x00, 0x00, 0x00, 0x00,
    0x10, 0xff, 0xff, 0xff, 0x00, 0x00, 0x00, 0x00, 0x3c, 0x00, 0x00, 0x00, 0x00, 0x00, 0x03, 0x00, 0x00, 0x00, 0x05, 0x00, 0x02, 0x00,
    0x00, 0x00, 0x00, 0x00, 0x00, 0x00, 0x00, 0x00, 0x01, 0x00, 0x05, 0x00, 0x01, 0x00, 0x00, 0x00, 0x00, 0x00, 0x00, 0x00, 0x00, 0x00,
    0xf0, 0x00, 0x00, 0x00, 0x00, 0x00, 0x00, 0x00, 0xc4, 0xff, 0xff, 0xff, 0x00, 0x00, 0x0b, 0x00, 0x00, 0x00, 0x01, 0x00, 0x02, 0x00,
    0x00, 0x00, 0x00, 0x00, 0x00, 0x00, 0x00, 0x00, 0x03, 0x00, 0x00, 0x00, 0x02, 0x00, 0x02, 0x00, 0x00, 0x00, 0x00, 0x00, 0x00, 0x00,
    0xf0, 0x00, 0x00, 0x00, 0x00, 0x00, 0x00, 0x00, 0xc4, 0xff, 0xff, 0xff, 0x00, 0x00, 0x0a, 0x00, 0x00, 0x00, 0x05, 0x00, 0x02, 0x00,
    0x00, 0x00, 0x00, 0x00, 0x00, 0x00, 0x00, 0x00, 0x04, 0x00, 0x00, 0x00, 0x01, 0x00, 0x02, 0x00, 0x00, 0x00, 0x00, 0x00, 0x00, 0x00,
    0xf3, 0xfd, 0xff, 0xff, 0x00, 0x00, 0x00, 0x00, 0xc4, 0xff, 0xff, 0xff, 0x00, 0x00, 0x00, 0x00, 0x00, 0x00, 0x00, 0x00, 0x00, 0x00,
    0x00, 0x00, 0x00, 0x00, 0x00, 0x00, 0x00, 0x00, 0x00, 0x00, 0x00, 0x00, 0x00, 0x00, 0x00, 0x00, 0x00, 0x00, 0x00, 0x00, 0x00, 0x00,
    0xf3, 0xfd, 0xff, 0xff, 0x00, 0x00, 0x00, 0x00, 0xc4, 0xff, 0xff, 0xff, 0x00, 0x00, 0x01, 0x00, 0x00, 0x00, 0x01, 0x00, 0x00, 0x00,
    0x00, 0x00, 0x00, 0x00, 0x00, 0x00, 0x00, 0x00, 0x0c, 0x00, 0x00, 0x00, 0x01, 0x00, 0x02, 0x00, 0x00, 0x00, 0x00, 0x00, 0x00, 0x00,
    0xf3, 0xfd, 0xff, 0xff, 0x00, 0x00, 0x00, 0x00, 0xc4, 0xff, 0xff, 0xff, 0x00, 0x00, 0x03, 0x00, 0x00, 0x00, 0x05, 0x00, 0x03, 0x00,
    0x00, 0x00, 0x00, 0x00, 0x00, 0x00, 0x00, 0x00, 0x0a, 0x00, 0x00, 0x00, 0x05, 0x00, 0x02, 0x00, 0x00, 0x00, 0x00, 0x00, 0x00, 0x00,
    0xf3, 0xfd, 0xff, 0xff, 0x00, 0x00, 0x00, 0x00, 0xc4, 0xff, 0xff, 0xff, 0x00, 0x00, 0x03, 0x00, 0x00, 0x00, 0x05, 0x00, 0x03, 0x00,
    0x00, 0x00, 0x00, 0x00, 0x00, 0x00, 0x00, 0x00, 0x01, 0x00, 0x04, 0x00, 0x01, 0x00, 0x00, 0x00, 0x00, 0x00, 0x00, 0x00, 0x00, 0x00,
    0x10, 0xff, 0xff, 0xff, 0x00, 0x00, 0x00, 0x00, 0xc4, 0xff, 0xff, 0xff, 0x00, 0x00, 0x0a, 0x00, 0x00, 0x00, 0x05, 0x00, 0x05, 0x00,
    0x00, 0x00, 0x00, 0x00, 0x00, 0x00, 0x00, 0x00, 0x03, 0x00, 0x00, 0x00, 0x05, 0x00, 0x04, 0x00, 0x00, 0x00, 0x00, 0x00, 0x00, 0x00,
    0x3c, 0x00, 0x00, 0x00, 0x00, 0x00, 0x00, 0x00, 0xc4, 0xff, 0xff, 0xff, 0x00, 0x00, 0x0a, 0x00, 0x00, 0x00, 0x05, 0x00, 0x01, 0x00,
    0x00, 0x00, 0x00, 0x00, 0x00, 0x00, 0x00, 0x00, 0x03, 0x00, 0x00, 0x00, 0x05, 0x00, 0x00, 0x00, 0x00, 0x00, 0x00, 0x00, 0x00, 0x00,
    0xb4, 0x00, 0x00, 0x00, 0x00, 0x00, 0x00, 0x00, 0xc4, 0xff, 0xff, 0xff, 0x00, 0x00, 0x02, 0x00, 0x00, 0x00, 0x05, 0x00, 0x00, 0x00,
    0x00, 0x00, 0x00, 0x00, 0x00, 0x00, 0x00, 0x00, 0x0a, 0x00, 0x00, 0x00, 0x02, 0x00, 0x00, 0x00, 0x00, 0x00, 0x00, 0x00, 0x00, 0x00,
    0xb4, 0x00, 0x00, 0x00, 0x00, 0x00, 0x00, 0x00, 0xc4, 0xff, 0xff, 0xff, 0x00, 0x00, 0x02, 0x00, 0x00, 0x00, 0x03, 0x00, 0x00, 0x00,
    0x00, 0x00, 0x00, 0x00, 0x00, 0x00, 0x00, 0x00, 0x0a, 0x00, 0x00, 0x00, 0x02, 0x00, 0x00, 0x00, 0x00, 0x00, 0x00, 0x00, 0x00, 0x00,
    0xb4, 0x00, 0x00, 0x00, 0x00, 0x00, 0x00, 0x00, 0xc4, 0xff, 0xff, 0xff, 0x00, 0x00, 0x02, 0x00, 0x00, 0x00, 0x03, 0x00, 0x00, 0x00,
    0x00, 0x00, 0x00, 0x00, 0x00, 0x00, 0x00, 0x00, 0x0b, 0x00, 0x00, 0x00, 0x01, 0x00, 0x00, 0x00, 0x00, 0x00, 0x00, 0x00, 0x00, 0x00,
    0xb4, 0x00, 0x00, 0x00, 0x00, 0x00, 0x00, 0x00, 0xc4, 0xff, 0xff, 0xff, 0x00, 0x00, 0x02, 0x00, 0x00, 0x00, 0x03, 0x00, 0x00, 0x00,
    0x00, 0x00, 0x00, 0x00, 0x00, 0x00, 0x00, 0x00, 0x01, 0x00, 0x03, 0x00, 0x01, 0x00, 0x00, 0x00, 0x00, 0x00, 0x00, 0x00, 0x00, 0x00,
    0xb4, 0x00, 0x00, 0x00, 0x00, 0x00, 0x00, 0x00, 0xc4, 0xff, 0xff, 0xff, 0x00, 0x00, 0x01, 0x00, 0x06, 0x00, 0x01, 0x00, 0x00, 0x00,
    0x00, 0x00, 0x00, 0x00, 0x00, 0x00, 0x00, 0x00, 0x0a, 0x00, 0x00, 0x00, 0x03, 0x00, 0x00, 0x00, 0x00, 0x00, 0x00, 0x00, 0x00, 0x00,
    0xb4, 0x00, 0x00, 0x00, 0x00, 0x00, 0x00, 0x00, 0xc4, 0xff, 0xff, 0xff, 0x00, 0x00, 0x02, 0x00, 0x00, 0x00, 0x04, 0x00, 0x00, 0x00,
    0x00, 0x00, 0x00, 0x00, 0x00, 0x00, 0x00, 0x00, 0x01, 0x00, 0x00, 0x00, 0x01, 0x00, 0x00, 0x00, 0x00, 0x00, 0x00, 0x00, 0x00, 0x00,
    0x98, 0xfe, 0xff, 0xff, 0x00, 0x00, 0x00, 0x00, 0xc4, 0xff, 0xff, 0xff, 0x00, 0x00, 0x0c, 0x00, 0x04, 0x00, 0x05, 0x00, 0x17, 0x00,
    0x3b, 0x00, 0x3b, 0x00, 0xe7, 0x03, 0x00, 0x00, 0x06, 0x00, 0x05, 0x00, 0x03, 0x00, 0x17, 0x00, 0x00, 0x00, 0x00, 0x00, 0x00, 0x00,
    0x88, 0xff, 0xff, 0xff, 0x00, 0x00, 0x00, 0x00, 0xc4, 0xff, 0xff, 0xff, 0x00, 0x00, 0x0a, 0x00, 0x00, 0x00, 0x05, 0x00, 0x03, 0x00,
    0x00, 0x00, 0x00, 0x00, 0x00, 0x00, 0x00, 0x00, 0x03, 0x00, 0x00, 0x00, 0x05, 0x00, 0x02, 0x00, 0x00, 0x00, 0x00, 0x00, 0x00, 0x00,
    0x88, 0xff, 0xff, 0xff, 0x00, 0x00, 0x00, 0x00, 0xc4, 0xff, 0xff, 0xff, 0x00, 0x00, 0x01, 0x00, 0x06, 0x00, 0x01, 0x00, 0x00, 0x00,
    0x00, 0x00, 0x00, 0x00, 0x00, 0x00, 0x00, 0x00, 0x03, 0x00, 0x00, 0x00, 0x05, 0x00, 0x02, 0x00, 0x00, 0x00, 0x00, 0x00, 0x00, 0x00,
    0x6c, 0xfd, 0xff, 0xff, 0x00, 0x00, 0x00, 0x00, 0xc4, 0xff, 0xff, 0xff, 0x00, 0x00, 0x00, 0x00, 0x00, 0x00, 0x00, 0x00, 0x00, 0x00,
    0x00, 0x00, 0x00, 0x00, 0x00, 0x00, 0x00, 0x00, 0x00, 0x00, 0x00, 0x00, 0x00, 0x00, 0x00, 0x00, 0x00, 0x00, 0x00, 0x00, 0x00, 0x00,
    0xa8, 0xfd, 0xff, 0xff, 0x00, 0x00, 0x00, 0x00, 0xc4, 0xff, 0xff, 0xff, 0x00, 0x00, 0x00, 0x00, 0x00, 0x00, 0x00, 0x00, 0x00, 0x00,
    0x00, 0x00, 0x00, 0x00, 0x00, 0x00, 0x00, 0x00, 0x00, 0x00, 0x00, 0x00, 0x00, 0x00, 0x00, 0x00, 0x00, 0x00, 0x00, 0x00, 0x00, 0x00,
    0xa8, 0xfd, 0xff, 0xff, 0x00, 0x00, 0x00, 0x00, 0xc4, 0xff, 0xff, 0xff, 0x00, 0x00, 0x01, 0x00, 0x03, 0x00, 0x01, 0x00, 0x00, 0x00,
    0x00, 0x00, 0x00, 0x00, 0x00, 0x00, 0x00, 0x00, 0x0c, 0x00, 0x00, 0x00, 0x05, 0x00, 0x02, 0x00, 0x00, 0x00, 0x00, 0x00, 0x00, 0x00,
    0x68, 0x01, 0x00, 0x00, 0x00, 0x00, 0x00, 0x00, 0xc4, 0xff, 0xff, 0xff, 0x00, 0x00, 0x00, 0x00, 0x00, 0x00, 0x00, 0x00, 0x00, 0x00,
    0x00, 0x00, 0x00, 0x00, 0x00, 0x00, 0x00, 0x00, 0x00, 0x00, 0x00, 0x00, 0x00, 0x00, 0x00, 0x00, 0x00, 0x00, 0x00, 0x00, 0x00, 0x00,
    0x3c, 0x00, 0x00, 0x00, 0x00, 0x00, 0x00, 0x00, 0xc4, 0xff, 0xff, 0xff, 0x00, 0x00, 0x00, 0x00, 0x00, 0x00, 0x00, 0x00, 0x00, 0x00,
    0x00, 0x00, 0x00, 0x00, 0x00, 0x00, 0x00, 0x00, 0x00, 0x00, 0x00, 0x00, 0x00, 0x00, 0x00, 0x00, 0x00, 0x00, 0x00, 0x00, 0x00, 0x00,
    0x10, 0xff, 0xff, 0xff, 0x00, 0x00, 0x00, 0x00, 0xc4, 0xff, 0xff, 0xff, 0x00, 0x00, 0x0a, 0x00, 0x00, 0x00, 0x05, 0x00, 0x03, 0x00,
    0x00, 0x00, 0x00, 0x00, 0x00, 0x00, 0x00, 0x00, 0x03, 0x00, 0x00, 0x00, 0x05, 0x00, 0x02, 0x00, 0x00, 0x00, 0x00, 0x00, 0x00, 0x00,
    0xc6, 0xfd, 0xff, 0xff, 0x00, 0x00, 0x00, 0x00, 0xc4, 0xff, 0xff, 0xff, 0x00, 0x00, 0x04, 0x00, 0x00, 0x00, 0x01, 0x00, 0x03, 0x00,
    0x00, 0x00, 0x00, 0x00, 0x00, 0x00, 0x00, 0x00, 0x0a, 0x00, 0x00, 0x00, 0x01, 0x00, 0x02, 0x00, 0x00, 0x00, 0x00, 0x00, 0x00, 0x00,
    0xc6, 0xfd, 0xff, 0xff, 0x00, 0x00, 0x00, 0x00, 0xc4, 0xff, 0xff, 0xff, 0x00, 0x00, 0x03, 0x00, 0x00, 0x00, 0x05, 0x00, 0x03, 0x00,
    0x00, 0x00, 0x00, 0x00, 0x00, 0x00, 0x00, 0x00, 0x0a, 0x00, 0x00, 0x00, 0x05, 0x00, 0x02, 0x00, 0x00, 0x00, 0x00, 0x00, 0x00, 0x00,
    0xc6, 0xfd, 0xff, 0xff, 0x00, 0x00, 0x00, 0x00, 0xc4, 0xff, 0xff, 0xff, 0x00, 0x00, 0x04, 0x00, 0x00, 0x00, 0x01, 0x00, 0x03, 0x00,
    0x00, 0x00, 0x00, 0x00, 0x00, 0x00, 0x00, 0x00, 0x0a, 0x00, 0x00, 0x00, 0x05, 0x00, 0x02, 0x00, 0x00, 0x00, 0x00, 0x00, 0x00, 0x00,
    0x68, 0x01, 0x00, 0x00, 0x00, 0x00, 0x00, 0x00, 0xc4, 0xff, 0xff, 0xff, 0x00, 0x00, 0x0a, 0x00, 0x00, 0x00, 0x01, 0x00, 0x00, 0x00,
    0x00, 0x00, 0x00, 0x00, 0x00, 0x00, 0x00, 0x00, 0x04, 0x00, 0x00, 0x00, 0x05, 0x00, 0x00, 0x00, 0x00, 0x00, 0x00, 0x00, 0x00, 0x00,
    0xd4, 0xfe, 0xff, 0xff, 0x00, 0x00, 0x00, 0x00, 0xc4, 0xff, 0xff, 0xff, 0x00, 0x00, 0x0a, 0x00, 0x00, 0x00, 0x05, 0x00, 0x02, 0x00,
    0x1e, 0x00, 0x00, 0x00, 0x00, 0x00, 0x00, 0x00, 0x03, 0x00, 0x00, 0x00, 0x05, 0x00, 0x02, 0x00, 0x1e, 0x00, 0x00, 0x00, 0x00, 0x00,
    0xd4, 0xfe, 0xff, 0xff, 0x00, 0x00, 0x00, 0x00, 0xc4, 0xff, 0xff, 0xff, 0x00, 0x00, 0x01, 0x00, 0x06, 0x00, 0x01, 0x00, 0x00, 0x00,
    0x00, 0x00, 0x00, 0x00, 0x00, 0x00, 0x00, 0x00, 0x03, 0x00, 0x00, 0x00, 0x05, 0x00, 0x02, 0x00, 0x1e, 0x00, 0x00, 0x00, 0x00, 0x00,
    0xf0, 0x00, 0x00, 0x00, 0x00, 0x00, 0x00, 0x00, 0xc4, 0xff, 0xff, 0xff, 0x00, 0x00, 0x00, 0x00, 0x00, 0x00, 0x00, 0x00, 0x00, 0x00,
    0x00, 0x00, 0x00, 0x00, 0x00, 0x00, 0x00, 0x00, 0x00, 0x00, 0x00, 0x00, 0x00, 0x00, 0x00, 0x00, 0x00, 0x00, 0x00, 0x00, 0x00, 0x00,
    0xf0, 0x00, 0x00, 0x00, 0x00, 0x00, 0x00, 0x00, 0xc4, 0xff, 0xff, 0xff, 0x00, 0x00, 0x02, 0x00, 0x00, 0x00, 0x05, 0x00, 0x00, 0x00,
    0x00, 0x00, 0x00, 0x00, 0x00, 0x00, 0x00, 0x00, 0x0a, 0x00, 0x00, 0x00, 0x02, 0x00, 0x00, 0x00, 0x00, 0x00, 0x00, 0x00, 0x00, 0x00,
    0xf0, 0x00, 0x00, 0x00, 0x00, 0x00, 0x00, 0x00, 0xc4, 0xff, 0xff, 0xff, 0x00, 0x00, 0x02, 0x00, 0x00, 0x00, 0x03, 0x00, 0x00, 0x00,
    0x00, 0x00, 0x00, 0x00, 0x00, 0x00, 0x00, 0x00, 0x0a, 0x00, 0x00, 0x00, 0x02, 0x00, 0x00, 0x00, 0x00, 0x00, 0x00, 0x00, 0x00, 0x00,
    0xf0, 0x00, 0x00, 0x00, 0x00, 0x00, 0x00, 0x00, 0xc4, 0xff, 0xff, 0xff, 0x00, 0x00, 0x02, 0x00, 0x00, 0x00, 0x03, 0x00, 0x00, 0x00,
    0x00, 0x00, 0x00, 0x00, 0x00, 0x00, 0x00, 0x00, 0x0b, 0x00, 0x00, 0x00, 0x01, 0x00, 0x00, 0x00, 0x00, 0x00, 0x00, 0x00, 0x00, 0x00,
    0xf0, 0x00, 0x00, 0x00, 0x00, 0x00, 0x00, 0x00, 0xc4, 0xff, 0xff, 0xff, 0x00, 0x00, 0x02, 0x00, 0x00, 0x00, 0x03, 0x00, 0x00, 0x00,
    0x00, 0x00, 0x00, 0x00, 0x00, 0x00, 0x00, 0x00, 0x01, 0x00, 0x03, 0x00, 0x01, 0x00, 0x00, 0x00, 0x00, 0x00, 0x00, 0x00, 0x00, 0x00,
    0xf0, 0x00, 0x00, 0x00, 0x00, 0x00, 0x00, 0x00, 0xc4, 0xff, 0xff, 0xff, 0x00, 0x00, 0x01, 0x00, 0x04, 0x00, 0x01, 0x00, 0x00, 0x00,
    0x00, 0x00, 0x00, 0x00, 0x00, 0x00, 0x00, 0x00, 0x0b, 0x00, 0x02, 0x00, 0x01, 0x00, 0x00, 0x00, 0x00, 0x00, 0x00, 0x00, 0x00, 0x00,
    0xf0, 0x00, 0x00, 0x00, 0x00, 0x00, 0x00, 0x00, 0xc4, 0xff, 0xff, 0xff, 0x00, 0x00, 0x02, 0x00, 0x00, 0x00, 0x03, 0x00, 0x00, 0x00,
    0x00, 0x00, 0x00, 0x00, 0x00, 0x00, 0x00, 0x00, 0x0a, 0x00, 0x00, 0x00, 0x03, 0x00, 0x00, 0x00, 0x00, 0x00, 0x00, 0x00, 0x00, 0x00,
    0xf0, 0x00, 0x00, 0x00, 0x00, 0x00, 0x00, 0x00, 0xc4, 0xff, 0xff, 0xff, 0x00, 0x00, 0x02, 0x00, 0x00, 0x00, 0x04, 0x00, 0x00, 0x00,
    0x00, 0x00, 0x00, 0x00, 0x00, 0x00, 0x00, 0x00, 0x0a, 0x00, 0x00, 0x00, 0x03, 0x00, 0x00, 0x00, 0x00, 0x00, 0x00, 0x00, 0x00, 0x00,
    0xf0, 0x00, 0x00, 0x00, 0x00, 0x00, 0x00, 0x00, 0xc4, 0xff, 0xff, 0xff, 0x00, 0x00, 0x02, 0x00, 0x00, 0x00, 0x03, 0x00, 0x00, 0x00,
    0x00, 0x00, 0x00, 0x00, 0x00, 0x00, 0x00, 0x00, 0x01, 0x00, 0x02, 0x00, 0x01, 0x00, 0x00, 0x00, 0x00, 0x00, 0x00, 0x00, 0x00, 0x00,
    0xc4, 0xff, 0xff, 0xff, 0x00, 0x00, 0x00, 0x00, 0xc4, 0xff, 0xff, 0xff, 0x00, 0x00, 0x0a, 0x00, 0x00, 0x00, 0x05, 0x00, 0x03, 0x00,
    0x00, 0x00, 0x00, 0x00, 0x00, 0x00, 0x00, 0x00, 0x03, 0x00, 0x00, 0x00, 0x05, 0x00, 0x02, 0x00, 0x00, 0x00, 0x00, 0x00, 0x00, 0x00,
    0x68, 0x01, 0x00, 0x00, 0x00, 0x00, 0x00, 0x00, 0xc4, 0xff, 0xff, 0xff, 0x00, 0x00, 0x0b, 0x00, 0x00, 0x00, 0x01, 0x00, 0x02, 0x00,
    0x00, 0x00, 0x00, 0x00, 0x00, 0x00, 0x00, 0x00, 0x03, 0x00, 0x00, 0x00, 0x02, 0x00, 0x02, 0x00, 0x00, 0x00, 0x00, 0x00, 0x00, 0x00,
    0x68, 0x01, 0x00, 0x00, 0x00, 0x00, 0x00, 0x00, 0xc4, 0xff, 0xff, 0xff, 0x00, 0x00, 0x0a, 0x00, 0x00, 0x00, 0x05, 0x00, 0x02, 0x00,
    0x00, 0x00, 0x00, 0x00, 0x00, 0x00, 0x00, 0x00, 0x04, 0x00, 0x00, 0x00, 0x01, 0x00, 0x02, 0x00, 0x00, 0x00, 0x00, 0x00, 0x00, 0x00,
    0x68, 0x01, 0x00, 0x00, 0x00, 0x00, 0x00, 0x00, 0xc4, 0xff, 0xff, 0xff, 0x00, 0x00, 0x09, 0x00, 0x00, 0x00, 0x05, 0x00, 0x02, 0x00,
    0x00, 0x00, 0x00, 0x00, 0x00, 0x00, 0x00, 0x00, 0x05, 0x00, 0x00, 0x00, 0x01, 0x00, 0x02, 0x00, 0x00, 0x00, 0x00, 0x00, 0x00, 0x00,
    0x03, 0xfd, 0xff, 0xff, 0x00, 0x00, 0x00, 0x00, 0xc4, 0xff, 0xff, 0xff, 0x00, 0x00, 0x04, 0x00, 0x00, 0x00, 0x01, 0x00, 0x03, 0x00,
    0x2d, 0x00, 0x00, 0x00, 0x00, 0x00, 0x00, 0x00, 0x09, 0x00, 0x00, 0x00, 0x05, 0x00, 0x02, 0x00, 0x2d, 0x00, 0x00, 0x00, 0x00, 0x00,
    0x03, 0xfd, 0xff, 0xff, 0x00, 0x00, 0x00, 0x00, 0xc4, 0xff, 0xff, 0xff, 0x00, 0x00, 0x03, 0x00, 0x00, 0x00, 0x03, 0x00, 0x03, 0x00,
    0x2d, 0x00, 0x00, 0x00, 0x00, 0x00, 0x00, 0x00, 0x0a, 0x00, 0x00, 0x00, 0x01, 0x00, 0x02, 0x00, 0x2d, 0x00, 0x00, 0x00, 0x00, 0x00,
    0x03, 0xfd, 0xff, 0xff, 0x00, 0x00, 0x00, 0x00, 0xc4, 0xff, 0xff, 0xff, 0x00, 0x00, 0x03, 0x00, 0x00, 0x00, 0x03, 0x00, 0x03, 0x00,
    0x2d, 0x00, 0x00, 0x00, 0x00, 0x00, 0x00, 0x00, 0x09, 0x00, 0x00, 0x00, 0x05, 0x00, 0x02, 0x00, 0x2d, 0x00, 0x00, 0x00, 0x00, 0x00,
    0x20, 0xfe, 0xff, 0xff, 0x00, 0x00, 0x00, 0x00, 0xc4, 0xff, 0xff, 0xff, 0x00, 0x00, 0x00, 0x00, 0x00, 0x00, 0x00, 0x00, 0x00, 0x00,
    0x00, 0x00, 0x00, 0x00, 0x00, 0x00, 0x00, 0x00, 0x00, 0x00, 0x00, 0x00, 0x00, 0x00, 0x00, 0x00, 0x00, 0x00, 0x00, 0x00, 0x00, 0x00,
    0x2c, 0x01, 0x00, 0x00, 0x00, 0x00, 0x00, 0x00, 0xc4, 0xff, 0xff, 0xff, 0x00, 0x00, 0x0b, 0x00, 0x00, 0x00, 0x01, 0x00, 0x01, 0x00,
    0x00, 0x00, 0x00, 0x00, 0x00, 0x00, 0x00, 0x00, 0x03, 0x00, 0x00, 0x00, 0x02, 0x00, 0x00, 0x00, 0x00, 0x00, 0x00, 0x00, 0x00, 0x00,
    0x2c, 0x01, 0x00, 0x00, 0x00, 0x00, 0x00, 0x00, 0xc4, 0xff, 0xff, 0xff, 0x00, 0x00, 0x0a, 0x00, 0x00, 0x00, 0x05, 0x00, 0x01, 0x00,
    0x00, 0x00, 0x00, 0x00, 0x00, 0x00, 0x00, 0x00, 0x04, 0x00, 0x00, 0x00, 0x01, 0x00, 0x00, 0x00, 0x00, 0x00, 0x00, 0x00, 0x00, 0x00,
    0x2c, 0x01, 0x00, 0x00, 0x00, 0x00, 0x00, 0x00, 0xc4, 0xff, 0xff, 0xff, 0x00, 0x00, 0x01, 0x00, 0x04, 0x00, 0x01, 0x00, 0x00, 0x00,
    0x00, 0x00, 0x00, 0x00, 0x00, 0x00, 0x00, 0x00, 0x03, 0x00, 0x00, 0x00, 0x05, 0x00, 0x00, 0x00, 0x00, 0x00, 0x00, 0x00, 0x00, 0x00,
    0x2c, 0x01, 0x00, 0x00, 0x00, 0x00, 0x00, 0x00, 0xc4, 0xff, 0xff, 0xff, 0x00, 0x00, 0x0a, 0x00, 0x00, 0x00, 0x05, 0x00, 0x01, 0x00,
    0x00, 0x00, 0x00, 0x00, 0x00, 0x00, 0x00, 0x00, 0x01, 0x00, 0x00, 0x00, 0x01, 0x00, 0x00, 0x00, 0x00, 0x00, 0x00, 0x00, 0x00, 0x00,
    0x2c, 0x01, 0x00, 0x00, 0x00, 0x00, 0x00, 0x00, 0xc4, 0xff, 0xff, 0xff, 0x00, 0x00, 0x0a, 0x00, 0x00, 0x00, 0x05, 0x00, 0x01, 0x00,
    0x00, 0x00, 0x00, 0x00, 0x00, 0x00, 0x00, 0x00, 0x03, 0x00, 0x00, 0x00, 0x02, 0x00, 0x00, 0x00, 0x00, 0x00, 0x00, 0x00, 0x00, 0x00,
    0x2c, 0x01, 0x00, 0x00, 0x00, 0x00, 0x00, 0x00, 0xc4, 0xff, 0xff, 0xff, 0x00, 0x00, 0x0a, 0x00, 0x00, 0x00, 0x05, 0x00, 0x01, 0x00,
    0x00, 0x00, 0x00, 0x00, 0x00, 0x00, 0x00, 0x00, 0x03, 0x00, 0x00, 0x00, 0x03, 0x00, 0x00, 0x00, 0x00, 0x00, 0x00, 0x00, 0x00, 0x00,
    0x2c, 0x01, 0x00, 0x00, 0x00, 0x00, 0x00, 0x00, 0xc4, 0xff, 0xff, 0xff, 0x00, 0x00, 0x0b, 0x00, 0x00, 0x00, 0x02, 0x00, 0x01, 0x00,
    0x00, 0x00, 0x00, 0x00, 0x00, 0x00, 0x00, 0x00, 0x03, 0x00, 0x00, 0x00, 0x03, 0x00, 0x00, 0x00, 0x00, 0x00, 0x00, 0x00, 0x00, 0x00,
    0x2c, 0x01, 0x00, 0x00, 0x00, 0x00, 0x00, 0x00, 0xc4, 0xff, 0xff, 0xff, 0x00, 0x00, 0x0b, 0x00, 0x00, 0x00, 0x01, 0x00, 0x01, 0x00,
    0x00, 0x00, 0x00, 0x00, 0x00, 0x00, 0x00, 0x00, 0x04, 0x00, 0x00, 0x00, 0x01, 0x00, 0x00, 0x00, 0x00, 0x00, 0x00, 0x00, 0x00, 0x00,
    0xd0, 0x02, 0x00, 0x00, 0x00, 0x00, 0x00, 0x00, 0xc4, 0xff, 0xff, 0xff, 0x00, 0x00, 0x00, 0x00, 0x00, 0x00, 0x00, 0x00, 0x00, 0x00,
    0x00, 0x00, 0x00, 0x00, 0x00, 0x00, 0x00, 0x00, 0x00, 0x00, 0x00, 0x00, 0x00, 0x00, 0x00, 0x00, 0x00, 0x00, 0x00, 0x00, 0x00, 0x00,
    0x88, 0xff, 0xff, 0xff, 0x00, 0x00, 0x00, 0x00, 0xc4, 0xff, 0xff, 0xff, 0x00, 0x00, 0x0a, 0x00, 0x00, 0x00, 0x05, 0x00, 0x04, 0x00,
    0x00, 0x00, 0x00, 0x00, 0x00, 0x00, 0x00, 0x00, 0x03, 0x00, 0x00, 0x00, 0x05, 0x00, 0x03, 0x00, 0x00, 0x00, 0x00, 0x00, 0x00, 0x00,
    0xb4, 0x00, 0x00, 0x00, 0x00, 0x00, 0x00, 0x00, 0xc4, 0xff, 0xff, 0xff, 0x00, 0x00, 0x02, 0x00, 0x00, 0x00, 0x03, 0x00, 0x00, 0x00,
    0x00, 0x00, 0x00, 0x00, 0x00, 0x00, 0x00, 0x00, 0x0a, 0x00, 0x00, 0x00, 0x03, 0x00, 0x00, 0x00, 0x00, 0x00, 0x00, 0x00, 0x00, 0x00,
    0xb4, 0x00, 0x00, 0x00, 0x00, 0x00, 0x00, 0x00, 0xc4, 0xff, 0xff, 0xff, 0x00, 0x00, 0x02, 0x00, 0x00, 0x00, 0x03, 0x00, 0x00, 0x00,
    0x00, 0x00, 0x00, 0x00, 0x00, 0x00, 0x00, 0x00, 0x0b, 0x00, 0x02, 0x00, 0x01, 0x00, 0x00, 0x00, 0x00, 0x00, 0x00, 0x00, 0x00, 0x00,
    0xb4, 0x00, 0x00, 0x00, 0x00, 0x00, 0x00, 0x00, 0xc4, 0xff, 0xff, 0xff, 0x00, 0x00, 0x02, 0x00, 0x00, 0x00, 0x04, 0x00, 0x00, 0x00,
    0x00, 0x00, 0x00, 0x00, 0x00, 0x00, 0x00, 0x00, 0x0a, 0x00, 0x00, 0x00, 0x03, 0x00, 0x00, 0x00, 0x00, 0x00, 0x00, 0x00, 0x00, 0x00,
    0xb4, 0x00, 0x00, 0x00, 0x00, 0x00, 0x00, 0x00, 0xc4, 0xff, 0xff, 0xff, 0x00, 0x00, 0x02, 0x00, 0x00, 0x00, 0x03, 0x00, 0x00, 0x00,
    0x00, 0x00, 0x00, 0x00, 0x00, 0x00, 0x00, 0x00, 0x01, 0x00, 0x02, 0x00, 0x01, 0x00, 0x00, 0x00, 0x00, 0x00, 0x00, 0x00, 0x00, 0x00,
    0x68, 0x01, 0x00, 0x00, 0x00, 0x00, 0x00, 0x00, 0xc4, 0xff, 0xff, 0xff, 0x00, 0x00, 0x04, 0x00, 0x06, 0x00, 0x01, 0x00, 0x16, 0x00,
    0x00, 0x00, 0x00, 0x00, 0x00, 0x00, 0x00, 0x00, 0x09, 0x00, 0x06, 0x00, 0x01, 0x00, 0x16, 0x00, 0x00, 0x00, 0x00, 0x00, 0x00, 0x00,
    0x68, 0x01, 0x00, 0x00, 0x00, 0x00, 0x00, 0x00, 0xc4, 0xff, 0xff, 0xff, 0x00, 0x00, 0x03, 0x00, 0x06, 0x00, 0x02, 0x00, 0x16, 0x00,
    0x00, 0x00, 0x00, 0x00, 0x00, 0x00, 0x00, 0x00, 0x0a, 0x00, 0x06, 0x00, 0x02, 0x00, 0x16, 0x00, 0x00, 0x00, 0x00, 0x00, 0x00, 0x00,
    0x68, 0x01, 0x00, 0x00, 0x00, 0x00, 0x00, 0x00, 0xc4, 0xff, 0xff, 0xff, 0x00, 0x00, 0x03, 0x00, 0x06, 0x00, 0x05, 0x00, 0x16, 0x00,
    0x00, 0x00, 0x00, 0x00, 0x00, 0x00, 0x00, 0x00, 0x0a, 0x00, 0x06, 0x00, 0x02, 0x00, 0x16, 0x00, 0x00, 0x00, 0x00, 0x00, 0x00, 0x00,
    0x68, 0x01, 0x00, 0x00, 0x00, 0x00, 0x00, 0x00, 0xc4, 0xff, 0xff, 0xff, 0x00, 0x00, 0x04, 0x00, 0x06, 0x00, 0x01, 0x00, 0x16, 0x00,
    0x00, 0x00, 0x00, 0x00, 0x00, 0x00, 0x00, 0x00, 0x0a, 0x00, 0x06, 0x00, 0x02, 0x00, 0x16, 0x00, 0x00, 0x00, 0x00, 0x00, 0x00, 0x00,
    0x68, 0x01, 0x00, 0x00, 0x00, 0x00, 0x00, 0x00, 0xc4, 0xff, 0xff, 0xff, 0x00, 0x00, 0x05, 0x00, 0x06, 0x00, 0x01, 0x00, 0x16, 0x00,
    0x00, 0x00, 0x00, 0x00, 0x00, 0x00, 0x00, 0x00, 0x08, 0x00, 0x06, 0x00, 0x03, 0x00, 0x16, 0x00, 0x00, 0x00, 0x00, 0x00, 0x00, 0x00,
    0x68, 0x01, 0x00, 0x00, 0x00, 0x00, 0x00, 0x00, 0xc4, 0xff, 0xff, 0xff, 0x00, 0x00, 0x04, 0x00, 0x06, 0x00, 0x05, 0x00, 0x16, 0x00,
    0x00, 0x00, 0x00, 0x00, 0x00, 0x00, 0x00, 0x00, 0x09, 0x00, 0x06, 0x00, 0x01, 0x00, 0x16, 0x00, 0x00, 0x00, 0x00, 0x00, 0x00, 0x00,
    0x68, 0x01, 0x00, 0x00, 0x00, 0x00, 0x00, 0x00, 0xc4, 0xff, 0xff, 0xff, 0x00, 0x00, 0x04, 0x00, 0x06, 0x00, 0x04, 0x00, 0x16, 0x00,
    0x00, 0x00, 0x00, 0x00, 0x00, 0x00, 0x00, 0x00, 0x09, 0x00, 0x06, 0x00, 0x01, 0x00, 0x16, 0x00, 0x00, 0x00, 0x00, 0x00, 0x00, 0x00,
    0x2c, 0x01, 0x00, 0x00, 0x00, 0x00, 0x00, 0x00, 0xc4, 0xff, 0xff, 0xff, 0x00, 0x00, 0x00, 0x00, 0x00, 0x00, 0x00, 0x00, 0x00, 0x00,
    0x00, 0x00, 0x00, 0x00, 0x00, 0x00, 0x00, 0x00, 0x00, 0x00, 0x00, 0x00, 0x00, 0x00, 0x00, 0x00, 0x00, 0x00, 0x00, 0x00, 0x00, 0x00,
    0x68, 0x01, 0x00, 0x00, 0x00, 0x00, 0x00, 0x00, 0xc4, 0xff, 0xff, 0xff, 0x00, 0x00, 0x05, 0x00, 0x06, 0x00, 0x02, 0x00, 0x16, 0x00,
    0x00, 0x00, 0x00, 0x00, 0x00, 0x00, 0x00, 0x00, 0x08, 0x00, 0x06, 0x00, 0x02, 0x00, 0x16, 0x00, 0x00, 0x00, 0x00, 0x00, 0x00, 0x00,
    0x68, 0x01, 0x00, 0x00, 0x00, 0x00, 0x00, 0x00, 0xc4, 0xff, 0xff, 0xff, 0x00, 0x00, 0x04, 0x00, 0x06, 0x00, 0x01, 0x00, 0x16, 0x00,
    0x00, 0x00, 0x00, 0x00, 0x00, 0x00, 0x00, 0x00, 0x09, 0x00, 0x06, 0x00, 0x02, 0x00, 0x16, 0x00, 0x00, 0x00, 0x00, 0x00, 0x00, 0x00,
    0x2c, 0x01, 0x00, 0x00, 0x00, 0x00, 0x00, 0x00, 0xc4, 0xff, 0xff, 0xff, 0x00, 0x00, 0x0b, 0x00, 0x00, 0x00, 0x01, 0x00, 0x02, 0x00,
    0x00, 0x00, 0x00, 0x00, 0x00, 0x00, 0x00, 0x00, 0x03, 0x00, 0x00, 0x00, 0x02, 0x00, 0x02, 0x00, 0x00, 0x00, 0x00, 0x00, 0x00, 0x00,
    0x2c, 0x01, 0x00, 0x00, 0x00, 0x00, 0x00, 0x00, 0xc4, 0xff, 0xff, 0xff, 0x00, 0x00, 0x0a, 0x00, 0x00, 0x00, 0x05, 0x00, 0x02, 0x00,
    0x00, 0x00, 0x00, 0x00, 0x00, 0x00, 0x00, 0x00, 0x04, 0x00, 0x00, 0x00, 0x01, 0x00, 0x02, 0x00, 0x00, 0x00, 0x00, 0x00, 0x00, 0x00,
    0x68, 0x01, 0x00, 0x00, 0x00, 0x00, 0x00, 0x00, 0xc4, 0xff, 0xff, 0xff, 0x00, 0x00, 0x01, 0x00, 0x04, 0x00, 0x01, 0x00, 0x00, 0x00,
    0x00, 0x00, 0x00, 0x00, 0x00, 0x00, 0x00, 0x00, 0x02, 0x00, 0x00, 0x00, 0x01, 0x00, 0x02, 0x00, 0x00, 0x00, 0x00, 0x00, 0x00, 0x00,
    0x88, 0xff, 0xff, 0xff, 0x00, 0x00, 0x00, 0x00, 0xc4, 0xff, 0xff, 0xff, 0x00, 0x00, 0x0a, 0x00, 0x04, 0x00, 0x05, 0x00, 0x17, 0x00,
    0x3b, 0x00, 0x3b, 0x00, 0xe7, 0x03, 0x00, 0x00, 0x04, 0x00, 0x05, 0x00, 0x05, 0x00, 0x00, 0x00, 0x00, 0x00, 0x00, 0x00, 0x00, 0x00,
    0x88, 0xff, 0xff, 0xff, 0x00, 0x00, 0x00, 0x00, 0xc4, 0xff, 0xff, 0xff, 0x00, 0x00, 0x09, 0x00, 0x04, 0x00, 0x05, 0x00, 0x17, 0x00,
    0x3b, 0x00, 0x3b, 0x00, 0xe7, 0x03, 0x00, 0x00, 0x04, 0x00, 0x05, 0x00, 0x05, 0x00, 0x00, 0x00, 0x00, 0x00, 0x00, 0x00, 0x00, 0x00,
    0x88, 0xff, 0xff, 0xff, 0x00, 0x00, 0x00, 0x00, 0xc4, 0xff, 0xff, 0xff, 0x00, 0x00, 0x09, 0x00, 0x04, 0x00, 0x03, 0x00, 0x17, 0x00,
    0x3b, 0x00, 0x3b, 0x00, 0xe7, 0x03, 0x00, 0x00, 0x04, 0x00, 0x05, 0x00, 0x05, 0x00, 0x00, 0x00, 0x00, 0x00, 0x00, 0x00, 0x00, 0x00,
    0x88, 0xff, 0xff, 0xff, 0x00, 0x00, 0x00, 0x00, 0xc4, 0xff, 0xff, 0xff, 0x00, 0x00, 0x09, 0x00, 0x04, 0x00, 0x01, 0x00, 0x17, 0x00,
    0x3b, 0x00, 0x3b, 0x00, 0xe7, 0x03, 0x00, 0x00, 0x04, 0x00, 0x05, 0x00, 0x05, 0x00, 0x00, 0x00, 0x00, 0x00, 0x00, 0x00, 0x00, 0x00,
    0x88, 0xff, 0xff, 0xff, 0x00, 0x00, 0x00, 0x00, 0xc4, 0xff, 0xff, 0xff, 0x00, 0x00, 0x08, 0x00, 0x04, 0x00, 0x05, 0x00, 0x17, 0x00,
    0x3b, 0x00, 0x3b, 0x00, 0xe7, 0x03, 0x00, 0x00, 0x04, 0x00, 0x05, 0x00, 0x05, 0x00, 0x00, 0x00, 0x00, 0x00, 0x00, 0x00, 0x00, 0x00,
    0x88, 0xff, 0xff, 0xff, 0x00, 0x00, 0x00, 0x00, 0xc4, 0xff, 0xff, 0xff, 0x00, 0x00, 0x08, 0x00, 0x04, 0x00, 0x03, 0x00, 0x17, 0x00,
    0x3b, 0x00, 0x3b, 0x00, 0xe7, 0x03, 0x00, 0x00, 0x04, 0x00, 0x05, 0x00, 0x05, 0x00, 0x00, 0x00, 0x00, 0x00, 0x00, 0x00, 0x00, 0x00,
    0x88, 0xff, 0xff, 0xff, 0x00, 0x00, 0x00, 0x00, 0xc4, 0xff, 0xff, 0xff, 0x00, 0x00, 0x00, 0x00, 0x00, 0x00, 0x00, 0x00, 0x00, 0x00,
    0x00, 0x00, 0x00, 0x00, 0x00, 0x00, 0x00, 0x00, 0x00, 0x00, 0x00, 0x00, 0x00, 0x00, 0x00, 0x00, 0x00, 0x00, 0x00, 0x00, 0x00, 0x00,
    0x88, 0xff, 0xff, 0xff, 0x00, 0x00, 0x00, 0x00, 0xc4, 0xff, 0xff, 0xff, 0x00, 0x00, 0x09, 0x00, 0x04, 0x00, 0x05, 0x00, 0x17, 0x00,
    0x3b, 0x00, 0x3b, 0x00, 0xe7, 0x03, 0x00, 0x00, 0x05, 0x00, 0x04, 0x00, 0x03, 0x00, 0x17, 0x00, 0x3b, 0x00, 0x3b, 0x00, 0xe7, 0x03,
    0xd4, 0xfe, 0xff, 0xff, 0x00, 0x00, 0x00, 0x00, 0xc4, 0xff, 0xff, 0xff, 0x00, 0x00, 0x00, 0x00, 0x00, 0x00, 0x00, 0x00, 0x00, 0x00,
    0x00, 0x00, 0x00, 0x00, 0x00, 0x00, 0x00, 0x00, 0x00, 0x00, 0x00, 0x00, 0x00, 0x00, 0x00, 0x00, 0x00, 0x00, 0x00, 0x00, 0x00, 0x00,
    0xd4, 0xfe, 0xff, 0xff, 0x00, 0x00, 0x00, 0x00, 0xc4, 0xff, 0xff, 0xff, 0x00, 0x00, 0x0a, 0x00, 0x00, 0x00, 0x05, 0x00, 0x03, 0x00,
    0x00, 0x00, 0x00, 0x00, 0x00, 0x00, 0x00, 0x00, 0x03, 0x00, 0x00, 0x00, 0x05, 0x00, 0x02, 0x00, 0x00, 0x00, 0x00, 0x00, 0x00, 0x00,
    0xd4, 0xfe, 0xff, 0xff, 0x00, 0x00, 0x00, 0x00, 0xc4, 0xff, 0xff, 0xff, 0x00, 0x00, 0x01, 0x00, 0x06, 0x00, 0x01, 0x00, 0x00, 0x00,
    0x00, 0x00, 0x00, 0x00, 0x00, 0x00, 0x00, 0x00, 0x03, 0x00, 0x00, 0x00, 0x05, 0x00, 0x02, 0x00, 0x00, 0x00, 0x00, 0x00, 0x00, 0x00,
    0xd4, 0xfe, 0xff, 0xff, 0x00, 0x00, 0x00, 0x00, 0xc4, 0xff, 0xff, 0xff, 0x00, 0x00, 0x0a, 0x00, 0x00, 0x00, 0x05, 0x00, 0x02, 0x00,
    0x00, 0x00, 0x00, 0x00, 0x00, 0x00, 0x00, 0x00, 0x01, 0x00, 0x03, 0x00, 0x01, 0x00, 0x00, 0x00, 0x00, 0x00, 0x00, 0x00, 0x00, 0x00,
    0x30, 0xfd, 0xff, 0xff, 0x00, 0x00, 0x00, 0x00, 0xc4, 0xff, 0xff, 0xff, 0x00, 0x00, 0x00, 0x00, 0x00, 0x00, 0x00, 0x00, 0x00, 0x00,
    0x00, 0x00, 0x00, 0x00, 0x00, 0x00, 0x00, 0x00, 0x00, 0x00, 0x00, 0x00, 0x00, 0x00, 0x00, 0x00, 0x00, 0x00, 0x00, 0x00, 0x00, 0x00,
    0x30, 0xfd, 0xff, 0xff, 0x00, 0x00, 0x00, 0x00, 0xc4, 0xff, 0xff, 0xff, 0x00, 0x00, 0x02, 0x00, 0x00, 0x00, 0x05, 0x00, 0x03, 0x00,
    0x00, 0x00, 0x00, 0x00, 0x00, 0x00, 0x00, 0x00, 0x01, 0x00, 0x06, 0x00, 0x01, 0x00, 0x00, 0x00, 0x00, 0x00, 0x00, 0x00, 0x00, 0x00,
    0x30, 0xfd, 0xff, 0xff, 0x00, 0x00, 0x00, 0x00, 0xc4, 0xff, 0xff, 0xff, 0x00, 0x00, 0x01, 0x00, 0x04, 0x00, 0x01, 0x00, 0x00, 0x00,
    0x00, 0x00, 0x00, 0x00, 0x00, 0x00, 0x00, 0x00, 0x0b, 0x00, 0x00, 0x00, 0x05, 0x00, 0x02, 0x00, 0x00, 0x00, 0x00, 0x00, 0x00, 0x00,
    0x30, 0xfd, 0xff, 0xff, 0x00, 0x00, 0x00, 0x00, 0xc4, 0xff, 0xff, 0xff, 0x00, 0x00, 0x03, 0x00, 0x00, 0x00, 0x05, 0x00, 0x03, 0x00,
    0x00, 0x00, 0x00, 0x00, 0x00, 0x00, 0x00, 0x00, 0x0a, 0x00, 0x00, 0x00, 0x04, 0x00, 0x02, 0x00, 0x00, 0x00, 0x00, 0x00, 0x00, 0x00,
    0x30, 0xfd, 0xff, 0xff, 0x00, 0x00, 0x00, 0x00, 0xc4, 0xff, 0xff, 0xff, 0x00, 0x00, 0x03, 0x00, 0x00, 0x00, 0x01, 0x00, 0x03, 0x00,
    0x00, 0x00, 0x00, 0x00, 0x00, 0x00, 0x00, 0x00, 0x0a, 0x00, 0x00, 0x00, 0x04, 0x00, 0x02, 0x00, 0x00, 0x00, 0x00, 0x00, 0x00, 0x00,
    0x30, 0xfd, 0xff, 0xff, 0x00, 0x00, 0x00, 0x00, 0xc4, 0xff, 0xff, 0xff, 0x00, 0x00, 0x01, 0x00, 0x00, 0x00, 0x04, 0x00, 0x03, 0x00,
    0x00, 0x00, 0x00, 0x00, 0x00, 0x00, 0x00, 0x00, 0x0a, 0x00, 0x00, 0x00, 0x03, 0x00, 0x02, 0x00, 0x00, 0x00, 0x00, 0x00, 0x00, 0x00,
    0x30, 0xfd, 0xff, 0xff, 0x00, 0x00, 0x00, 0x00, 0xc4, 0xff, 0xff, 0xff, 0x00, 0x00, 0x01, 0x00, 0x00, 0x00, 0x03, 0x00, 0x03, 0x00,
    0x00, 0x00, 0x00, 0x00, 0x00, 0x00, 0x00, 0x00, 0x0a, 0x00, 0x00, 0x00, 0x04, 0x00, 0x02, 0x00, 0x00, 0x00, 0x00, 0x00, 0x00, 0x00,
    0x30, 0xfd, 0xff, 0xff, 0x00, 0x00, 0x00, 0x00, 0xc4, 0xff, 0xff, 0xff, 0x00, 0x00, 0x01, 0x00, 0x00, 0x00, 0x03, 0x00, 0x02, 0x00,
    0x00, 0x00, 0x00, 0x00, 0x00, 0x00, 0x00, 0x00, 0x0b, 0x00, 0x00, 0x00, 0x01, 0x00, 0x02, 0x00, 0x00, 0x00, 0x00, 0x00, 0x00, 0x00,
    0x30, 0xfd, 0xff, 0xff, 0x00, 0x00, 0x00, 0x00, 0xc4, 0xff, 0xff, 0xff, 0x00, 0x00, 0x01, 0x00, 0x00, 0x00, 0x03, 0x00, 0x03, 0x00,
    0x00, 0x00, 0x00, 0x00, 0x00, 0x00, 0x00, 0x00, 0x0b, 0x00, 0x00, 0x00, 0x01, 0x00, 0x02, 0x00, 0x00, 0x00, 0x00, 0x00, 0x00, 0x00,
    0x30, 0xfd, 0xff, 0xff, 0x00, 0x00, 0x00, 0x00, 0xc4, 0xff, 0xff, 0xff, 0x00, 0x00, 0x01, 0x00, 0x00, 0x00, 0x02, 0x00, 0x03, 0x00,
    0x00, 0x00, 0x00, 0x00, 0x00, 0x00, 0x00, 0x00, 0x0b, 0x00, 0x00, 0x00, 0x01, 0x00, 0x02, 0x00, 0x00, 0x00, 0x00, 0x00, 0x00, 0x00,
    0x30, 0xfd, 0xff, 0xff, 0x00, 0x00, 0x00, 0x00, 0xc4, 0xff, 0xff, 0xff, 0x00, 0x00, 0x01, 0x00, 0x00, 0x00, 0x02, 0x00, 0x03, 0x00,
    0x00, 0x00, 0x00, 0x00, 0x00, 0x00, 0x00, 0x00, 0x0b, 0x00, 0x00, 0x00, 0x02, 0x00, 0x02, 0x00, 0x00, 0x00, 0x00, 0x00, 0x00, 0x00,
    0x30, 0xfd, 0xff, 0xff, 0x00, 0x00, 0x00, 0x00, 0xc4, 0xff, 0xff, 0xff, 0x00, 0x00, 0x01, 0x00, 0x00, 0x00, 0x02, 0x00, 0x03, 0x00,
    0x00, 0x00, 0x00, 0x00, 0x00, 0x00, 0x00, 0x00, 0x0c, 0x00, 0x00, 0x00, 0x03, 0x00, 0x02, 0x00, 0x00, 0x00, 0x00, 0x00, 0x00, 0x00,
    0x30, 0xfd, 0xff, 0xff, 0x00, 0x00, 0x00, 0x00, 0xc4, 0xff, 0xff, 0xff, 0x00, 0x00, 0x01, 0x00, 0x00, 0x00, 0x03, 0x00, 0x03, 0x00,
    0x00, 0x00, 0x00, 0x00, 0x00, 0x00, 0x00, 0x00, 0x01, 0x00, 0x05, 0x00, 0x01, 0x00, 0x00, 0x00, 0x00, 0x00, 0x00, 0x00, 0x00, 0x00,
    0x00, 0x00, 0x00, 0x00, 0x00, 0x00, 0x00, 0x00, 0xc4, 0xff, 0xff, 0xff, 0x00, 0x00, 0x0a, 0x00, 0x00, 0x00, 0x05, 0x00, 0x02, 0x00,
    0x00, 0x00, 0x00, 0x00, 0x00, 0x00, 0x00, 0x00, 0x03, 0x00, 0x00, 0x00, 0x05, 0x00, 0x01, 0x00, 0x00, 0x00, 0x00, 0x00, 0x00, 0x00,
    0x10, 0xff, 0xff, 0xff, 0x00, 0x00, 0x00, 0x00, 0xc4, 0xff, 0xff, 0xff, 0x00, 0x00, 0x0a, 0x00, 0x00, 0x00, 0x05, 0x00, 0x00, 0x00,
    0x00, 0x00, 0x00, 0x00, 0x00, 0x00, 0x00, 0x00, 0x03, 0x00, 0x00, 0x00, 0x05, 0x00, 0x00, 0x00, 0x00, 0x00, 0x00, 0x00, 0x00, 0x00,
    0x10, 0xff, 0xff, 0xff, 0x00, 0x00, 0x00, 0x00, 0x3c, 0x00, 0x00, 0x00, 0x00, 0x00, 0x0a, 0x00, 0x00, 0x00, 0x05, 0x00, 0x03, 0x00,
    0x00, 0x00, 0x00, 0x00, 0x00, 0x00, 0x00, 0x00, 0x03, 0x00, 0x00, 0x00, 0x05, 0x00, 0x00, 0x00, 0x00, 0x00, 0x00, 0x00, 0x00, 0x00,
    0x78, 0x00, 0x00, 0x00, 0x00, 0x00, 0x00, 0x00, 0xc4, 0xff, 0xff, 0xff, 0x00, 0x00, 0x0a, 0x00, 0x00, 0x00, 0x05, 0x00, 0x00, 0x00,
    0x00, 0x00, 0x00, 0x00, 0x00, 0x00, 0x00, 0x00, 0x01, 0x00, 0x02, 0x00, 0x01, 0x00, 0x00, 0x00, 0x00, 0x00, 0x00, 0x00, 0x00, 0x00,
    0xb4, 0x00, 0x00, 0x00, 0x00, 0x00, 0x00, 0x00, 0xc4, 0xff, 0xff, 0xff, 0x00, 0x00, 0x0a, 0x00, 0x06, 0x00, 0x05, 0x00, 0x17, 0x00,
    0x00, 0x00, 0x00, 0x00, 0x00, 0x00, 0x00, 0x00, 0x03, 0x00, 0x06, 0x00, 0x05, 0x00, 0x16, 0x00, 0x00, 0x00, 0x00, 0x00, 0x00, 0x00,
    0xb4, 0x00, 0x00, 0x00, 0x00, 0x00, 0x00, 0x00, 0xc4, 0xff, 0xff, 0xff, 0x00, 0x00, 0x0a, 0x00, 0x06, 0x00, 0x05, 0x00, 0x17, 0x00,
    0x00, 0x00, 0x00, 0x00, 0x00, 0x00, 0x00, 0x00, 0x03, 0x00, 0x06, 0x00, 0x04, 0x00, 0x16, 0x00, 0x00, 0x00, 0x00, 0x00, 0x00, 0x00,
    0xb4, 0x00, 0x00, 0x00, 0x00, 0x00, 0x00, 0x00, 0xc4, 0xff, 0xff, 0xff, 0x00, 0x00, 0x0a, 0x00, 0x06, 0x00, 0x04, 0x00, 0x17, 0x00,
    0x00, 0x00, 0x00, 0x00, 0x00, 0x00, 0x00, 0x00, 0x03, 0x00, 0x06, 0x00, 0x05, 0x00, 0x16, 0x00, 0x00, 0x00, 0x00, 0x00, 0x00, 0x00,
    0xb4, 0x00, 0x00, 0x00, 0x00, 0x00, 0x00, 0x00, 0xc4, 0xff, 0xff, 0xff, 0x00, 0x00, 0x0a, 0x00, 0x00, 0x00, 0x05, 0x00, 0x00, 0x00,
    0x00, 0x00, 0x00, 0x00, 0x00, 0x00, 0x00, 0x00, 0x03, 0x00, 0x06, 0x00, 0x05, 0x00, 0x16, 0x00, 0x00, 0x00, 0x00, 0x00, 0x00, 0x00,
    0x78, 0x00, 0x00, 0x00, 0x00, 0x00, 0x00, 0x00, 0xc4, 0xff, 0xff, 0xff, 0x00, 0x00, 0x0a, 0x00, 0x00, 0x00, 0x05, 0x00, 0x00, 0x00,
    0x00, 0x00, 0x00, 0x00, 0x00, 0x00, 0x00, 0x00, 0x03, 0x00, 0x06, 0x00, 0x05, 0x00, 0x17, 0x00, 0x00, 0x00, 0x00, 0x00, 0x00, 0x00,
    0x78, 0x00, 0x00, 0x00, 0x00, 0x00, 0x00, 0x00, 0xc4, 0xff, 0xff, 0xff, 0x00, 0x00, 0x0a, 0x00, 0x00, 0x00, 0x05, 0x00, 0x00, 0x00,
    0x00, 0x00, 0x00, 0x00, 0x00, 0x00, 0x00, 0x00, 0x03, 0x00, 0x06, 0x00, 0x04, 0x00, 0x17, 0x00, 0x00, 0x00, 0x00, 0x00, 0x00, 0x00,
    0x00, 0x00, 0x00, 0x00, 0x00, 0x00, 0x00, 0x00, 0xc4, 0xff, 0xff, 0xff, 0x00, 0x00, 0x00, 0x00, 0x00, 0x00, 0x00, 0x00, 0x00, 0x00,
    0x00, 0x00, 0x00, 0x00, 0x00, 0x00, 0x00, 0x00, 0x00, 0x00, 0x00, 0x00, 0x00, 0x00, 0x00, 0x00, 0x00, 0x00, 0x00, 0x00, 0x00, 0x00,
    0x2c, 0x01, 0x00, 0x00, 0x00, 0x00, 0x00, 0x00, 0xc4, 0xff, 0xff, 0xff, 0x00, 0x00, 0x0a, 0x00, 0x00, 0x00, 0x05, 0x00, 0x00, 0x00,
    0x00, 0x00, 0x00, 0x00, 0x00, 0x00, 0x00, 0x00, 0x04, 0x00, 0x00, 0x00, 0x01, 0x00, 0x00, 0x00, 0x00, 0x00, 0x00, 0x00, 0x00, 0x00,
    0x58, 0x02, 0x00, 0x00, 0x00, 0x00, 0x00, 0x00, 0xc4, 0xff, 0xff, 0xff, 0x00, 0x00, 0x00, 0x00, 0x00, 0x00, 0x00, 0x00, 0x00, 0x00,
    0x00, 0x00, 0x00, 0x00, 0x00, 0x00, 0x00, 0x00, 0x00, 0x00, 0x00, 0x00, 0x00, 0x00, 0x00, 0x00, 0x00, 0x00, 0x00, 0x00, 0x00, 0x00,
    0xb6, 0xfe, 0xff, 0xff, 0x00, 0x00, 0x00, 0x00, 0xc4, 0xff, 0xff, 0xff, 0x00, 0x00, 0x00, 0x00, 0x00, 0x00, 0x00, 0x00, 0x00, 0x00,
    0x00, 0x00, 0x00, 0x00, 0x00, 0x00, 0x00, 0x00, 0x00, 0x00, 0x00, 0x00, 0x00, 0x00, 0x00, 0x00, 0x00, 0x00, 0x00, 0x00, 0x00, 0x00,
    0x2e, 0xff, 0xff, 0xff, 0x00, 0x00, 0x00, 0x00, 0xc4, 0xff, 0xff, 0xff, 0x00, 0x00, 0x00, 0x00, 0x00, 0x00, 0x00, 0x00, 0x00, 0x00,
    0x00, 0x00, 0x00, 0x00, 0x00, 0x00, 0x00, 0x00, 0x00, 0x00, 0x00, 0x00, 0x00, 0x00, 0x00, 0x00, 0x00, 0x00, 0x00, 0x00, 0x00, 0x00,
    0x2e, 0xff, 0xff, 0xff, 0x00, 0x00, 0x00, 0x00, 0xc4, 0xff, 0xff, 0xff, 0x00, 0x00, 0x09, 0x00, 0x03, 0x00, 0x03, 0x00, 0x17, 0x00,
    0x3b, 0x00, 0x3b, 0x00, 0xe7, 0x03, 0x00, 0x00, 0x03, 0x00, 0x01, 0x00, 0x03, 0x00, 0x17, 0x00, 0x3b, 0x00, 0x3b, 0x00, 0xe7, 0x03,
    0x2e, 0xff, 0xff, 0xff, 0x00, 0x00, 0x00, 0x00, 0xc4, 0xff, 0xff, 0xff, 0x00, 0x00, 0x09, 0x00, 0x05, 0x00, 0x03, 0x00, 0x17, 0x00,
    0x3b, 0x00, 0x3b, 0x00, 0xe7, 0x03, 0x00, 0x00, 0x03, 0x00, 0x03, 0x00, 0x03, 0x00, 0x17, 0x00, 0x3b, 0x00, 0x3b, 0x00, 0xe7, 0x03,
    0x2e, 0xff, 0xff, 0xff, 0x00, 0x00, 0x00, 0x00, 0xc4, 0xff, 0xff, 0xff, 0x00, 0x00, 0x09, 0x00, 0x06, 0x00, 0x03, 0x00, 0x17, 0x00,
    0x3b, 0x00, 0x3b, 0x00, 0xe7, 0x03, 0x00, 0x00, 0x03, 0x00, 0x04, 0x00, 0x03, 0x00, 0x17, 0x00, 0x3b, 0x00, 0x3b, 0x00, 0xe7, 0x03,
    0x2e, 0xff, 0xff, 0xff, 0x00, 0x00, 0x00, 0x00, 0xc4, 0xff, 0xff, 0xff, 0x00, 0x00, 0x09, 0x00, 0x00, 0x00, 0x03, 0x00, 0x17, 0x00,
    0x3b, 0x00, 0x3b, 0x00, 0xe7, 0x03, 0x00, 0x00, 0x03, 0x00, 0x05, 0x00, 0x03, 0x00, 0x17, 0x00, 0x3b, 0x00, 0x3b, 0x00, 0xe7, 0x03,
    0x2e, 0xff, 0xff, 0xff, 0x00, 0x00, 0x00, 0x00, 0xc4, 0xff, 0xff, 0xff, 0x00, 0x00, 0x09, 0x00, 0x01, 0x00, 0x03, 0x00, 0x17, 0x00,
    0x3b, 0x00, 0x3b, 0x00, 0xe7, 0x03, 0x00, 0x00, 0x03, 0x00, 0x06, 0x00, 0x03, 0x00, 0x17, 0x00, 0x3b, 0x00, 0x3b, 0x00, 0xe7, 0x03,
    0x2e, 0xff, 0xff, 0xff, 0x00, 0x00, 0x00, 0x00, 0xc4, 0xff, 0xff, 0xff, 0x00, 0x00, 0x09, 0x00, 0x02, 0x00, 0x03, 0x00, 0x17, 0x00,
    0x3b, 0x00, 0x3b, 0x00, 0xe7, 0x03, 0x00, 0x00, 0x03, 0x00, 0x00, 0x00, 0x03, 0x00, 0x17, 0x00, 0x3b, 0x00, 0x3b, 0x00, 0xe7, 0x03,
    0x2e, 0xff, 0xff, 0xff, 0x00, 0x00, 0x00, 0x00, 0xc4, 0xff, 0xff, 0xff, 0x00, 0x00, 0x09, 0x00, 0x04, 0x00, 0x03, 0x00, 0x17, 0x00,
    0x3b, 0x00, 0x3b, 0x00, 0xe7, 0x03, 0x00, 0x00, 0x03, 0x00, 0x02, 0x00, 0x03, 0x00, 0x17, 0x00, 0x3b, 0x00, 0x3b, 0x00, 0xe7, 0x03,
    0x88, 0xff, 0xff, 0xff, 0x00, 0x00, 0x00, 0x00, 0xc4, 0xff, 0xff, 0xff, 0x00, 0x00, 0x0a, 0x00, 0x00, 0x00, 0x05, 0x00, 0x02, 0x00,
    0x00, 0x00, 0x00, 0x00, 0x00, 0x00, 0x00, 0x00, 0x03, 0x00, 0x05, 0x00, 0x05, 0x00, 0x02, 0x00, 0x00, 0x00, 0x00, 0x00, 0x00, 0x00,
    0x88, 0xff, 0xff, 0xff, 0x00, 0x00, 0x00, 0x00, 0xc4, 0xff, 0xff, 0xff, 0x00, 0x00, 0x0a, 0x00, 0x05, 0x00, 0x01, 0x00, 0x01, 0x00,
    0x00, 0x00, 0x00, 0x00, 0x00, 0x00, 0x00, 0x00, 0x04, 0x00, 0x05, 0x00, 0x02, 0x00, 0x02, 0x00, 0x00, 0x00, 0x00, 0x00, 0x00, 0x00,
    0x88, 0xff, 0xff, 0xff, 0x00, 0x00, 0x00, 0x00, 0xc4, 0xff, 0xff, 0xff, 0x00, 0x00, 0x09, 0x00, 0x01, 0x00, 0x04, 0x00, 0x01, 0x00,
    0x00, 0x00, 0x00, 0x00, 0x00, 0x00, 0x00, 0x00, 0x04, 0x00, 0x01, 0x00, 0x02, 0x00, 0x01, 0x00, 0x00, 0x00, 0x00, 0x00, 0x00, 0x00,
    0x88, 0xff, 0xff, 0xff, 0x00, 0x00, 0x00, 0x00, 0xc4, 0xff, 0xff, 0xff, 0x00, 0x00, 0x0a, 0x00, 0x01, 0x00, 0x01, 0x00, 0x01, 0x00,
    0x00, 0x00, 0x00, 0x00, 0x00, 0x00, 0x00, 0x00, 0x03, 0x00, 0x05, 0x00, 0x05, 0x00, 0x01, 0x00, 0x00, 0x00, 0x00, 0x00, 0x00, 0x00,
    0x88, 0xff, 0xff, 0xff, 0x00, 0x00, 0x00, 0x00, 0xc4, 0xff, 0xff, 0xff, 0x00, 0x00, 0x0a, 0x00, 0x05, 0x00, 0x01, 0x00, 0x01, 0x00,
    0x00, 0x00, 0x00, 0x00, 0x00, 0x00, 0x00, 0x00, 0x03, 0x00, 0x05, 0x00, 0x05, 0x00, 0x01, 0x00, 0x00, 0x00, 0x00, 0x00, 0x00, 0x00,
    0x88, 0xff, 0xff, 0xff, 0x00, 0x00, 0x00, 0x00, 0xc4, 0xff, 0xff, 0xff, 0x00, 0x00, 0x09, 0x00, 0x03, 0x00, 0x04, 0x00, 0x01, 0x00,
    0x00, 0x00, 0x00, 0x00, 0x00, 0x00, 0x00, 0x00, 0x04, 0x00, 0x03, 0x00, 0x01, 0x00, 0x01, 0x00, 0x00, 0x00, 0x00, 0x00, 0x00, 0x00,
    0x88, 0xff, 0xff, 0xff, 0x00, 0x00, 0x00, 0x00, 0xc4, 0xff, 0xff, 0xff, 0x00, 0x00, 0x0a, 0x00, 0x00, 0x00, 0x02, 0x00, 0x02, 0x00,
    0x00, 0x00, 0x00, 0x00, 0x00, 0x00, 0x00, 0x00, 0x04, 0x00, 0x05, 0x00, 0x01, 0x00, 0x02, 0x00, 0x00, 0x00, 0x00, 0x00, 0x00, 0x00,
    0x88, 0xff, 0xff, 0xff, 0x00, 0x00, 0x00, 0x00, 0xc4, 0xff, 0xff, 0xff, 0x00, 0x00, 0x0a, 0x00, 0x00, 0x00, 0x01, 0x00, 0x02, 0x00,
    0x00, 0x00, 0x00, 0x00, 0x00, 0x00, 0x00, 0x00, 0x03, 0x00, 0x05, 0x00, 0x05, 0x00, 0x02, 0x00, 0x00, 0x00, 0x00, 0x00, 0x00, 0x00,
    0x88, 0xff, 0xff, 0xff, 0x00, 0x00, 0x00, 0x00, 0xc4, 0xff, 0xff, 0xff, 0x00, 0x00, 0x09, 0x00, 0x00, 0x00, 0x03, 0x00, 0x02, 0x00,
    0x00, 0x00, 0x00, 0x00, 0x00, 0x00, 0x00, 0x00, 0x03, 0x00, 0x05, 0x00, 0x05, 0x00, 0x02, 0x00, 0x00, 0x00, 0x00, 0x00, 0x00, 0x00,
    0x88, 0xff, 0xff, 0xff, 0x00, 0x00, 0x00, 0x00, 0xc4, 0xff, 0xff, 0xff, 0x00, 0x00, 0x09, 0x00, 0x00, 0x00, 0x05, 0x00, 0x02, 0x00,
    0x00, 0x00, 0x00, 0x00, 0x00, 0x00, 0x00, 0x00, 0x03, 0x00, 0x05, 0x00, 0x05, 0x00, 0x02, 0x00, 0x00, 0x00, 0x00, 0x00, 0x00, 0x00,
    0x88, 0xff, 0xff, 0xff, 0x00, 0x00, 0x00, 0x00, 0xc4, 0xff, 0xff, 0xff, 0x00, 0x00, 0x09, 0x00, 0x00, 0x00, 0x02, 0x00, 0x02, 0x00,
    0x00, 0x00, 0x00, 0x00, 0x00, 0x00, 0x00, 0x00, 0x03, 0x00, 0x05, 0x00, 0x05, 0x00, 0x02, 0x00, 0x00, 0x00, 0x00, 0x00, 0x00, 0x00,
    0x88, 0xff, 0xff, 0xff, 0x00, 0x00, 0x00, 0x00, 0xc4, 0xff, 0xff, 0xff, 0x00, 0x00, 0x0a, 0x00, 0x00, 0x00, 0x01, 0x00, 0x02, 0x00,
    0x00, 0x00, 0x00, 0x00, 0x00, 0x00, 0x00, 0x00, 0x04, 0x00, 0x05, 0x00, 0x01, 0x00, 0x02, 0x00, 0x00, 0x00, 0x00, 0x00, 0x00, 0x00,
    0x88, 0xff, 0xff, 0xff, 0x00, 0x00, 0x00, 0x00, 0xc4, 0xff, 0xff, 0xff, 0x00, 0x00, 0x09, 0x00, 0x00, 0x00, 0x04, 0x00, 0x02, 0x00,
    0x00, 0x00, 0x00, 0x00, 0x00, 0x00, 0x00, 0x00, 0x03, 0x00, 0x05, 0x00, 0x05, 0x00, 0x02, 0x00, 0x00, 0x00, 0x00, 0x00, 0x00, 0x00,
    0x88, 0xff, 0xff, 0xff, 0x00, 0x00, 0x00, 0x00, 0xc4, 0xff, 0xff, 0xff, 0x00, 0x00, 0x0a, 0x00, 0x00, 0x00, 0x05, 0x00, 0x02, 0x00,
    0x00, 0x00, 0x00, 0x00, 0x00, 0x00, 0x00, 0x00, 0x03, 0x00, 0x05, 0x00, 0x04, 0x00, 0x02, 0x00, 0x00, 0x00, 0x00, 0x00, 0x00, 0x00,
    0x88, 0xff, 0xff, 0xff, 0x00, 0x00, 0x00, 0x00, 0xc4, 0xff, 0xff, 0xff, 0x00, 0x00, 0x09, 0x00, 0x05, 0x00, 0x05, 0x00, 0x01, 0x00,
    0x00, 0x00, 0x00, 0x00, 0x00, 0x00, 0x00, 0x00, 0x03, 0x00, 0x04, 0x00, 0x05, 0x00, 0x00, 0x00, 0x00, 0x00, 0x00, 0x00, 0x00, 0x00,
    0x88, 0xff, 0xff, 0xff, 0x00, 0x00, 0x00, 0x00, 0xc4, 0xff, 0xff, 0xff, 0x00, 0x00, 0x09, 0x00, 0x05, 0x00, 0x05, 0x00, 0x01, 0x00,
    0x00, 0x00, 0x00, 0x00, 0x00, 0x00, 0x00, 0x00, 0x03, 0x00, 0x04, 0x00, 0x05, 0x00, 0x17, 0x00, 0x3b, 0x00, 0x3b, 0x00, 0xe7, 0x03,
    0x88, 0xff, 0xff, 0xff, 0x00, 0x00, 0x00, 0x00, 0xc4, 0xff, 0xff, 0xff, 0x00, 0x00, 0x0a, 0x00, 0x05, 0x00, 0x04, 0x00, 0x01, 0x00,
    0x00, 0x00, 0x00, 0x00, 0x00, 0x00, 0x00, 0x00, 0x03, 0x00, 0x04, 0x00, 0x05, 0x00, 0x17, 0x00, 0x3b, 0x00, 0x3b, 0x00, 0xe7, 0x03,
    0x88, 0xff, 0xff, 0xff, 0x00, 0x00, 0x00, 0x00, 0xc4, 0xff, 0xff, 0xff, 0x00, 0x00, 0x0a, 0x00, 0x05, 0x00, 0x03, 0x00, 0x01, 0x00,
    0x00, 0x00, 0x00, 0x00, 0x00, 0x00, 0x00, 0x00, 0x03, 0x00, 0x04, 0x00, 0x05, 0x00, 0x17, 0x00, 0x3b, 0x00, 0x3b, 0x00, 0xe7, 0x03,
    0x88, 0xff, 0xff, 0xff, 0x00, 0x00, 0x00, 0x00, 0xc4, 0xff, 0xff, 0xff, 0x00, 0x00, 0x0a, 0x00, 0x05, 0x00, 0x05, 0x00, 0x01, 0x00,
    0x00, 0x00, 0x00, 0x00, 0x00, 0x00, 0x00, 0x00, 0x03, 0x00, 0x04, 0x00, 0x05, 0x00, 0x17, 0x00, 0x3b, 0x00, 0x3b, 0x00, 0xe7, 0x03,
    0x88, 0xff, 0xff, 0xff, 0x00, 0x00, 0x00, 0x00, 0xc4, 0xff, 0xff, 0xff, 0x00, 0x00, 0x01, 0x00, 0x00, 0x00, 0x01, 0x00, 0x00, 0x00,
    0x00, 0x00, 0x00, 0x00, 0x00, 0x00, 0x00, 0x00, 0x03, 0x00, 0x04, 0x00, 0x05, 0x00, 0x17, 0x00, 0x3b, 0x00, 0x3b, 0x00, 0xe7, 0x03,
    0x88, 0xff, 0xff, 0xff, 0x00, 0x00, 0x00, 0x00, 0xc4, 0xff, 0xff, 0xff, 0x00, 0x00, 0x0c, 0x00, 0x05, 0x00, 0x03, 0x00, 0x00, 0x00,
    0x00, 0x00, 0x00, 0x00, 0x00, 0x00, 0x00, 0x00, 0x01, 0x00, 0x02, 0x00, 0x01, 0x00, 0x00, 0x00, 0x00, 0x00, 0x00, 0x00, 0x00, 0x00,
    0x88, 0xff, 0xff, 0xff, 0x00, 0x00, 0x00, 0x00, 0xc4, 0xff, 0xff, 0xff, 0x00, 0x00, 0x01, 0x00, 0x06, 0x00, 0x01, 0x00, 0x00, 0x00,
    0x00, 0x00, 0x00, 0x00, 0x00, 0x00, 0x00, 0x00, 0x02, 0x00, 0x04, 0x00, 0x05, 0x00, 0x17, 0x00, 0x3b, 0x00, 0x3b, 0x00, 0xe7, 0x03,
    0x88, 0xff, 0xff, 0xff, 0x00, 0x00, 0x00, 0x00, 0xc4, 0xff, 0xff, 0xff, 0x00, 0x00, 0x0a, 0x00, 0x00, 0x00, 0x05, 0x00, 0x02, 0x00,
    0x00, 0x00, 0x00, 0x00, 0x00, 0x00, 0x00, 0x00, 0x01, 0x00, 0x03, 0x00, 0x01, 0x00, 0x00, 0x00, 0x00, 0x00, 0x00, 0x00, 0x00, 0x00,
    0xe4, 0xfd, 0xff, 0xff, 0x00, 0x00, 0x00, 0x00, 0xc4, 0xff, 0xff, 0xff, 0x00, 0x00, 0x00, 0x00, 0x00, 0x00, 0x00, 0x00, 0x00, 0x00,
    0x00, 0x00, 0x00, 0x00, 0x00, 0x00, 0x00, 0x00, 0x00, 0x00, 0x00, 0x00, 0x00, 0x00, 0x00, 0x00, 0x00, 0x00, 0x00, 0x00, 0x00, 0x00,
    0xc4, 0xff, 0xff, 0xff, 0x00, 0x00, 0x00, 0x00, 0xc4, 0xff, 0xff, 0xff, 0x00, 0x00, 0x0b, 0x00, 0x06, 0x00, 0x02, 0x00, 0x02, 0x00,
    0x00, 0x00, 0x00, 0x00, 0x00, 0x00, 0x00, 0x00, 0x01, 0x00, 0x00, 0x00, 0x01, 0x00, 0x00, 0x00, 0x00, 0x00, 0x00, 0x00, 0x00, 0x00,
    0xc4, 0xff, 0xff, 0xff, 0x00, 0x00, 0x00, 0x00, 0xc4, 0xff, 0xff, 0xff, 0x00, 0x00, 0x01, 0x00, 0x02, 0x00, 0x01, 0x00, 0x00, 0x00,
    0x00, 0x00, 0x00, 0x00, 0x00, 0x00, 0x00, 0x00, 0x03, 0x00, 0x05, 0x00, 0x05, 0x00, 0x01, 0x00, 0x00, 0x00, 0x00, 0x00, 0x00, 0x00,
    0xb8, 0xfc, 0xff, 0xff, 0x00, 0x00, 0x00, 0x00, 0xc4, 0xff, 0xff, 0xff, 0x00, 0x00, 0x00, 0x00, 0x00, 0x00, 0x00, 0x00, 0x00, 0x00,
    0x00, 0x00, 0x00, 0x00, 0x00, 0x00, 0x00, 0x00, 0x00, 0x00, 0x00, 0x00, 0x00, 0x00, 0x00, 0x00, 0x00, 0x00, 0x00, 0x00, 0x00, 0x00,
    0x8a, 0xfd, 0xff, 0xff, 0x00, 0x00, 0x00, 0x00, 0xe2, 0xff, 0xff, 0xff, 0x00, 0x00, 0x04, 0x00, 0x00, 0x00, 0x01, 0x00, 0x02, 0x00,
    0x00, 0x00, 0x00, 0x00, 0x00, 0x00, 0x00, 0x00, 0x0a, 0x00, 0x00, 0x00, 0x01, 0x00, 0x02, 0x00, 0x00, 0x00, 0x00, 0x00, 0x00, 0x00,
    0x8a, 0xfd, 0xff, 0xff, 0x00, 0x00, 0x00, 0x00, 0xe2, 0xff, 0xff, 0xff, 0x00, 0x00, 0x03, 0x00, 0x00, 0x00, 0x05, 0x00, 0x02, 0x00,
    0x00, 0x00, 0x00, 0x00, 0x00, 0x00, 0x00, 0x00, 0x08, 0x00, 0x00, 0x00, 0x05, 0x00, 0x02, 0x00, 0x00, 0x00, 0x00, 0x00, 0x00, 0x00,
    0x8a, 0xfd, 0xff, 0xff, 0x00, 0x00, 0x00, 0x00, 0xe2, 0xff, 0xff, 0xff, 0x00, 0x00, 0x03, 0x00, 0x00, 0x00, 0x05, 0x00, 0x02, 0x00,
    0x00, 0x00, 0x00, 0x00, 0x00, 0x00, 0x00, 0x00, 0x0a, 0x00, 0x00, 0x00, 0x05, 0x00, 0x02, 0x00, 0x00, 0x00, 0x00, 0x00, 0x00, 0x00,
    0x8a, 0xfd, 0xff, 0xff, 0x00, 0x00, 0x00, 0x00, 0xe2, 0xff, 0xff, 0xff, 0x00, 0x00, 0x04, 0x00, 0x00, 0x00, 0x01, 0x00, 0x02, 0x00,
    0x00, 0x00, 0x00, 0x00, 0x00, 0x00, 0x00, 0x00, 0x0a, 0x00, 0x00, 0x00, 0x05, 0x00, 0x02, 0x00, 0x00, 0x00, 0x00, 0x00, 0x00, 0x00,
    0x6c, 0xfd, 0xff, 0xff, 0x00, 0x00, 0x00, 0x00, 0xc4, 0xff, 0xff, 0xff, 0x00, 0x00, 0x0a, 0x00, 0x00, 0x00, 0x05, 0x00, 0x03, 0x00,
    0x00, 0x00, 0x00, 0x00, 0x00, 0x00, 0x00, 0x00, 0x03, 0x00, 0x00, 0x00, 0x05, 0x00, 0x02, 0x00, 0x00, 0x00, 0x00, 0x00, 0x00, 0x00,
    0x6c, 0xfd, 0xff, 0xff, 0x00, 0x00, 0x00, 0x00, 0xc4, 0xff, 0xff, 0xff, 0x00, 0x00, 0x01, 0x00, 0x06, 0x00, 0x01, 0x00, 0x00, 0x00,
    0x00, 0x00, 0x00, 0x00, 0x00, 0x00, 0x00, 0x00, 0x03, 0x00, 0x00, 0x00, 0x05, 0x00, 0x02, 0x00, 0x00, 0x00, 0x00, 0x00, 0x00, 0x00,
    0xa8, 0xfd, 0xff, 0xff, 0x00, 0x00, 0x00, 0x00, 0x88, 0xff, 0xff, 0xff, 0x00, 0x00, 0x0a, 0x00, 0x00, 0x00, 0x05, 0x00, 0x02, 0x00,
    0x00, 0x00, 0x00, 0x00, 0x00, 0x00, 0x00, 0x00, 0x01, 0x00, 0x03, 0x00, 0x01, 0x00, 0x00, 0x00, 0x00, 0x00, 0x00, 0x00, 0x00, 0x00,
    0x6c, 0xfd, 0xff, 0xff, 0x00, 0x00, 0x00, 0x00, 0x3c, 0x00, 0x00, 0x00, 0x00, 0x00, 0x04, 0x00, 0x00, 0x00, 0x04, 0x00, 0x02, 0x00,
    0x00, 0x00, 0x00, 0x00, 0x00, 0x00, 0x00, 0x00, 0x01, 0x00, 0x05, 0x00, 0x01, 0x00, 0x00, 0x00, 0x00, 0x00, 0x00, 0x00, 0x00, 0x00,
    0xf0, 0x00, 0x00, 0x00, 0x00, 0x00, 0x00, 0x00, 0xc4, 0xff, 0xff, 0xff, 0x00, 0x00, 0x03, 0x00, 0x00, 0x00, 0x02, 0x00, 0x00, 0x00,
    0x00, 0x00, 0x00, 0x00, 0x00, 0x00, 0x00, 0x00, 0x0a, 0x00, 0x00, 0x00, 0x03, 0x00, 0x00, 0x00, 0x00, 0x00, 0x00, 0x00, 0x00, 0x00,
    0xf0, 0x00, 0x00, 0x00, 0x00, 0x00, 0x00, 0x00, 0xc4, 0xff, 0xff, 0xff, 0x00, 0x00, 0x03, 0x00, 0x00, 0x00, 0x02, 0x00, 0x00, 0x00,
    0x00, 0x00, 0x00, 0x00, 0x00, 0x00, 0x00, 0x00, 0x0a, 0x00, 0x00, 0x00, 0x02, 0x00, 0x00, 0x00, 0x00, 0x00, 0x00, 0x00, 0x00, 0x00,
    0xf0, 0x00, 0x00, 0x00, 0x00, 0x00, 0x00, 0x00, 0xc4, 0xff, 0xff, 0xff, 0x00, 0x00, 0x03, 0x00, 0x00, 0x00, 0x05, 0x00, 0x00, 0x00,
    0x00, 0x00, 0x00, 0x00, 0x00, 0x00, 0x00, 0x00, 0x0a, 0x00, 0x00, 0x00, 0x02, 0x00, 0x00, 0x00, 0x00, 0x00, 0x00, 0x00, 0x00, 0x00,
    0xf0, 0x00, 0x00, 0x00, 0x00, 0x00, 0x00, 0x00, 0xc4, 0xff, 0xff, 0xff, 0x00, 0x00, 0x03, 0x00, 0x00, 0x00, 0x03, 0x00, 0x00, 0x00,
    0x00, 0x00, 0x00, 0x00, 0x00, 0x00, 0x00, 0x00, 0x0a, 0x00, 0x00, 0x00, 0x02, 0x00, 0x00, 0x00, 0x00, 0x00, 0x00, 0x00, 0x00, 0x00,
    0xf0, 0x00, 0x00, 0x00, 0x00, 0x00, 0x00, 0x00, 0xc4, 0xff, 0xff, 0xff, 0x00, 0x00, 0x04, 0x00, 0x00, 0x00, 0x01, 0x00, 0x00, 0x00,
    0x00, 0x00, 0x00, 0x00, 0x00, 0x00, 0x00, 0x00, 0x0a, 0x00, 0x00, 0x00, 0x02, 0x00, 0x00, 0x00, 0x00, 0x00, 0x00, 0x00, 0x00, 0x00,
    0xf0, 0x00, 0x00, 0x00, 0x00, 0x00, 0x00, 0x00, 0xc4, 0xff, 0xff, 0xff, 0x00, 0x00, 0x05, 0x00, 0x00, 0x00, 0x02, 0x00, 0x00, 0x00,
    0x00, 0x00, 0x00, 0x00, 0x00, 0x00, 0x00, 0x00, 0x08, 0x00, 0x00, 0x00, 0x03, 0x00, 0x00, 0x00, 0x00, 0x00, 0x00, 0x00, 0x00, 0x00,
    0xf0, 0x00, 0x00, 0x00, 0x00, 0x00, 0x00, 0x00, 0xc4, 0xff, 0xff, 0xff, 0x00, 0x00, 0x04, 0x00, 0x00, 0x00, 0x05, 0x00, 0x00, 0x00,
    0x00, 0x00, 0x00, 0x00, 0x00, 0x00, 0x00, 0x00, 0x09, 0x00, 0x00, 0x00, 0x01, 0x00, 0x00, 0x00, 0x00, 0x00, 0x00, 0x00, 0x00, 0x00,
    0xf0, 0x00, 0x00, 0x00, 0x00, 0x00, 0x00, 0x00, 0xc4, 0xff, 0xff, 0xff, 0x00, 0x00, 0x04, 0x00, 0x00, 0x00, 0x04, 0x00, 0x00, 0x00,
    0x00, 0x00, 0x00, 0x00, 0x00, 0x00, 0x00, 0x00, 0x09, 0x00, 0x00, 0x00, 0x02, 0x00, 0x00, 0x00, 0x00, 0x00, 0x00, 0x00, 0x00, 0x00,
    0xf0, 0x00, 0x00, 0x00, 0x00, 0x00, 0x00, 0x00, 0xc4, 0xff, 0xff, 0xff, 0x00, 0x00, 0x04, 0x00, 0x00, 0x00, 0x04, 0x00, 0x00, 0x00,
    0x00, 0x00, 0x00, 0x00, 0x00, 0x00, 0x00, 0x00, 0x09, 0x00, 0x00, 0x00, 0x01, 0x00, 0x00, 0x00, 0x00, 0x00, 0x00, 0x00, 0x00, 0x00,
    0xb4, 0x00, 0x00, 0x00, 0x00, 0x00, 0x00, 0x00, 0x3c, 0x00, 0x00, 0x00, 0x00, 0x00, 0x05, 0x00, 0x00, 0x00, 0x03, 0x00, 0x00, 0x00,
    0x00, 0x00, 0x00, 0x00, 0x00, 0x00, 0x00, 0x00, 0x08, 0x00, 0x00, 0x00, 0x02, 0x00, 0x00, 0x00, 0x00, 0x00, 0x00, 0x00, 0x00, 0x00,
    0x3a, 0x02, 0x00, 0x00, 0x00, 0x00, 0x00, 0x00, 0xc4, 0xff, 0xff, 0xff, 0x00, 0x00, 0x00, 0x00, 0x00, 0x00, 0x00, 0x00, 0x00, 0x00,
    0x00, 0x00, 0x00, 0x00, 0x00, 0x00, 0x00, 0x00, 0x00, 0x00, 0x00, 0x00, 0x00, 0x00, 0x00, 0x00, 0x00, 0x00, 0x00, 0x00, 0x00, 0x00,
    0x10, 0xff, 0xff, 0xff, 0x00, 0x00, 0x00, 0x00, 0xc4, 0xff, 0xff, 0xff, 0x00, 0x00, 0x01, 0x00, 0x02, 0x00, 0x01, 0x00, 0x00, 0x00,
    0x00, 0x00, 0x00, 0x00, 0x00, 0x00, 0x00, 0x00, 0x0a, 0x00, 0x00, 0x00, 0x05, 0x00, 0x02, 0x00, 0x00, 0x00, 0x00, 0x00, 0x00, 0x00,
    0x10, 0xff, 0xff, 0xff, 0x00, 0x00, 0x00, 0x00, 0xc4, 0xff, 0xff, 0xff, 0x00, 0x00, 0x03, 0x00, 0x00, 0x00, 0x05, 0x00, 0x02, 0x00,
    0x00, 0x00, 0x00, 0x00, 0x00, 0x00, 0x00, 0x00, 0x01, 0x00, 0x04, 0x00, 0x01, 0x00, 0x00, 0x00, 0x00, 0x00, 0x00, 0x00, 0x00, 0x00,
    0x88, 0xff, 0xff, 0xff, 0x00, 0x00, 0x00, 0x00, 0xc4, 0xff, 0xff, 0xff, 0x00, 0x00, 0x0a, 0x00, 0x00, 0x00, 0x05, 0x00, 0x00, 0x00,
    0x00, 0x00, 0x00, 0x00, 0x00, 0x00, 0x00, 0x00, 0x03, 0x00, 0x00, 0x00, 0x05, 0x00, 0x00, 0x00, 0x00, 0x00, 0x00, 0x00, 0x00, 0x00,
    0xb4, 0x00, 0x00, 0x00, 0x00, 0x00, 0x00, 0x00, 0xc4, 0xff, 0xff, 0xff, 0x00, 0x00, 0x01, 0x00, 0x04, 0x00, 0x01, 0x00, 0x00, 0x00,
    0x00, 0x00, 0x00, 0x00, 0x00, 0x00, 0x00, 0x00, 0x09, 0x00, 0x00, 0x00, 0x03, 0x00, 0x00, 0x00, 0x00, 0x00, 0x00, 0x00, 0x00, 0x00,
    0xb4, 0x00, 0x00, 0x00, 0x00, 0x00, 0x00, 0x00, 0xc4, 0xff, 0xff, 0xff, 0x00, 0x00, 0x03, 0x00, 0x00, 0x00, 0x05, 0x00, 0x02, 0x00,
    0x00, 0x00, 0x00, 0x00, 0x00, 0x00, 0x00, 0x00, 0x0a, 0x00, 0x00, 0x00, 0x02, 0x00, 0x02, 0x00, 0x00, 0x00, 0x00, 0x00, 0x00, 0x00,
    0xb4, 0x00, 0x00, 0x00, 0x00, 0x00, 0x00, 0x00, 0xc4, 0xff, 0xff, 0xff, 0x00, 0x00, 0x03, 0x00, 0x00, 0x00, 0x02, 0x00, 0x02, 0x00,
    0x00, 0x00, 0x00, 0x00, 0x00, 0x00, 0x00, 0x00, 0x0a, 0x00, 0x00, 0x00, 0x01, 0x00, 0x02, 0x00, 0x00, 0x00, 0x00, 0x00, 0x00, 0x00,
    0xb4, 0x00, 0x00, 0x00, 0x00, 0x00, 0x00, 0x00, 0xc4, 0xff, 0xff, 0xff, 0x00, 0x00, 0x03, 0x00, 0x00, 0x00, 0x02, 0x00, 0x02, 0x00,
    0x00, 0x00, 0x00, 0x00, 0x00, 0x00, 0x00, 0x00, 0x01, 0x00, 0x04, 0x00, 0x01, 0x00, 0x00, 0x00, 0x00, 0x00, 0x00, 0x00, 0x00, 0x00,
    0x00, 0x00, 0x00, 0x00, 0x00, 0x00, 0x00, 0x00, 0xc4, 0xff, 0xff, 0xff, 0x00, 0x00, 0x0c, 0x00, 0x00, 0x00, 0x04, 0x00, 0x03, 0x00,
    0x00, 0x00, 0x00, 0x00, 0x00, 0x00, 0x00, 0x00, 0x02, 0x00, 0x00, 0x00, 0x02, 0x00, 0x02, 0x00, 0x00, 0x00, 0x00, 0x00, 0x00, 0x00,
    0x00, 0x00, 0x00, 0x00, 0x00, 0x00, 0x00, 0x00, 0xc4, 0xff, 0xff, 0xff, 0x00, 0x00, 0x09, 0x00, 0x01, 0x00, 0x01, 0x00, 0x00, 0x00,
    0x00, 0x00, 0x00, 0x00, 0x00, 0x00, 0x00, 0x00, 0x06, 0x00, 0x00, 0x00, 0x01, 0x00, 0x00, 0x00, 0x00, 0x00, 0x00, 0x00, 0x00, 0x00,
    0x00, 0x00, 0x00, 0x00, 0x00, 0x00, 0x00, 0x00, 0xc4, 0xff, 0xff, 0xff, 0x00, 0x00, 0x08, 0x00, 0x05, 0x00, 0x03, 0x00, 0x00, 0x00,
    0x00, 0x00, 0x00, 0x00, 0x00, 0x00, 0x00, 0x00, 0x06, 0x00, 0x01, 0x00, 0x01, 0x00, 0x00, 0x00, 0x00, 0x00, 0x00, 0x00, 0x00, 0x00,
    0x00, 0x00, 0x00, 0x00, 0x00, 0x00, 0x00, 0x00, 0xc4, 0xff, 0xff, 0xff, 0x00, 0x00, 0x08, 0x00, 0x00, 0x00, 0x02, 0x00, 0x00, 0x00,
    0x00, 0x00, 0x00, 0x00, 0x00, 0x00, 0x00, 0x00, 0x05, 0x00, 0x00, 0x00, 0x01, 0x00, 0x00, 0x00, 0x00, 0x00, 0x00, 0x00, 0x00, 0x00,
    0x00, 0x00, 0x00, 0x00, 0x00, 0x00, 0x00, 0x00, 0xc4, 0xff, 0xff, 0xff, 0x00, 0x00, 0x07, 0x00, 0x00, 0x00, 0x05, 0x00, 0x00, 0x00,
    0x00, 0x00, 0x00, 0x00, 0x00, 0x00, 0x00, 0x00, 0x04, 0x00, 0x00, 0x00, 0x01, 0x00, 0x00, 0x00, 0x00, 0x00, 0x00, 0x00, 0x00, 0x00,
    0x00, 0x00, 0x00, 0x00, 0x00, 0x00, 0x00, 0x00, 0xc4, 0xff, 0xff, 0xff, 0x00, 0x00, 0x09, 0x00, 0x00, 0x00, 0x05, 0x00, 0x03, 0x00,
    0x00, 0x00, 0x00, 0x00, 0x00, 0x00, 0x00, 0x00, 0x04, 0x00, 0x00, 0x00, 0x05, 0x00, 0x02, 0x00, 0x00, 0x00, 0x00, 0x00, 0x00, 0x00,
    0x00, 0x00, 0x00, 0x00, 0x00, 0x00, 0x00, 0x00, 0xc4, 0xff, 0xff, 0xff, 0x00, 0x00, 0x0a, 0x00, 0x00, 0x00, 0x05, 0x00, 0x03, 0x00,
    0x00, 0x00, 0x00, 0x00, 0x00, 0x00, 0x00, 0x00, 0x04, 0x00, 0x00, 0x00, 0x05, 0x00, 0x02, 0x00, 0x00, 0x00, 0x00, 0x00, 0x00, 0x00,
    0x00, 0x00, 0x00, 0x00, 0x00, 0x00, 0x00, 0x00, 0xc4, 0xff, 0xff, 0xff, 0x00, 0x00, 0x0a, 0x00, 0x00, 0x00, 0x05, 0x00, 0x03, 0x00,
    0x00, 0x00, 0x00, 0x00, 0x00, 0x00, 0x00, 0x00, 0x03, 0x00, 0x00, 0x00, 0x05, 0x00, 0x02, 0x00, 0x00, 0x00, 0x00, 0x00, 0x00, 0x00,
    0x00, 0x00, 0x00, 0x00, 0x00, 0x00, 0x00, 0x00, 0xc4, 0xff, 0xff, 0xff, 0x00, 0x00, 0x05, 0x00, 0x00, 0x00, 0x01, 0x00, 0x03, 0x00,
    0x00, 0x00, 0x00, 0x00, 0x00, 0x00, 0x00, 0x00, 0x06, 0x00, 0x00, 0x00, 0x02, 0x00, 0x02, 0x00, 0x00, 0x00, 0x00, 0x00, 0x00, 0x00,
    0x00, 0x00, 0x00, 0x00, 0x00, 0x00, 0x00, 0x00, 0xc4, 0xff, 0xff, 0xff, 0x00, 0x00, 0x04, 0x00, 0x00, 0x00, 0x03, 0x00, 0x03, 0x00,
    0x00, 0x00, 0x00, 0x00, 0x00, 0x00, 0x00, 0x00, 0x05, 0x00, 0x00, 0x00, 0x05, 0x00, 0x02, 0x00, 0x00, 0x00, 0x00, 0x00, 0x00, 0x00,
    0x00, 0x00, 0x00, 0x00, 0x00, 0x00, 0x00, 0x00, 0xc4, 0xff, 0xff, 0xff, 0x00, 0x00, 0x04, 0x00, 0x00, 0x00, 0x02, 0x00, 0x03, 0x00,
    0x00, 0x00, 0x00, 0x00, 0x00, 0x00, 0x00, 0x00, 0x05, 0x00, 0x00, 0x00, 0x03, 0x00, 0x02, 0x00, 0x00, 0x00, 0x00, 0x00, 0x00, 0x00,
    0x00, 0x00, 0x00, 0x00, 0x00, 0x00, 0x00, 0x00, 0xc4, 0xff, 0xff, 0xff, 0x00, 0x00, 0x03, 0x00, 0x00, 0x00, 0x05, 0x00, 0x03, 0x00,
    0x00, 0x00, 0x00, 0x00, 0x00, 0x00, 0x00, 0x00, 0x05, 0x00, 0x00, 0x00, 0x02, 0x00, 0x02, 0x00, 0x00, 0x00, 0x00, 0x00, 0x00, 0x00,
    0x00, 0x00, 0x00, 0x00, 0x00, 0x00, 0x00, 0x00, 0xc4, 0xff, 0xff, 0xff, 0x00, 0x00, 0x03, 0x00, 0x00, 0x00, 0x03, 0x00, 0x03, 0x00,
    0x00, 0x00, 0x00, 0x00, 0x00, 0x00, 0x00, 0x00, 0x04, 0x00, 0x00, 0x00, 0x04, 0x00, 0x02, 0x00, 0x00, 0x00, 0x00, 0x00, 0x00, 0x00,
    0x00, 0x00, 0x00, 0x00, 0x00, 0x00, 0x00, 0x00, 0xc4, 0xff, 0xff, 0xff, 0x00, 0x00, 0x03, 0x00, 0x00, 0x00, 0x02, 0x00, 0x03, 0x00,
    0x00, 0x00, 0x00, 0x00, 0x00, 0x00, 0x00, 0x00, 0x04, 0x00, 0x00, 0x00, 0x02, 0x00, 0x02, 0x00, 0x00, 0x00, 0x00, 0x00, 0x00, 0x00,
    0x00, 0x00, 0x00, 0x00, 0x00, 0x00, 0x00, 0x00, 0xc4, 0xff, 0xff, 0xff, 0x00, 0x00, 0x02, 0x00, 0x00, 0x00, 0x04, 0x00, 0x03, 0x00,
    0x00, 0x00, 0x00, 0x00, 0x00, 0x00, 0x00, 0x00, 0x04, 0x00, 0x00, 0x00, 0x01, 0x00, 0x02, 0x00, 0x00, 0x00, 0x00, 0x00, 0x00, 0x00,
    0x00, 0x00, 0x00, 0x00, 0x00, 0x00, 0x00, 0x00, 0xc4, 0xff, 0xff, 0xff, 0x00, 0x00, 0x02, 0x00, 0x00, 0x00, 0x03, 0x00, 0x03, 0x00,
    0x00, 0x00, 0x00, 0x00, 0x00, 0x00, 0x00, 0x00, 0x03, 0x00, 0x00, 0x00, 0x04, 0x00, 0x02, 0x00, 0x00, 0x00, 0x00, 0x00, 0x00, 0x00,
    0x00, 0x00, 0x00, 0x00, 0x00, 0x00, 0x00, 0x00, 0xc4, 0xff, 0xff, 0xff, 0x00, 0x00, 0x02, 0x00, 0x00, 0x00, 0x01, 0x00, 0x03, 0x00,
    0x00, 0x00, 0x00, 0x00, 0x00, 0x00, 0x00, 0x00, 0x03, 0x00, 0x00, 0x00, 0x02, 0x00, 0x02, 0x00, 0x00, 0x00, 0x00, 0x00, 0x00, 0x00,
    0x00, 0x00, 0x00, 0x00, 0x00, 0x00, 0x00, 0x00, 0xc4, 0xff, 0xff, 0xff, 0x00, 0x00, 0x01, 0x00, 0x00, 0x00, 0x04, 0x00, 0x03, 0x00,
    0x00, 0x00, 0x00, 0x00, 0x00, 0x00, 0x00, 0x00, 0x03, 0x00, 0x00, 0x00, 0x01, 0x00, 0x02, 0x00, 0x00, 0x00, 0x00, 0x00, 0x00, 0x00,
    0x00, 0x00, 0x00, 0x00, 0x00, 0x00, 0x00, 0x00, 0xc4, 0xff, 0xff, 0xff, 0x00, 0x00, 0x01, 0x00, 0x00, 0x00, 0x02, 0x00, 0x03, 0x00,
    0x00, 0x00, 0x00, 0x00, 0x00, 0x00, 0x00, 0x00, 0x02, 0x00, 0x00, 0x00, 0x03, 0x00, 0x02, 0x00, 0x00, 0x00, 0x00, 0x00, 0x00, 0x00,
    0xa4, 0x01, 0x00, 0x00, 0x00, 0x00, 0x00, 0x00, 0xc4, 0xff, 0xff, 0xff, 0x00, 0x00, 0x0b, 0x00, 0x00, 0x00, 0x01, 0x00, 0x02, 0x00,
    0x00, 0x00, 0x00, 0x00, 0x00, 0x00, 0x00, 0x00, 0x03, 0x00, 0x00, 0x00, 0x02, 0x00, 0x02, 0x00, 0x00, 0x00, 0x00, 0x00, 0x00, 0x00,
    0xa4, 0x01, 0x00, 0x00, 0x00, 0x00, 0x00, 0x00, 0xc4, 0xff, 0xff, 0xff, 0x00, 0x00, 0x0a, 0x00, 0x00, 0x00, 0x05, 0x00, 0x02, 0x00,
    0x00, 0x00, 0x00, 0x00, 0x00, 0x00, 0x00, 0x00, 0x04, 0x00, 0x00, 0x00, 0x01, 0x00, 0x02, 0x00, 0x00, 0x00, 0x00, 0x00, 0x00, 0x00,
    0xa4, 0x01, 0x00, 0x00, 0x00, 0x00, 0x00, 0x00, 0xc4, 0xff, 0xff, 0xff, 0x00, 0x00, 0x00, 0x00, 0x00, 0x00, 0x00, 0x00, 0x00, 0x00,
    0x00, 0x00, 0x00, 0x00, 0x00, 0x00, 0x00, 0x00, 0x00, 0x00, 0x00, 0x00, 0x00, 0x00, 0x00, 0x00, 0x00, 0x00, 0x00, 0x00, 0x00, 0x00,
    0xa4, 0x01, 0x00, 0x00, 0x00, 0x00, 0x00, 0x00, 0xc4, 0xff, 0xff, 0xff, 0x00, 0x00, 0x09, 0x00, 0x00, 0x00, 0x05, 0x00, 0x02, 0x00,
    0x00, 0x00, 0x00, 0x00, 0x00, 0x00, 0x00, 0x00, 0x05, 0x00, 0x00, 0x00, 0x01, 0x00, 0x02, 0x00, 0x00, 0x00, 0x00, 0x00, 0x00, 0x00,
    0x7a, 0xfe, 0xff, 0xff, 0x00, 0x00, 0x00, 0x00, 0xc4, 0xff, 0xff, 0xff, 0x00, 0x00, 0x00, 0x00, 0x00, 0x00, 0x00, 0x00, 0x00, 0x00,
    0x00, 0x00, 0x00, 0x00, 0x00, 0x00, 0x00, 0x00, 0x00, 0x00, 0x00, 0x00, 0x00, 0x00, 0x00, 0x00, 0x00, 0x00, 0x00, 0x00, 0x00, 0x00,
    0x5c, 0xfe, 0xff, 0xff, 0x00, 0x00, 0x00, 0x00, 0x3c, 0x00, 0x00, 0x00, 0x00, 0x00, 0x07, 0x00, 0x00, 0x00, 0x04, 0x00, 0x02, 0x00,
    0x00, 0x00, 0x00, 0x00, 0x00, 0x00, 0x00, 0x00, 0x01, 0x00, 0x05, 0x00, 0x01, 0x00, 0x00, 0x00, 0x00, 0x00, 0x00, 0x00, 0x00, 0x00,
    0xc4, 0xff, 0xff, 0xff, 0x00, 0x00, 0x00, 0x00, 0xc4, 0xff, 0xff, 0xff, 0x00, 0x00, 0x04, 0x00, 0x00, 0x00, 0x01, 0x00, 0x02, 0x00,
    0x00, 0x00, 0x00, 0x00, 0x00, 0x00, 0x00, 0x00, 0x09, 0x00, 0x00, 0x00, 0x01, 0x00, 0x02, 0x00, 0x00, 0x00, 0x00, 0x00, 0x00, 0x00,
    0xa7, 0xfe, 0xff, 0xff, 0x00, 0x00, 0x00, 0x00, 0xc4, 0xff, 0xff, 0xff, 0x00, 0x00, 0x00, 0x00, 0x00, 0x00, 0x00, 0x00, 0x00, 0x00,
    0x00, 0x00, 0x00, 0x00, 0x00, 0x00, 0x00, 0x00, 0x00, 0x00, 0x00, 0x00, 0x00, 0x00, 0x00, 0x00, 0x00, 0x00, 0x00, 0x00, 0x00, 0x00,
    0x30, 0xfd, 0xff, 0xff, 0x00, 0x00, 0x00, 0x00, 0xc4, 0xff, 0xff, 0xff, 0x00, 0x00, 0x04, 0x00, 0x00, 0x00, 0x01, 0x00, 0x03, 0x00,
    0x00, 0x00, 0x00, 0x00, 0x00, 0x00, 0x00, 0x00, 0x09, 0x00, 0x00, 0x00, 0x05, 0x00, 0x02, 0x00, 0x00, 0x00, 0x00, 0x00, 0x00, 0x00,
    0x30, 0xfd, 0xff, 0xff, 0x00, 0x00, 0x00, 0x00, 0xc4, 0xff, 0xff, 0xff, 0x00, 0x00, 0x03, 0x00, 0x00, 0x00, 0x03, 0x00, 0x03, 0x00,
    0x00, 0x00, 0x00, 0x00, 0x00, 0x00, 0x00, 0x00, 0x0a, 0x00, 0x00, 0x00, 0x01, 0x00, 0x02, 0x00, 0x00, 0x00, 0x00, 0x00, 0x00, 0x00,
    0x30, 0xfd, 0xff, 0xff, 0x00, 0x00, 0x00, 0x00, 0xc4, 0xff, 0xff, 0xff, 0x00, 0x00, 0x03, 0x00, 0x00, 0x00, 0x03, 0x00, 0x03, 0x00,
    0x00, 0x00, 0x00, 0x00, 0x00, 0x00, 0x00, 0x00, 0x09, 0x00, 0x00, 0x00, 0x05, 0x00, 0x02, 0x00, 0x00, 0x00, 0x00, 0x00, 0x00, 0x00,
    0xd2, 0x00, 0x00, 0x00, 0x00, 0x00, 0x00, 0x00, 0xc4, 0xff, 0xff, 0xff, 0x00, 0x00, 0x0b, 0x00, 0x00, 0x00, 0x01, 0x00, 0x02, 0x00,
    0x00, 0x00, 0x00, 0x00, 0x00, 0x00, 0x00, 0x00, 0x03, 0x00, 0x00, 0x00, 0x02, 0x00, 0x02, 0x00, 0x00, 0x00, 0x00, 0x00, 0x00, 0x00,
    0xd2, 0x00, 0x00, 0x00, 0x00, 0x00, 0x00, 0x00, 0xc4, 0xff, 0xff, 0xff, 0x00, 0x00, 0x0a, 0x00, 0x00, 0x00, 0x05, 0x00, 0x00, 0x00,
    0x01, 0x00, 0x00, 0x00, 0x00, 0x00, 0x00, 0x00, 0x04, 0x00, 0x00, 0x00, 0x01, 0x00, 0x00, 0x00, 0x01, 0x00, 0x00, 0x00, 0x00, 0x00,
    0xd2, 0x00, 0x00, 0x00, 0x00, 0x00, 0x00, 0x00, 0xc4, 0xff, 0xff, 0xff, 0x00, 0x00, 0x0b, 0x00, 0x00, 0x00, 0x01, 0x00, 0x00, 0x00,
    0x01, 0x00, 0x00, 0x00, 0x00, 0x00, 0x00, 0x00, 0x03, 0x00, 0x00, 0x00, 0x02, 0x00, 0x00, 0x00, 0x01, 0x00, 0x00, 0x00, 0x00, 0x00,
    0xd2, 0x00, 0x00, 0x00, 0x00, 0x00, 0x00, 0x00, 0xc4, 0xff, 0xff, 0xff, 0x00, 0x00, 0x0b, 0x00, 0x02, 0x00, 0x01, 0x00, 0x00, 0x00,
    0x00, 0x00, 0x00, 0x00, 0x00, 0x00, 0x00, 0x00, 0x03, 0x00, 0x00, 0x00, 0x02, 0x00, 0x00, 0x00, 0x01, 0x00, 0x00, 0x00, 0x00, 0x00,
    0x6c, 0xfd, 0xff, 0xff, 0x00, 0x00, 0x00, 0x00, 0xc4, 0xff, 0xff, 0xff, 0x00, 0x00, 0x04, 0x00, 0x00, 0x00, 0x01, 0x00, 0x03, 0x00,
    0x00, 0x00, 0x00, 0x00, 0x00, 0x00, 0x00, 0x00, 0x0a, 0x00, 0x00, 0x00, 0x01, 0x00, 0x02, 0x00, 0x00, 0x00, 0x00, 0x00, 0x00, 0x00,
    0x4e, 0xfd, 0xff, 0xff, 0x00, 0x00, 0x00, 0x00, 0xc4, 0xff, 0xff, 0xff, 0x00, 0x00, 0x00, 0x00, 0x00, 0x00, 0x00, 0x00, 0x00, 0x00,
    0x00, 0x00, 0x00, 0x00, 0x00, 0x00, 0x00, 0x00, 0x00, 0x00, 0x00, 0x00, 0x00, 0x00, 0x00, 0x00, 0x00, 0x00, 0x00, 0x00, 0x00, 0x00,
    0x6c, 0xfd, 0xff, 0xff, 0x00, 0x00, 0x00, 0x00, 0xe2, 0xff, 0xff, 0xff, 0x00, 0x00, 0x0a, 0x00, 0x00, 0x00, 0x01, 0x00, 0x02, 0x00,
    0x00, 0x00, 0x00, 0x00, 0x00, 0x00, 0x00, 0x00, 0x01, 0x00, 0x04, 0x00, 0x01, 0x00, 0x00, 0x00, 0x00, 0x00, 0x00, 0x00, 0x00, 0x00,
    0x6c, 0xfd, 0xff, 0xff, 0x00, 0x00, 0x00, 0x00, 0xc4, 0xff, 0xff, 0xff, 0x00, 0x00, 0x01, 0x00, 0x02, 0x00, 0x01, 0x00, 0x00, 0x00,
    0x00, 0x00, 0x00, 0x00, 0x00, 0x00, 0x00, 0x00, 0x0a, 0x00, 0x00, 0x00, 0x01, 0x00, 0x02, 0x00, 0x00, 0x00, 0x00, 0x00, 0x00, 0x00,
    0x20, 0xfe, 0xff, 0xff, 0x00, 0x00, 0x00, 0x00, 0xc4, 0xff, 0xff, 0xff, 0x00, 0x00, 0x0a, 0x00, 0x00, 0x00, 0x05, 0x00, 0x03, 0x00,
    0x00, 0x00, 0x00, 0x00, 0x00, 0x00, 0x00, 0x00, 0x03, 0x00, 0x00, 0x00, 0x05, 0x00, 0x02, 0x00, 0x00, 0x00, 0x00, 0x00, 0x00, 0x00,
    0x20, 0xfe, 0xff, 0xff, 0x00, 0x00, 0x00, 0x00, 0xc4, 0xff, 0xff, 0xff, 0x00, 0x00, 0x01, 0x00, 0x06, 0x00, 0x01, 0x00, 0x00, 0x00,
    0x00, 0x00, 0x00, 0x00, 0x00, 0x00, 0x00, 0x00, 0x03, 0x00, 0x00, 0x00, 0x05, 0x00, 0x02, 0x00, 0x00, 0x00, 0x00, 0x00, 0x00, 0x00,
    0x20, 0xfe, 0xff, 0xff, 0x00, 0x00, 0x00, 0x00, 0xc4, 0xff, 0xff, 0xff, 0x00, 0x00, 0x0a, 0x00, 0x00, 0x00, 0x05, 0x00, 0x02, 0x00,
    0x00, 0x00, 0x00, 0x00, 0x00, 0x00, 0x00, 0x00, 0x01, 0x00, 0x03, 0x00, 0x01, 0x00, 0x00, 0x00, 0x00, 0x00, 0x00, 0x00, 0x00, 0x00,
    0x5c, 0xfe, 0xff, 0xff, 0x00, 0x00, 0x00, 0x00, 0xc4, 0xff, 0xff, 0xff, 0x00, 0x00, 0x0a, 0x00, 0x00, 0x00, 0x05, 0x00, 0x03, 0x00,
    0x00, 0x00, 0x00, 0x00, 0x00, 0x00, 0x00, 0x00, 0x03, 0x00, 0x00, 0x00, 0x05, 0x00, 0x02, 0x00, 0x00, 0x00, 0x00, 0x00, 0x00, 0x00,
    0x5c, 0xfe, 0xff, 0xff, 0x00, 0x00, 0x00, 0x00, 0xc4, 0xff, 0xff, 0xff, 0x00, 0x00, 0x01, 0x00, 0x06, 0x00, 0x01, 0x00, 0x00, 0x00,
    0x00, 0x00, 0x00, 0x00, 0x00, 0x00, 0x00, 0x00, 0x03, 0x00, 0x00, 0x00, 0x05, 0x00, 0x02, 0x00, 0x00, 0x00, 0x00, 0x00, 0x00, 0x00,
    0x5c, 0xfe, 0xff, 0xff, 0x00, 0x00, 0x00, 0x00, 0xc4, 0xff, 0xff, 0xff, 0x00, 0x00, 0x0a, 0x00, 0x00, 0x00, 0x05, 0x00, 0x02, 0x00,
    0x00, 0x00, 0x00, 0x00, 0x00, 0x00, 0x00, 0x00, 0x01, 0x00, 0x03, 0x00, 0x01, 0x00, 0x00, 0x00, 0x00, 0x00, 0x00, 0x00, 0x00, 0x00,
    0x02, 0xfe, 0xff, 0xff, 0x00, 0x00, 0x00, 0x00, 0xe2, 0xff, 0xff, 0xff, 0x00, 0x00, 0x08, 0x00, 0x06, 0x00, 0x03, 0x00, 0x00, 0x00,
    0x00, 0x00, 0x00, 0x00, 0x00, 0x00, 0x00, 0x00, 0x01, 0x00, 0x04, 0x00, 0x01, 0x00, 0x00, 0x00, 0x00, 0x00, 0x00, 0x00, 0x00, 0x00,
    0x02, 0xfe, 0xff, 0xff, 0x00, 0x00, 0x00, 0x00, 0xc4, 0xff, 0xff, 0xff, 0x00, 0x00, 0x00, 0x00, 0x00, 0x00, 0x00, 0x00, 0x00, 0x00,
    0x00, 0x00, 0x00, 0x00, 0x00, 0x00, 0x00, 0x00, 0x00, 0x00, 0x00, 0x00, 0x00, 0x00, 0x00, 0x00, 0x00, 0x00, 0x00, 0x00, 0x00, 0x00,
    0xe4, 0xfd, 0xff, 0xff, 0x00, 0x00, 0x00, 0x00, 0x1e, 0x00, 0x00, 0x00, 0x00, 0x00, 0x05, 0x00, 0x05, 0x00, 0x01, 0x00, 0x17, 0x00,
    0x1e, 0x00, 0x00, 0x00, 0x00, 0x00, 0x00, 0x00, 0x01, 0x00, 0x01, 0x00, 0x01, 0x00, 0x00, 0x00, 0x00, 0x00, 0x00, 0x00, 0x00, 0x00,
    0xf0, 0x00, 0x00, 0x00, 0x00, 0x00, 0x00, 0x00, 0xc4, 0xff, 0xff, 0xff, 0x00, 0x00, 0x04, 0x00, 0x00, 0x00, 0x01, 0x00, 0x00, 0x00,
    0x00, 0x00, 0x00, 0x00, 0x00, 0x00, 0x00, 0x00, 0x09, 0x00, 0x00, 0x00, 0x02, 0x00, 0x00, 0x00, 0x00, 0x00, 0x00, 0x00, 0x00, 0x00,
    0xf0, 0x00, 0x00, 0x00, 0x00, 0x00, 0x00, 0x00, 0xc4, 0xff, 0xff, 0xff, 0x00, 0x00, 0x05, 0x00, 0x00, 0x00, 0x03, 0x00, 0x00, 0x00,
    0x00, 0x00, 0x00, 0x00, 0x00, 0x00, 0x00, 0x00, 0x08, 0x00, 0x00, 0x00, 0x02, 0x00, 0x00, 0x00, 0x00, 0x00, 0x00, 0x00, 0x00, 0x00,
    0xf0, 0x00, 0x00, 0x00, 0x00, 0x00, 0x00, 0x00, 0xc4, 0xff, 0xff, 0xff, 0x00, 0x00, 0x05, 0x00, 0x00, 0x00, 0x02, 0x00, 0x00, 0x00,
    0x00, 0x00, 0x00, 0x00, 0x00, 0x00, 0x00, 0x00, 0x08, 0x00, 0x00, 0x00, 0x02, 0x00, 0x00, 0x00, 0x00, 0x00, 0x00, 0x00, 0x00, 0x00,
    0xf0, 0x00, 0x00, 0x00, 0x00, 0x00, 0x00, 0x00, 0xc4, 0xff, 0xff, 0xff, 0x00, 0x00, 0x04, 0x00, 0x00, 0x00, 0x01, 0x00, 0x00, 0x00,
    0x00, 0x00, 0x00, 0x00, 0x00, 0x00, 0x00, 0x00, 0x09, 0x00, 0x00, 0x00, 0x01, 0x00, 0x00, 0x00, 0x00, 0x00, 0x00, 0x00, 0x00, 0x00,
    0xf0, 0x00, 0x00, 0x00, 0x00, 0x00, 0x00, 0x00, 0xc4, 0xff, 0xff, 0xff, 0x00, 0x00, 0x04, 0x00, 0x00, 0x00, 0x02, 0x00, 0x00, 0x00,
    0x00, 0x00, 0x00, 0x00, 0x00, 0x00, 0x00, 0x00, 0x09, 0x00, 0x00, 0x00, 0x01, 0x00, 0x00, 0x00, 0x00, 0x00, 0x00, 0x00, 0x00, 0x00,
    0xe0, 0x01, 0x00, 0x00, 0x00, 0x00, 0x00, 0x00, 0xc4, 0xff, 0xff, 0xff, 0x00, 0x00, 0x0b, 0x00, 0x00, 0x00, 0x01, 0x00, 0x02, 0x00,
    0x00, 0x00, 0x00, 0x00, 0x00, 0x00, 0x00, 0x00, 0x03, 0x00, 0x00, 0x00, 0x02, 0x00, 0x02, 0x00, 0x00, 0x00, 0x00, 0x00, 0x00, 0x00,
    0xe0, 0x01, 0x00, 0x00, 0x00, 0x00, 0x00, 0x00, 0xc4, 0xff, 0xff, 0xff, 0x00, 0x00, 0x0a, 0x00, 0x00, 0x00, 0x05, 0x00, 0x02, 0x00,
    0x00, 0x00, 0x00, 0x00, 0x00, 0x00, 0x00, 0x00, 0x04, 0x00, 0x00, 0x00, 0x01, 0x00, 0x02, 0x00, 0x00, 0x00, 0x00, 0x00, 0x00, 0x00,
    0xd4, 0xfe, 0xff, 0xff, 0x00, 0x00, 0x00, 0x00, 0xc4, 0xff, 0xff, 0xff, 0x00, 0x00, 0x0a, 0x00, 0x00, 0x00, 0x01, 0x00, 0x00, 0x00,
    0x00, 0x00, 0x00, 0x00, 0x00, 0x00, 0x00, 0x00, 0x04, 0x00, 0x00, 0x00, 0x01, 0x00, 0x00, 0x00, 0x00, 0x00, 0x00, 0x00, 0x00, 0x00,
    0xd4, 0xfe, 0xff, 0xff, 0x00, 0x00, 0x00, 0x00, 0xc4, 0xff, 0xff, 0xff, 0x00, 0x00, 0x0b, 0x00, 0x06, 0x00, 0x01, 0x00, 0x00, 0x00,
    0x00, 0x00, 0x00, 0x00, 0x00, 0x00, 0x00, 0x00, 0x06, 0x00, 0x00, 0x00, 0x01, 0x00, 0x00, 0x00, 0x00, 0x00, 0x00, 0x00, 0x00, 0x00,
    0xd4, 0xfe, 0xff, 0xff, 0x00, 0x00, 0x00, 0x00, 0xc4, 0xff, 0xff, 0xff, 0x00, 0x00, 0x0b, 0x00, 0x00, 0x00, 0x01, 0x00, 0x00, 0x00,
    0x00, 0x00, 0x00, 0x00, 0x00, 0x00, 0x00, 0x00, 0x04, 0x00, 0x03, 0x00, 0x03, 0x00, 0x00, 0x00, 0x00, 0x00, 0x00, 0x00, 0x00, 0x00,
    0xf0, 0x00, 0x00, 0x00, 0x00, 0x00, 0x00, 0x00, 0xc4, 0xff, 0xff, 0xff, 0x00, 0x00, 0x03, 0x00, 0x00, 0x00, 0x01, 0x00, 0x00, 0x00,
    0x00, 0x00, 0x00, 0x00, 0x00, 0x00, 0x00, 0x00, 0x0a, 0x00, 0x00, 0x00, 0x01, 0x00, 0x00, 0x00, 0x00, 0x00, 0x00, 0x00, 0x00, 0x00,
    0xf0, 0x00, 0x00, 0x00, 0x00, 0x00, 0x00, 0x00, 0xc4, 0xff, 0xff, 0xff, 0x00, 0x00, 0x04, 0x00, 0x00, 0x00, 0x01, 0x00, 0x00, 0x00,
    0x00, 0x00, 0x00, 0x00, 0x00, 0x00, 0x00, 0x00, 0x0a, 0x00, 0x00, 0x00, 0x03, 0x00, 0x00, 0x00, 0x00, 0x00, 0x00, 0x00, 0x00, 0x00,
    0xf0, 0x00, 0x00, 0x00, 0x00, 0x00, 0x00, 0x00, 0xc4, 0xff, 0xff, 0xff, 0x00, 0x00, 0x04, 0x00, 0x00, 0x00, 0x02, 0x00, 0x00, 0x00,
    0x00, 0x00, 0x00, 0x00, 0x00, 0x00, 0x00, 0x00, 0x0a, 0x00, 0x00, 0x00, 0x01, 0x00, 0x00, 0x00, 0x00, 0x00, 0x00, 0x00, 0x00, 0x00,
    0xf0, 0x00, 0x00, 0x00, 0x00, 0x00, 0x00, 0x00, 0xc4, 0xff, 0xff, 0xff, 0x00, 0x00, 0x03, 0x00, 0x00, 0x00, 0x04, 0x00, 0x00, 0x00,
    0x00, 0x00, 0x00, 0x00, 0x00, 0x00, 0x00, 0x00, 0x0a, 0x00, 0x00, 0x00, 0x01, 0x00, 0x00, 0x00, 0x00, 0x00, 0x00, 0x00, 0x00, 0x00,
    0xd4, 0xfe, 0xff, 0xff, 0x00, 0x00, 0x00, 0x00, 0xc4, 0xff, 0xff, 0xff, 0x00, 0x00, 0x01, 0x00, 0x04, 0x00, 0x01, 0x00, 0x00, 0x00,
    0x00, 0x00, 0x00, 0x00, 0x00, 0x00, 0x00, 0x00, 0x03, 0x00, 0x00, 0x00, 0x05, 0x00, 0x02, 0x00, 0x00, 0x00, 0x00, 0x00, 0x00, 0x00,
    0xd4, 0xfe, 0xff, 0xff, 0x00, 0x00, 0x00, 0x00, 0xc4, 0xff, 0xff, 0xff, 0x00, 0x00, 0x0c, 0x00, 0x05, 0x00, 0x03, 0x00, 0x00, 0x00,
    0x00, 0x00, 0x00, 0x00, 0x00, 0x00, 0x00, 0x00, 0x01, 0x00, 0x01, 0x00, 0x01, 0x00, 0x00, 0x00, 0x00, 0x00, 0x00, 0x00, 0x00, 0x00,
    0x6c, 0xfd, 0xff, 0xff, 0x00, 0x00, 0x00, 0x00, 0xc4, 0xff, 0xff, 0xff, 0x00, 0x00, 0x0a, 0x00, 0x00, 0x00, 0x05, 0x00, 0x02, 0x00,
    0x00, 0x00, 0x00, 0x00, 0x00, 0x00, 0x00, 0x00, 0x01, 0x00, 0x03, 0x00, 0x01, 0x00, 0x00, 0x00, 0x00, 0x00, 0x00, 0x00, 0x00, 0x00,
    0x30, 0xfd, 0xff, 0xff, 0x00, 0x00, 0x00, 0x00, 0xc4, 0xff, 0xff, 0xff, 0x00, 0x00, 0x0a, 0x00, 0x00, 0x00, 0x05, 0x00, 0x03, 0x00,
    0x00, 0x00, 0x00, 0x00, 0x00, 0x00, 0x00, 0x00, 0x03, 0x00, 0x00, 0x00, 0x05, 0x00, 0x02, 0x00, 0x00, 0x00, 0x00, 0x00, 0x00, 0x00,
    0xb4, 0x00, 0x00, 0x00, 0x00, 0x00, 0x00, 0x00, 0xc4, 0xff, 0xff, 0xff, 0x00, 0x00, 0x0b, 0x00, 0x00, 0x00, 0x01, 0x00, 0x02, 0x00,
    0x00, 0x00, 0x00, 0x00, 0x00, 0x00, 0x00, 0x00, 0x03, 0x00, 0x00, 0x00, 0x02, 0x00, 0x02, 0x00, 0x00, 0x00, 0x00, 0x00, 0x00, 0x00,
    0xb4, 0x00, 0x00, 0x00, 0x00, 0x00, 0x00, 0x00, 0xc4, 0xff, 0xff, 0xff, 0x00, 0x00, 0x0a, 0x00, 0x00, 0x00, 0x05, 0x00, 0x02, 0x00,
    0x00, 0x00, 0x00, 0x00, 0x00, 0x00, 0x00, 0x00, 0x04, 0x00, 0x00, 0x00, 0x01, 0x00, 0x02, 0x00, 0x00, 0x00, 0x00, 0x00, 0x00, 0x00,
    0xa8, 0xfd, 0xff, 0xff, 0x00, 0x00, 0x00, 0x00, 0xc4, 0xff, 0xff, 0xff, 0x00, 0x00, 0x0a, 0x00, 0x00, 0x00, 0x05, 0x00, 0x03, 0x00,
    0x00, 0x00, 0x00, 0x00, 0x00, 0x00, 0x00, 0x00, 0x03, 0x00, 0x00, 0x00, 0x05, 0x00, 0x02, 0x00, 0x00, 0x00, 0x00, 0x00, 0x00, 0x00,
    0xa8, 0xfd, 0xff, 0xff, 0x00, 0x00, 0x00, 0x00, 0xc4, 0xff, 0xff, 0xff, 0x00, 0x00, 0x01, 0x00, 0x06, 0x00, 0x01, 0x00, 0x00, 0x00,
    0x00, 0x00, 0x00, 0x00, 0x00, 0x00, 0x00, 0x00, 0x03, 0x00, 0x00, 0x00, 0x05, 0x00, 0x02, 0x00, 0x00, 0x00, 0x00, 0x00, 0x00, 0x00,
    0xa8, 0xfd, 0xff, 0xff, 0x00, 0x00, 0x00, 0x00, 0xc4, 0xff, 0xff, 0xff, 0x00, 0x00, 0x0a, 0x00, 0x00, 0x00, 0x05, 0x00, 0x02, 0x00,
    0x00, 0x00, 0x00, 0x00, 0x00, 0x00, 0x00, 0x00, 0x01, 0x00, 0x03, 0x00, 0x01, 0x00, 0x00, 0x00, 0x00, 0x00, 0x00, 0x00, 0x00, 0x00,
    0x6c, 0xfd, 0xff, 0xff, 0x00, 0x00, 0x00, 0x00, 0x3c, 0x00, 0x00, 0x00, 0x00, 0x00, 0x03, 0x00, 0x00, 0x00, 0x05, 0x00, 0x02, 0x00,
    0x00, 0x00, 0x00, 0x00, 0x00, 0x00, 0x00, 0x00, 0x01, 0x00, 0x05, 0x00, 0x01, 0x00, 0x00, 0x00, 0x00, 0x00, 0x00, 0x00, 0x00, 0x00,
    0xf4, 0xfc, 0xff, 0xff, 0x00, 0x00, 0x00, 0x00, 0xc4, 0xff, 0xff, 0xff, 0x00, 0x00, 0x00, 0x00, 0x00, 0x00, 0x00, 0x00, 0x00, 0x00,
    0x00, 0x00, 0x00, 0x00, 0x00, 0x00, 0x00, 0x00, 0x00, 0x00, 0x00, 0x00, 0x00, 0x00, 0x00, 0x00, 0x00, 0x00, 0x00, 0x00, 0x00, 0x00,
    0x94, 0x02, 0x00, 0x00, 0x00, 0x00, 0x00, 0x00, 0xc4, 0xff, 0xff, 0xff, 0x00, 0x00, 0x00, 0x00, 0x00, 0x00, 0x00, 0x00, 0x00, 0x00,
    0x00, 0x00, 0x00, 0x00, 0x00, 0x00, 0x00, 0x00, 0x00, 0x00, 0x00, 0x00, 0x00, 0x00, 0x00, 0x00, 0x00, 0x00, 0x00, 0x00, 0x00, 0x00,
    0x94, 0x02, 0x00, 0x00, 0x00, 0x00, 0x00, 0x00, 0xc4, 0xff, 0xff, 0xff, 0x00, 0x00, 0x01, 0x00, 0x05, 0x00, 0x01, 0x00, 0x00, 0x00,
    0x00, 0x00, 0x00, 0x00, 0x00, 0x00, 0x00, 0x00, 0x09, 0x00, 0x00, 0x00, 0x05, 0x00, 0x00, 0x00, 0x00, 0x00, 0x00, 0x00, 0x00, 0x00,
    0x94, 0x02, 0x00, 0x00, 0x00, 0x00, 0x00, 0x00, 0xc4, 0xff, 0xff, 0xff, 0x00, 0x00, 0x04, 0x00, 0x06, 0x00, 0x01, 0x00, 0x04, 0x00,
    0x00, 0x00, 0x00, 0x00, 0x00, 0x00, 0x00, 0x00, 0x09, 0x00, 0x06, 0x00, 0x05, 0x00, 0x03, 0x00, 0x00, 0x00, 0x00, 0x00, 0x00, 0x00,
    0xf4, 0xfc, 0xff, 0xff, 0x00, 0x00, 0x00, 0x00, 0xc4, 0xff, 0xff, 0xff, 0x00, 0x00, 0x04, 0x00, 0x00, 0x00, 0x01, 0x00, 0x04, 0x00,
    0x00, 0x00, 0x00, 0x00, 0x00, 0x00, 0x00, 0x00, 0x09, 0x00, 0x00, 0x00, 0x05, 0x00, 0x03, 0x00, 0x00, 0x00, 0x00, 0x00, 0x00, 0x00,
    0xf4, 0xfc, 0xff, 0xff, 0x00, 0x00, 0x00, 0x00, 0xc4, 0xff, 0xff, 0xff, 0x00, 0x00, 0x04, 0x00, 0x00, 0x00, 0x01, 0x00, 0x04, 0x00,
    0x00, 0x00, 0x00, 0x00, 0x00, 0x00, 0x00, 0x00, 0x01, 0x00, 0x05, 0x00, 0x01, 0x00, 0x00, 0x00, 0x00, 0x00, 0x00, 0x00, 0x00, 0x00,
    0x00, 0x00, 0x00, 0x00, 0x00, 0x00, 0x00, 0x00, 0xc4, 0xff, 0xff, 0xff, 0x00, 0x00, 0x01, 0x00, 0x01, 0x00, 0x01, 0x00, 0x00, 0x00,
    0x00, 0x00, 0x00, 0x00, 0x00, 0x00, 0x00, 0x00, 0x01, 0x00, 0x01, 0x00, 0x01, 0x00, 0x01, 0x00, 0x00, 0x00, 0x00, 0x00, 0x00, 0x00,
    0xc4, 0xff, 0xff, 0xff, 0x00, 0x00, 0x00, 0x00, 0x3c, 0x00, 0x00, 0x00, 0x00, 0x00, 0x01, 0x00, 0x02, 0x00, 0x01, 0x00, 0x00, 0x00,
    0x00, 0x00, 0x00, 0x00, 0x00, 0x00, 0x00, 0x00, 0x01, 0x00, 0x02, 0x00, 0x01, 0x00, 0x02, 0x00, 0x00, 0x00, 0x00, 0x00, 0x00, 0x00,
    0x10, 0xff, 0xff, 0xff, 0x00, 0x00, 0x00, 0x00, 0x3c, 0x00, 0x00, 0x00, 0x00, 0x00, 0x0c, 0x00, 0x00, 0x00, 0x01, 0x00, 0x02, 0x00,
    0x00, 0x00, 0x00, 0x00, 0x00, 0x00, 0x00, 0x00, 0x01, 0x00, 0x05, 0x00, 0x01, 0x00, 0x00, 0x00, 0x00, 0x00, 0x00, 0x00, 0x00, 0x00,
    0x88, 0xff, 0xff, 0xff, 0x00, 0x00, 0x00, 0x00, 0xc4, 0xff, 0xff, 0xff, 0x00, 0x00, 0x01, 0x00, 0x06, 0x00, 0x01, 0x00, 0x00, 0x00,
    0x00, 0x00, 0x00, 0x00, 0x00, 0x00, 0x00, 0x00, 0x01, 0x00, 0x06, 0x00, 0x03, 0x00, 0x0c, 0x00, 0x00, 0x00, 0x00, 0x00, 0x00, 0x00,
    0x88, 0xff, 0xff, 0xff, 0x00, 0x00, 0x00, 0x00, 0xc4, 0xff, 0xff, 0xff, 0x00, 0x00, 0x02, 0x00, 0x01, 0x00, 0x01, 0x00, 0x00, 0x00,
    0x00, 0x00, 0x00, 0x00, 0x00, 0x00, 0x00, 0x00, 0x01, 0x00, 0x05, 0x00, 0x01, 0x00, 0x00, 0x00, 0x00, 0x00, 0x00, 0x00, 0x00, 0x00,
    0xb6, 0xfe, 0xff, 0xff, 0x00, 0x00, 0x00, 0x00, 0xe2, 0xff, 0xff, 0xff, 0x00, 0x00, 0x04, 0x00, 0x06, 0x00, 0x03, 0x00, 0x00, 0x00,
    0x1e, 0x00, 0x00, 0x00, 0x00, 0x00, 0x00, 0x00, 0x01, 0x00, 0x00, 0x00, 0x01, 0x00, 0x00, 0x00, 0x00, 0x00, 0x00, 0x00, 0x00, 0x00,
    0x88, 0xff, 0xff, 0xff, 0x00, 0x00, 0x00, 0x00, 0xc4, 0xff, 0xff, 0xff, 0x00, 0x00, 0x0b, 0x00, 0x03, 0x00, 0x01, 0x00, 0x00, 0x00,
    0x00, 0x00, 0x00, 0x00, 0x00, 0x00, 0x00, 0x00, 0x01, 0x00, 0x00, 0x00, 0x01, 0x00, 0x00, 0x00, 0x00, 0x00, 0x00, 0x00, 0x00, 0x00,
    0x88, 0xff, 0xff, 0xff, 0x00, 0x00, 0x00, 0x00, 0xc4, 0xff, 0xff, 0xff, 0x00, 0x00, 0x0a, 0x00, 0x00, 0x00, 0x01, 0x00, 0x00, 0x00,
    0x00, 0x00, 0x00, 0x00, 0x00, 0x00, 0x00, 0x00, 0x04, 0x00, 0x06, 0x00, 0x01, 0x00, 0x00, 0x00, 0x00, 0x00, 0x00, 0x00, 0x00, 0x00,
    0x88, 0xff, 0xff, 0xff, 0x00, 0x00, 0x00, 0x00, 0xc4, 0xff, 0xff, 0xff, 0x00, 0x00, 0x0a, 0x00, 0x01, 0x00, 0x01, 0x00, 0x00, 0x00,
    0x00, 0x00, 0x00, 0x00, 0x00, 0x00, 0x00, 0x00, 0x04, 0x00, 0x00, 0x00, 0x01, 0x00, 0x00, 0x00, 0x00, 0x00, 0x00, 0x00, 0x00, 0x00,
    0x88, 0xff, 0xff, 0xff, 0x00, 0x00, 0x00, 0x00, 0xc4, 0xff, 0xff, 0xff, 0x00, 0x00, 0x0a, 0x00, 0x02, 0x00, 0x01, 0x00, 0x00, 0x00,
    0x00, 0x00, 0x00, 0x00, 0x00, 0x00, 0x00, 0x00, 0x04, 0x00, 0x01, 0x00, 0x01, 0x00, 0x00, 0x00, 0x00, 0x00, 0x00, 0x00, 0x00, 0x00,
    0x88, 0xff, 0xff, 0xff, 0x00, 0x00, 0x00, 0x00, 0xc4, 0xff, 0xff, 0xff, 0x00, 0x00, 0x0a, 0x00, 0x03, 0x00, 0x01, 0x00, 0x00, 0x00,
    0x00, 0x00, 0x00, 0x00, 0x00, 0x00, 0x00, 0x00, 0x04, 0x00, 0x02, 0x00, 0x01, 0x00, 0x00, 0x00, 0x00, 0x00, 0x00, 0x00, 0x00, 0x00,
    0x88, 0xff, 0xff, 0xff, 0x00, 0x00, 0x00, 0x00, 0xc4, 0xff, 0xff, 0xff, 0x00, 0x00, 0x0a, 0x00, 0x05, 0x00, 0x01, 0x00, 0x00, 0x00,
    0x00, 0x00, 0x00, 0x00, 0x00, 0x00, 0x00, 0x00, 0x04, 0x00, 0x04, 0x00, 0x01, 0x00, 0x00, 0x00, 0x00, 0x00, 0x00, 0x00, 0x00, 0x00,
    0x88, 0xff, 0xff, 0xff, 0x00, 0x00, 0x00, 0x00, 0xc4, 0xff, 0xff, 0xff, 0x00, 0x00, 0x0a, 0x00, 0x06, 0x00, 0x01, 0x00, 0x00, 0x00,
    0x00, 0x00, 0x00, 0x00, 0x00, 0x00, 0x00, 0x00, 0x04, 0x00, 0x05, 0x00, 0x01, 0x00, 0x00, 0x00, 0x00, 0x00, 0x00, 0x00, 0x00, 0x00,
    0x88, 0xff, 0xff, 0xff, 0x00, 0x00, 0x00, 0x00, 0xc4, 0xff, 0xff, 0xff, 0x00, 0x00, 0x09, 0x00, 0x05, 0x00, 0x04, 0x00, 0x00, 0x00,
    0x00, 0x00, 0x00, 0x00, 0x00, 0x00, 0x00, 0x00, 0x04, 0x00, 0x06, 0x00, 0x01, 0x00, 0x00, 0x00, 0x00, 0x00, 0x00, 0x00, 0x00, 0x00,
    0x88, 0xff, 0xff, 0xff, 0x00, 0x00, 0x00, 0x00, 0xc4, 0xff, 0xff, 0xff, 0x00, 0x00, 0x0b, 0x00, 0x05, 0x00, 0x01, 0x00, 0x00, 0x00,
    0x00, 0x00, 0x00, 0x00, 0x00, 0x00, 0x00, 0x00, 0x03, 0x00, 0x05, 0x00, 0x05, 0x00, 0x00, 0x00, 0x00, 0x00, 0x00, 0x00, 0x00, 0x00,
    0x88, 0xff, 0xff, 0xff, 0x00, 0x00, 0x00, 0x00, 0xc4, 0xff, 0xff, 0xff, 0x00, 0x00, 0x0b, 0x00, 0x06, 0x00, 0x01, 0x00, 0x00, 0x00,
    0x00, 0x00, 0x00, 0x00, 0x00, 0x00, 0x00, 0x00, 0x04, 0x00, 0x05, 0x00, 0x01, 0x00, 0x00, 0x00, 0x00, 0x00, 0x00, 0x00, 0x00, 0x00,
    0x88, 0xff, 0xff, 0xff, 0x00, 0x00, 0x00, 0x00, 0xc4, 0xff, 0xff, 0xff, 0x00, 0x00, 0x0a, 0x00, 0x05, 0x00, 0x05, 0x00, 0x00, 0x00,
    0x00, 0x00, 0x00, 0x00, 0x00, 0x00, 0x00, 0x00, 0x03, 0x00, 0x05, 0x00, 0x05, 0x00, 0x00, 0x00, 0x00, 0x00, 0x00, 0x00, 0x00, 0x00,
    0x88, 0xff, 0xff, 0xff, 0x00, 0x00, 0x00, 0x00, 0xc4, 0xff, 0xff, 0xff, 0x00, 0x00, 0x0a, 0x00, 0x05, 0x00, 0x05, 0x00, 0x00, 0x00,
    0x00, 0x00, 0x00, 0x00, 0x00, 0x00, 0x00, 0x00, 0x04, 0x00, 0x05, 0x00, 0x01, 0x00, 0x00, 0x00, 0x00, 0x00, 0x00, 0x00, 0x00, 0x00,
    0x88, 0xff, 0xff, 0xff, 0x00, 0x00, 0x00, 0x00, 0xc4, 0xff, 0xff, 0xff, 0x00, 0x00, 0x01, 0x00, 0x06, 0x00, 0x01, 0x00, 0x00, 0x00,
    0x00, 0x00, 0x00, 0x00, 0x00, 0x00, 0x00, 0x00, 0x03, 0x00, 0x05, 0x00, 0x05, 0x00, 0x00, 0x00, 0x00, 0x00, 0x00, 0x00, 0x00, 0x00,
    0xa8, 0xfd, 0xff, 0xff, 0x00, 0x00, 0x00, 0x00, 0xc4, 0xff, 0xff, 0xff, 0x00, 0x00, 0x03, 0x00, 0x00, 0x00, 0x05, 0x00, 0x03, 0x00,
    0x00, 0x00, 0x00, 0x00, 0x00, 0x00, 0x00, 0x00, 0x0a, 0x00, 0x00, 0x00, 0x01, 0x00, 0x02, 0x00, 0x00, 0x00, 0x00, 0x00, 0x00, 0x00,
    0xb4, 0x00, 0x00, 0x00, 0x00, 0x00, 0x00, 0x00, 0xc4, 0xff, 0xff, 0xff, 0x00, 0x00, 0x01, 0x00, 0x00, 0x00, 0x01, 0x00, 0x00, 0x00,
    0x00, 0x00, 0x00, 0x00, 0x00, 0x00, 0x00, 0x00, 0x0a, 0x00, 0x00, 0x00, 0x03, 0x00, 0x00, 0x00, 0x00, 0x00, 0x00, 0x00, 0x00, 0x00,
    0x5c, 0xfe, 0xff, 0xff, 0x00, 0x00, 0x00, 0x00, 0x3c, 0x00, 0x00, 0x00, 0x00, 0x00, 0x0a, 0x00, 0x00, 0x00, 0x05, 0x00, 0x03, 0x00,
    0x00, 0x00, 0x00, 0x00, 0x00, 0x00, 0x00, 0x00, 0x03, 0x00, 0x00, 0x00, 0x05, 0x00, 0x02, 0x00, 0x00, 0x00, 0x00, 0x00, 0x00, 0x00,
    0x5c, 0xfe, 0xff, 0xff, 0x00, 0x00, 0x00, 0x00, 0x3c, 0x00, 0x00, 0x00, 0x00, 0x00, 0x05, 0x00, 0x00, 0x00, 0x05, 0x00, 0x02, 0x00,
    0x00, 0x00, 0x00, 0x00, 0x00, 0x00, 0x00, 0x00, 0x01, 0x00, 0x05, 0x00, 0x01, 0x00, 0x00, 0x00, 0x00, 0x00, 0x00, 0x00, 0x00, 0x00,
    0xf4, 0xfc, 0xff, 0xff, 0x00, 0x00, 0x00, 0x00, 0xc4, 0xff, 0xff, 0xff, 0x00, 0x00, 0x03, 0x00, 0x00, 0x00, 0x03, 0x00, 0x03, 0x00,
    0x00, 0x00, 0x00, 0x00, 0x00, 0x00, 0x00, 0x00, 0x0b, 0x00, 0x00, 0x00, 0x01, 0x00, 0x02, 0x00, 0x00, 0x00, 0x00, 0x00, 0x00, 0x00,
    0xf4, 0xfc, 0xff, 0xff, 0x00, 0x00, 0x00, 0x00, 0xc4, 0xff, 0xff, 0xff, 0x00, 0x00, 0x01, 0x00, 0x00, 0x00, 0x05, 0x00, 0x02, 0x00,
    0x00, 0x00, 0x00, 0x00, 0x00, 0x00, 0x00, 0x00, 0x0b, 0x00, 0x00, 0x00, 0x01, 0x00, 0x02, 0x00, 0x00, 0x00, 0x00, 0x00, 0x00, 0x00,
    0xf4, 0xfc, 0xff, 0xff, 0x00, 0x00, 0x00, 0x00, 0xc4, 0xff, 0xff, 0xff, 0x00, 0x00, 0x01, 0x00, 0x00, 0x00, 0x05, 0x00, 0x02, 0x00,
    0x00, 0x00, 0x00, 0x00, 0x00, 0x00, 0x00, 0x00, 0x01, 0x00, 0x02, 0x00, 0x01, 0x00, 0x00, 0x00, 0x00, 0x00, 0x00, 0x00, 0x00, 0x00,
    0xf4, 0xfc, 0xff, 0xff, 0x00, 0x00, 0x00, 0x00, 0xc4, 0xff, 0xff, 0xff, 0x00, 0x00, 0x01, 0x00, 0x05, 0x00, 0x01, 0x00, 0x00, 0x00,
    0x00, 0x00, 0x00, 0x00, 0x00, 0x00, 0x00, 0x00, 0x0b, 0x00, 0x00, 0x00, 0x01, 0x00, 0x02, 0x00, 0x00, 0x00, 0x00, 0x00, 0x00, 0x00,
    0xf4, 0xfc, 0xff, 0xff, 0x00, 0x00, 0x00, 0x00, 0xc4, 0xff, 0xff, 0xff, 0x00, 0x00, 0x01, 0x00, 0x00, 0x00, 0x03, 0x00, 0x03, 0x00,
    0x00, 0x00, 0x00, 0x00, 0x00, 0x00, 0x00, 0x00, 0x01, 0x00, 0x00, 0x00, 0x01, 0x00, 0x00, 0x00, 0x00, 0x00, 0x00, 0x00, 0x00, 0x00,
    0xe4, 0xfd, 0xff, 0xff, 0x00, 0x00, 0x00, 0x00, 0xc4, 0xff, 0xff, 0xff, 0x00, 0x00, 0x0a, 0x00, 0x00, 0x00, 0x05, 0x00, 0x03, 0x00,
    0x00, 0x00, 0x00, 0x00, 0x00, 0x00, 0x00, 0x00, 0x03, 0x00, 0x00, 0x00, 0x05, 0x00, 0x02, 0x00, 0x00, 0x00, 0x00, 0x00, 0x00, 0x00,
    0xe4, 0xfd, 0xff, 0xff, 0x00, 0x00, 0x00, 0x00, 0xc4, 0xff, 0xff, 0xff, 0x00, 0x00, 0x01, 0x00, 0x06, 0x00, 0x01, 0x00, 0x00, 0x00,
    0x00, 0x00, 0x00, 0x00, 0x00, 0x00, 0x00, 0x00, 0x03, 0x00, 0x00, 0x00, 0x05, 0x00, 0x02, 0x00, 0x00, 0x00, 0x00, 0x00, 0x00, 0x00,
    0x20, 0xfe, 0xff, 0xff, 0x00, 0x00, 0x00, 0x00, 0x88, 0xff, 0xff, 0xff, 0x00, 0x00, 0x0a, 0x00, 0x00, 0x00, 0x05, 0x00, 0x02, 0x00,
    0x00, 0x00, 0x00, 0x00, 0x00, 0x00, 0x00, 0x00, 0x01, 0x00, 0x03, 0x00, 0x01, 0x00, 0x00, 0x00, 0x00, 0x00, 0x00, 0x00, 0x00, 0x00,
    0xe4, 0xfd, 0xff, 0xff, 0x00, 0x00, 0x00, 0x00, 0x3c, 0x00, 0x00, 0x00, 0x00, 0x00, 0x03, 0x00, 0x00, 0x00, 0x05, 0x00, 0x02, 0x00,
    0x00, 0x00, 0x00, 0x00, 0x00, 0x00, 0x00, 0x00, 0x01, 0x00, 0x05, 0x00, 0x01, 0x00, 0x00, 0x00, 0x00, 0x00, 0x00, 0x00, 0x00, 0x00,
    0x88, 0xff, 0xff, 0xff, 0x00, 0x00, 0x00, 0x00, 0xc4, 0xff, 0xff, 0xff, 0x00, 0x00, 0x0a, 0x00, 0x00, 0x00, 0x05, 0x00, 0x02, 0x00,
    0x00, 0x00, 0x00, 0x00, 0x00, 0x00, 0x00, 0x00, 0x03, 0x00, 0x00, 0x00, 0x05, 0x00, 0x01, 0x00, 0x00, 0x00, 0x00, 0x00, 0x00, 0x00,
    0x88, 0xff, 0xff, 0xff, 0x00, 0x00, 0x00, 0x00, 0xc4, 0xff, 0xff, 0xff, 0x00, 0x00, 0x0b, 0x00, 0x00, 0x00, 0x02, 0x00, 0x04, 0x00,
    0x00, 0x00, 0x00, 0x00, 0x00, 0x00, 0x00, 0x00, 0x03, 0x00, 0x00, 0x00, 0x05, 0x00, 0x03, 0x00, 0x00, 0x00, 0x00, 0x00, 0x00, 0x00,
    0x88, 0xff, 0xff, 0xff, 0x00, 0x00, 0x00, 0x00, 0xc4, 0xff, 0xff, 0xff, 0x00, 0x00, 0x01, 0x00, 0x05, 0x00, 0x01, 0x00, 0x00, 0x00,
    0x00, 0x00, 0x00, 0x00, 0x00, 0x00, 0x00, 0x00, 0x03, 0x00, 0x00, 0x00, 0x05, 0x00, 0x03, 0x00, 0x00, 0x00, 0x00, 0x00, 0x00, 0x00,
    0x2c, 0x01, 0x00, 0x00, 0x00, 0x00, 0x00, 0x00, 0xc4, 0xff, 0xff, 0xff, 0x00, 0x00, 0x01, 0x00, 0x04, 0x00, 0x01, 0x00, 0x00, 0x00,
    0x00, 0x00, 0x00, 0x00, 0x00, 0x00, 0x00, 0x00, 0x03, 0x00, 0x00, 0x00, 0x02, 0x00, 0x02, 0x00, 0x00, 0x00, 0x00, 0x00, 0x00, 0x00,
    0x2c, 0x01, 0x00, 0x00, 0x00, 0x00, 0x00, 0x00, 0xc4, 0xff, 0xff, 0xff, 0x00, 0x00, 0x0b, 0x00, 0x00, 0x00, 0x01, 0x00, 0x02, 0x00,
    0x00, 0x00, 0x00, 0x00, 0x00, 0x00, 0x00, 0x00, 0x01, 0x00, 0x01, 0x00, 0x01, 0x00, 0x00, 0x00, 0x00, 0x00, 0x00, 0x00, 0x00, 0x00,
    0x00, 0x00, 0x00, 0x00, 0x00, 0x00, 0x00, 0x00, 0x00, 0x00, 0x00, 0x00, 0x00, 0x00, 0x00, 0x00, 0x00, 0x00, 0x00, 0x00, 0x00, 0x00,
    0x00, 0x00, 0x00, 0x00, 0x00, 0x00, 0x00, 0x00, 0x00, 0x00, 0x00, 0x00, 0x00, 0x00, 0x00, 0x00, 0x00, 0x00, 0x00, 0x00, 0x00, 0x00,
    0x30, 0xfd, 0xff, 0xff, 0x00, 0x00, 0x00, 0x00, 0x00, 0x00, 0x00, 0x00, 0x00, 0x00, 0x00, 0x00, 0x00, 0x00, 0x00, 0x00, 0x00, 0x00,
    0x00, 0x00, 0x00, 0x00, 0x00, 0x00, 0x00, 0x00, 0x00, 0x00, 0x00, 0x00, 0x00, 0x00, 0x00, 0x00, 0x00, 0x00, 0x00, 0x00, 0x00, 0x00,
    0xf4, 0xfc, 0xff, 0xff, 0x00, 0x00, 0x00, 0x00, 0x00, 0x00, 0x00, 0x00, 0x00, 0x00, 0x00, 0x00, 0x00, 0x00, 0x00, 0x00, 0x00, 0x00,
    0x00, 0x00, 0x00, 0x00, 0x00, 0x00, 0x00, 0x00, 0x00, 0x00, 0x00, 0x00, 0x00, 0x00, 0x00, 0x00, 0x00, 0x00, 0x00, 0x00, 0x00, 0x00,
    0x78, 0x00, 0x00, 0x00, 0x00, 0x00, 0x00, 0x00, 0x00, 0x00, 0x00, 0x00, 0x00, 0x00, 0x00, 0x00, 0x00, 0x00, 0x00, 0x00, 0x00, 0x00,
    0x00, 0x00, 0x00, 0x00, 0x00, 0x00, 0x00, 0x00, 0x00, 0x00, 0x00, 0x00, 0x00, 0x00, 0x00, 0x00, 0x00, 0x00, 0x00, 0x00, 0x00, 0x00,
    0xe0, 0x01, 0x00, 0x00, 0x00, 0x00, 0x00, 0x00, 0x00, 0x00, 0x00, 0x00, 0x00, 0x00, 0x00, 0x00, 0x00, 0x00, 0x00, 0x00, 0x00, 0x00,
    0x00, 0x00, 0x00, 0x00, 0x00, 0x00, 0x00, 0x00, 0x00, 0x00, 0x00, 0x00, 0x00, 0x00, 0x00, 0x00, 0x00, 0x00, 0x00, 0x00, 0x00, 0x00,
    0x1c, 0x02, 0x00, 0x00, 0x00, 0x00, 0x00, 0x00, 0x00, 0x00, 0x00, 0x00, 0x00, 0x00, 0x00, 0x00, 0x00, 0x00, 0x00, 0x00, 0x00, 0x00,
    0x00, 0x00, 0x00, 0x00, 0x00, 0x00, 0x00, 0x00, 0x00, 0x00, 0x00, 0x00, 0x00, 0x00, 0x00, 0x00, 0x00, 0x00, 0x00, 0x00, 0x00, 0x00,
    0x94, 0x02, 0x00, 0x00, 0x00, 0x00, 0x00, 0x00, 0x00, 0x00, 0x00, 0x00, 0x00, 0x00, 0x00, 0x00, 0x00, 0x00, 0x00, 0x00, 0x00, 0x00,
    0x00, 0x00, 0x00, 0x00, 0x00, 0x00, 0x00, 0x00, 0x00, 0x00, 0x00, 0x00, 0x00, 0x00, 0x00, 0x00, 0x00, 0x00, 0x00, 0x00, 0x00, 0x00,
    0x20, 0xfe, 0xff, 0xff, 0x00, 0x00, 0x00, 0x00, 0xc4, 0xff, 0xff, 0xff, 0x00, 0x00, 0x09, 0x00, 0x06, 0x00, 0x05, 0x00, 0x02, 0x00,
    0x00, 0x00, 0x00, 0x00, 0x00, 0x00, 0x00, 0x00, 0x04, 0x00, 0x06, 0x00, 0x05, 0x00, 0x02, 0x00, 0x00, 0x00, 0x00, 0x00, 0x00, 0x00,
    0x20, 0xfe, 0xff, 0xff, 0x00, 0x00, 0x00, 0x00, 0xc4, 0xff, 0xff, 0xff, 0x00, 0x00, 0x09, 0x00, 0x06, 0x00, 0x05, 0x00, 0x02, 0x00,
    0x00, 0x00, 0x00, 0x00, 0x00, 0x00, 0x00, 0x00, 0x03, 0x00, 0x06, 0x00, 0x05, 0x00, 0x02, 0x00, 0x00, 0x00, 0x00, 0x00, 0x00, 0x00,
    0x20, 0xfe, 0xff, 0xff, 0x00, 0x00, 0x00, 0x00, 0xc4, 0xff, 0xff, 0xff, 0x00, 0x00, 0x09, 0x00, 0x06, 0x00, 0x05, 0x00, 0x00, 0x00,
    0x00, 0x00, 0x00, 0x00, 0x00, 0x00, 0x00, 0x00, 0x03, 0x00, 0x06, 0x00, 0x05, 0x00, 0x02, 0x00, 0x00, 0x00, 0x00, 0x00, 0x00, 0x00,
    0x0e, 0x01, 0x00, 0x00, 0x00, 0x00, 0x00, 0x00, 0xe2, 0xff, 0xff, 0xff, 0x00, 0x00, 0x0c, 0x00, 0x00, 0x00, 0x02, 0x00, 0x03, 0x00,
    0x00, 0x00, 0x00, 0x00, 0x00, 0x00, 0x00, 0x00, 0x01, 0x00, 0x01, 0x00, 0x01, 0x00, 0x00, 0x00, 0x00, 0x00, 0x00, 0x00, 0x00, 0x00,
    0x0e, 0x01, 0x00, 0x00, 0x00, 0x00, 0x00, 0x00, 0xc4, 0xff, 0xff, 0xff, 0x00, 0x00, 0x00, 0x00, 0x00, 0x00, 0x00, 0x00, 0x00, 0x00,
    0x00, 0x00, 0x00, 0x00, 0x00, 0x00, 0x00, 0x00, 0x00, 0x00, 0x00, 0x00, 0x00, 0x00, 0x00, 0x00, 0x00, 0x00, 0x00, 0x00, 0x00, 0x00,
    0xf0, 0x00, 0x00, 0x00, 0x00, 0x00, 0x00, 0x00, 0x1e, 0x00, 0x00, 0x00, 0x00, 0x00, 0x05, 0x00, 0x00, 0x00, 0x01, 0x00, 0x02, 0x00,
    0x1e, 0x00, 0x00, 0x00, 0x00, 0x00, 0x00, 0x00, 0x01, 0x00, 0x05, 0x00, 0x01, 0x00, 0x00, 0x00, 0x00, 0x00, 0x00, 0x00, 0x00, 0x00,
    0x10, 0xff, 0xff, 0xff, 0x00, 0x00, 0x00, 0x00, 0x3c, 0x00, 0x00, 0x00, 0x00, 0x00, 0x0a, 0x00, 0x00, 0x00, 0x05, 0x00, 0x02, 0x00,
    0x00, 0x00, 0x00, 0x00, 0x00, 0x00, 0x00, 0x00, 0x01, 0x00, 0x01, 0x00, 0x01, 0x00, 0x00, 0x00, 0x00, 0x00, 0x00, 0x00, 0x00, 0x00,
    0x4c, 0xff, 0xff, 0xff, 0x00, 0x00, 0x00, 0x00, 0xc4, 0xff, 0xff, 0xff, 0x00, 0x00, 0x0c, 0x00, 0x00, 0x00, 0x05, 0x00, 0x02, 0x00,
    0x00, 0x00, 0x00, 0x00, 0x00, 0x00, 0x00, 0x00, 0x01, 0x00, 0x03, 0x00, 0x01, 0x00, 0x00, 0x00, 0x00, 0x00, 0x00, 0x00, 0x00, 0x00,
    0x20, 0xfe, 0xff, 0xff, 0x00, 0x00, 0x00, 0x00, 0xc4, 0xff, 0xff, 0xff, 0x00, 0x00, 0x01, 0x00, 0x00, 0x00, 0x01, 0x00, 0x00, 0x00,
    0x00, 0x00, 0x00, 0x00, 0x00, 0x00, 0x00, 0x00, 0x0c, 0x00, 0x00, 0x00, 0x01, 0x00, 0x02, 0x00, 0x00, 0x00, 0x00, 0x00, 0x00, 0x00,
    0x20, 0xfe, 0xff, 0xff, 0x00, 0x00, 0x00, 0x00, 0xc4, 0xff, 0xff, 0xff, 0x00, 0x00, 0x03, 0x00, 0x00, 0x00, 0x05, 0x00, 0x03, 0x00,
    0x00, 0x00, 0x00, 0x00, 0x00, 0x00, 0x00, 0x00, 0x0a, 0x00, 0x00, 0x00, 0x05, 0x00, 0x02, 0x00, 0x00, 0x00, 0x00, 0x00, 0x00, 0x00,
    0x20, 0xfe, 0xff, 0xff, 0x00, 0x00, 0x00, 0x00, 0xc4, 0xff, 0xff, 0xff, 0x00, 0x00, 0x03, 0x00, 0x00, 0x00, 0x05, 0x00, 0x03, 0x00,
    0x00, 0x00, 0x00, 0x00, 0x00, 0x00, 0x00, 0x00, 0x01, 0x00, 0x04, 0x00, 0x01, 0x00, 0x00, 0x00, 0x00, 0x00, 0x00, 0x00, 0x00, 0x00,
    0xc4, 0xff, 0xff, 0xff, 0x00, 0x00, 0x00, 0x00, 0xc4, 0xff, 0xff, 0xff, 0x00, 0x00, 0x00, 0x00, 0x00, 0x00, 0x00, 0x00, 0x00, 0x00,
    0x00, 0x00, 0x00, 0x00, 0x00, 0x00, 0x00, 0x00, 0x00, 0x00, 0x00, 0x00, 0x00, 0x00, 0x00, 0x00, 0x00, 0x00, 0x00, 0x00, 0x00, 0x00,
    0x5c, 0xfe, 0xff, 0xff, 0x00, 0x00, 0x00, 0x00, 0xc4, 0xff, 0xff, 0xff, 0x00, 0x00, 0x09, 0x00, 0x06, 0x00, 0x05, 0x00, 0x02, 0x00,
    0x00, 0x00, 0x00, 0x00, 0x00, 0x00, 0x00, 0x00, 0x04, 0x00, 0x06, 0x00, 0x05, 0x00, 0x02, 0x00, 0x00, 0x00, 0x00, 0x00, 0x00, 0x00,
    0x5c, 0xfe, 0xff, 0xff, 0x00, 0x00, 0x00, 0x00, 0xc4, 0xff, 0xff, 0xff, 0x00, 0x00, 0x09, 0x00, 0x06, 0x00, 0x05, 0x00, 0x02, 0x00,
    0x00, 0x00, 0x00, 0x00, 0x00, 0x00, 0x00, 0x00, 0x03, 0x00, 0x06, 0x00, 0x05, 0x00, 0x02, 0x00, 0x00, 0x00, 0x00, 0x00, 0x00, 0x00,
    0x5c, 0xfe, 0xff, 0xff, 0x00, 0x00, 0x00, 0x00, 0xc4, 0xff, 0xff, 0xff, 0x00, 0x00, 0x09, 0x00, 0x06, 0x00, 0x05, 0x00, 0x00, 0x00,
    0x00, 0x00, 0x00, 0x00, 0x00, 0x00, 0x00, 0x00, 0x03, 0x00, 0x06, 0x00, 0x05, 0x00, 0x02, 0x00, 0x00, 0x00, 0x00, 0x00, 0x00, 0x00,
    0x88, 0xff, 0xff, 0xff, 0x00, 0x00, 0x00, 0x00, 0xc4, 0xff, 0xff, 0xff, 0x00, 0x00, 0x0a, 0x00, 0x06, 0x00, 0x04, 0x00, 0x02, 0x00,
    0x00, 0x00, 0x00, 0x00, 0x00, 0x00, 0x00, 0x00, 0x03, 0x00, 0x06, 0x00, 0x05, 0x00, 0x02, 0x00, 0x00, 0x00, 0x00, 0x00, 0x00, 0x00,
    0x88, 0xff, 0xff, 0xff, 0x00, 0x00, 0x00, 0x00, 0xc4, 0xff, 0xff, 0xff, 0x00, 0x00, 0x0a, 0x00, 0x05, 0x00, 0x03, 0x00, 0x00, 0x00,
    0x00, 0x00, 0x00, 0x00, 0x00, 0x00, 0x00, 0x00, 0x04, 0x00, 0x05, 0x00, 0x03, 0x00, 0x00, 0x00, 0x00, 0x00, 0x00, 0x00, 0x00, 0x00,
    0x88, 0xff, 0xff, 0xff, 0x00, 0x00, 0x00, 0x00, 0xc4, 0xff, 0xff, 0xff, 0x00, 0x00, 0x0a, 0x00, 0x05, 0x00, 0x01, 0x00, 0x01, 0x00,
    0x00, 0x00, 0x00, 0x00, 0x00, 0x00, 0x00, 0x00, 0x04, 0x00, 0x05, 0x00, 0x03, 0x00, 0x00, 0x00, 0x00, 0x00, 0x00, 0x00, 0x00, 0x00,
    0x88, 0xff, 0xff, 0xff, 0x00, 0x00, 0x00, 0x00, 0xc4, 0xff, 0xff, 0xff, 0x00, 0x00, 0x0a, 0x00, 0x02, 0x00, 0x01, 0x00, 0x02, 0x00,
    0x00, 0x00, 0x00, 0x00, 0x00, 0x00, 0x00, 0x00, 0x04, 0x00, 0x05, 0x00, 0x03, 0x00, 0x00, 0x00, 0x00, 0x00, 0x00, 0x00, 0x00, 0x00,
    0x88, 0xff, 0xff, 0xff, 0x00, 0x00, 0x00, 0x00, 0xc4, 0xff, 0xff, 0xff, 0x00, 0x00, 0x09, 0x00, 0x04, 0x00, 0x02, 0x00, 0x02, 0x00,
    0x00, 0x00, 0x00, 0x00, 0x00, 0x00, 0x00, 0x00, 0x04, 0x00, 0x00, 0x00, 0x01, 0x00, 0x00, 0x00, 0x00, 0x00, 0x00, 0x00, 0x00, 0x00,
    0x88, 0xff, 0xff, 0xff, 0x00, 0x00, 0x00, 0x00, 0xc4, 0xff, 0xff, 0xff, 0x00, 0x00, 0x09, 0x00, 0x01, 0x00, 0x01, 0x00, 0x00, 0x00,
    0x00, 0x00, 0x00, 0x00, 0x00, 0x00, 0x00, 0x00, 0x03, 0x00, 0x05, 0x00, 0x05, 0x00, 0x00, 0x00, 0x00, 0x00, 0x00, 0x00, 0x00, 0x00,
    0x88, 0xff, 0xff, 0xff, 0x00, 0x00, 0x00, 0x00, 0xc4, 0xff, 0xff, 0xff, 0x00, 0x00, 0x09, 0x00, 0x05, 0x00, 0x01, 0x00, 0x01, 0x00,
    0x00, 0x00, 0x00, 0x00, 0x00, 0x00, 0x00, 0x00, 0x03, 0x00, 0x05, 0x00, 0x05, 0x00, 0x00, 0x00, 0x00, 0x00, 0x00, 0x00, 0x00, 0x00,
    0x88, 0xff, 0xff, 0xff, 0x00, 0x00, 0x00, 0x00, 0xc4, 0xff, 0xff, 0xff, 0x00, 0x00, 0x08, 0x00, 0x03, 0x00, 0x02, 0x00, 0x00, 0x00,
    0x00, 0x00, 0x00, 0x00, 0x00, 0x00, 0x00, 0x00, 0x03, 0x00, 0x05, 0x00, 0x05, 0x00, 0x00, 0x00, 0x00, 0x00, 0x00, 0x00, 0x00, 0x00,
    0x88, 0xff, 0xff, 0xff, 0x00, 0x00, 0x00, 0x00, 0xc4, 0xff, 0xff, 0xff, 0x00, 0x00, 0x09, 0x00, 0x05, 0x00, 0x05, 0x00, 0x00, 0x00,
    0x00, 0x00, 0x00, 0x00, 0x00, 0x00, 0x00, 0x00, 0x04, 0x00, 0x05, 0x00, 0x01, 0x00, 0x00, 0x00, 0x01, 0x00, 0x00, 0x00, 0x00, 0x00,
    0x88, 0xff, 0xff, 0xff, 0x00, 0x00, 0x00, 0x00, 0xc4, 0xff, 0xff, 0xff, 0x00, 0x00, 0x09, 0x00, 0x05, 0x00, 0x03, 0x00, 0x01, 0x00,
    0x00, 0x00, 0x00, 0x00, 0x00, 0x00, 0x00, 0x00, 0x03, 0x00, 0x04, 0x00, 0x05, 0x00, 0x17, 0x00, 0x3b, 0x00, 0x3b, 0x00, 0xe7, 0x03,
    0x88, 0xff, 0xff, 0xff, 0x00, 0x00, 0x00, 0x00, 0xc4, 0xff, 0xff, 0xff, 0x00, 0x00, 0x09, 0x00, 0x05, 0x00, 0x05, 0x00, 0x00, 0x00,
    0x00, 0x00, 0x00, 0x00, 0x00, 0x00, 0x00, 0x00, 0x03, 0x00, 0x04, 0x00, 0x05, 0x00, 0x17, 0x00, 0x3b, 0x00, 0x3b, 0x00, 0xe7, 0x03,
    0x88, 0xff, 0xff, 0xff, 0x00, 0x00, 0x00, 0x00, 0xc4, 0xff, 0xff, 0xff, 0x00, 0x00, 0x0a, 0x00, 0x05, 0x00, 0x04, 0x00, 0x00, 0x00,
    0x00, 0x00, 0x00, 0x00, 0x00, 0x00, 0x00, 0x00, 0x03, 0x00, 0x04, 0x00, 0x05, 0x00, 0x17, 0x00, 0x3b, 0x00, 0x3b, 0x00, 0xe7, 0x03,
    0x88, 0xff, 0xff, 0xff, 0x00, 0x00, 0x00, 0x00, 0xc4, 0xff, 0xff, 0xff, 0x00, 0x00, 0x0a, 0x00, 0x05, 0x00, 0x04, 0x00, 0x01, 0x00,
    0x00, 0x00, 0x00, 0x00, 0x00, 0x00, 0x00, 0x00, 0x03, 0x00, 0x06, 0x00, 0x05, 0x00, 0x00, 0x00, 0x00, 0x00, 0x00, 0x00, 0x00, 0x00,
    0x88, 0xff, 0xff, 0xff, 0x00, 0x00, 0x00, 0x00, 0xc4, 0xff, 0xff, 0xff, 0x00, 0x00, 0x0a, 0x00, 0x06, 0x00, 0x05, 0x00, 0x01, 0x00,
    0x00, 0x00, 0x00, 0x00, 0x00, 0x00, 0x00, 0x00, 0x03, 0x00, 0x06, 0x00, 0x04, 0x00, 0x01, 0x00, 0x00, 0x00, 0x00, 0x00, 0x00, 0x00,
    0x88, 0xff, 0xff, 0xff, 0x00, 0x00, 0x00, 0x00, 0xc4, 0xff, 0xff, 0xff, 0x00, 0x00, 0x0a, 0x00, 0x06, 0x00, 0x04, 0x00, 0x01, 0x00,
    0x00, 0x00, 0x00, 0x00, 0x00, 0x00, 0x00, 0x00, 0x03, 0x00, 0x06, 0x00, 0x04, 0x00, 0x01, 0x00, 0x00, 0x00, 0x00, 0x00, 0x00, 0x00,
    0x88, 0xff, 0xff, 0xff, 0x00, 0x00, 0x00, 0x00, 0xc4, 0xff, 0xff, 0xff, 0x00, 0x00, 0x0a, 0x00, 0x06, 0x00, 0x04, 0x00, 0x00, 0x00,
    0x00, 0x00, 0x00, 0x00, 0x00, 0x00, 0x00, 0x00, 0x03, 0x00, 0x05, 0x00, 0x05, 0x00, 0x00, 0x00, 0x00, 0x00, 0x00, 0x00, 0x00, 0x00,
    0x88, 0xff, 0xff, 0xff, 0x00, 0x00, 0x00, 0x00, 0xc4, 0xff, 0xff, 0xff, 0x00, 0x00, 0x0a, 0x00, 0x06, 0x00, 0x04, 0x00, 0x01, 0x00,
    0x00, 0x00, 0x00, 0x00, 0x00, 0x00, 0x00, 0x00, 0x03, 0x00, 0x06, 0x00, 0x04, 0x00, 0x00, 0x00, 0x00, 0x00, 0x00, 0x00, 0x00, 0x00,
    0x88, 0xff, 0xff, 0xff, 0x00, 0x00, 0x00, 0x00, 0xc4, 0xff, 0xff, 0xff, 0x00, 0x00, 0x0a, 0x00, 0x05, 0x00, 0x05, 0x00, 0x01, 0x00,
    0x00, 0x00, 0x00, 0x00, 0x00, 0x00, 0x00, 0x00, 0x03, 0x00, 0x06, 0x00, 0x04, 0x00, 0x00, 0x00, 0x00, 0x00, 0x00, 0x00, 0x00, 0x00,
    0x88, 0xff, 0xff, 0xff, 0x00, 0x00, 0x00, 0x00, 0xc4, 0xff, 0xff, 0xff, 0x00, 0x00, 0x0a, 0x00, 0x06, 0x00, 0x05, 0x00, 0x02, 0x00,
    0x00, 0x00, 0x00, 0x00, 0x00, 0x00, 0x00, 0x00, 0x03, 0x00, 0x00, 0x00, 0x05, 0x00, 0x00, 0x00, 0x00, 0x00, 0x00, 0x00, 0x00, 0x00,
    0x88, 0xff, 0xff, 0xff, 0x00, 0x00, 0x00, 0x00, 0xc4, 0xff, 0xff, 0xff, 0x00, 0x00, 0x0a, 0x00, 0x06, 0x00, 0x04, 0x00, 0x02, 0x00,
    0x00, 0x00, 0x00, 0x00, 0x00, 0x00, 0x00, 0x00, 0x04, 0x00, 0x06, 0x00, 0x05, 0x00, 0x02, 0x00, 0x00, 0x00, 0x00, 0x00, 0x00, 0x00,
    0x88, 0xff, 0xff, 0xff, 0x00, 0x00, 0x00, 0x00, 0xc4, 0xff, 0xff, 0xff, 0x00, 0x00, 0x0a, 0x00, 0x06, 0x00, 0x04, 0x00, 0x02, 0x00,
    0x00, 0x00, 0x00, 0x00, 0x00, 0x00, 0x00, 0x00, 0x04, 0x00, 0x06, 0x00, 0x03, 0x00, 0x02, 0x00, 0x00, 0x00, 0x00, 0x00, 0x00, 0x00,
    0x88, 0xff, 0xff, 0xff, 0x00, 0x00, 0x00, 0x00, 0xc4, 0xff, 0xff, 0xff, 0x00, 0x00, 0x0a, 0x00, 0x06, 0x00, 0x04, 0x00, 0x02, 0x00,
    0x00, 0x00, 0x00, 0x00, 0x00, 0x00, 0x00, 0x00, 0x04, 0x00, 0x06, 0x00, 0x02, 0x00, 0x02, 0x00, 0x00, 0x00, 0x00, 0x00, 0x00, 0x00,
    0x88, 0xff, 0xff, 0xff, 0x00, 0x00, 0x00, 0x00, 0xc4, 0xff, 0xff, 0xff, 0x00, 0x00, 0x0a, 0x00, 0x06, 0x00, 0x04, 0x00, 0x02, 0x00,
    0x00, 0x00, 0x00, 0x00, 0x00, 0x00, 0x00, 0x00, 0x03, 0x00, 0x06, 0x00, 0x04, 0x00, 0x02, 0x00, 0x00, 0x00, 0x00, 0x00, 0x00, 0x00,
    0x88, 0xff, 0xff, 0xff, 0x00, 0x00, 0x00, 0x00, 0xc4, 0xff, 0xff, 0xff, 0x00, 0x00, 0x0a, 0x00, 0x06, 0x00, 0x05, 0x00, 0x02, 0x00,
    0x00, 0x00, 0x00, 0x00, 0x00, 0x00, 0x00, 0x00, 0x03, 0x00, 0x06, 0x00, 0x04, 0x00, 0x02, 0x00, 0x00, 0x00, 0x00, 0x00, 0x00, 0x00,
    0xe4, 0xfd, 0xff, 0xff, 0x00, 0x00, 0x00, 0x00, 0xc4, 0xff, 0xff, 0xff, 0x00, 0x00, 0x0a, 0x00, 0x00, 0x00, 0x05, 0x00, 0x02, 0x00,
    0x00, 0x00, 0x00, 0x00, 0x00, 0x00, 0x00, 0x00, 0x01, 0x00, 0x03, 0x00, 0x01, 0x00, 0x00, 0x00, 0x00, 0x00, 0x00, 0x00, 0x00, 0x00,
    0xe0, 0x01, 0x00, 0x00, 0x00, 0x00, 0x00, 0x00, 0xc4, 0xff, 0xff, 0xff, 0x00, 0x00, 0x01, 0x00, 0x03, 0x00, 0x01, 0x00, 0x00, 0x00,
    0x00, 0x00, 0x00, 0x00, 0x00, 0x00, 0x00, 0x00, 0x03, 0x00, 0x00, 0x00, 0x02, 0x00, 0x02, 0x00, 0x00, 0x00, 0x00, 0x00, 0x00, 0x00,
};

static const CMP_TIMEZONE_VALUE CmpTimeZoneValues[CMP_TIMEZONE_VALUE_COUNT] = {
    {WSTR("Display"), REG_SZ, WSTR("(UTC+09:30) Darwin"), 0, 0, 0},
    {WSTR("Dlt"), REG_SZ, WSTR("AUS Central Daylight Time"), 0, 0, 0},
    {WSTR("MUI_Display"), REG_SZ, WSTR("@tzres.dll,-47026"), 0, 0, 0},
    {WSTR("MUI_Dlt"), REG_SZ, WSTR("@tzres.dll,-47025"), 0, 0, 0},
    {WSTR("MUI_Std"), REG_SZ, WSTR("@tzres.dll,-47024"), 0, 0, 0},
    {WSTR("Std"), REG_SZ, WSTR("AUS Central Standard Time"), 0, 0, 0},
    {WSTR("TZI"), REG_BINARY, 0, 0, 0, 44},
    {WSTR("Display"), REG_SZ, WSTR("(UTC+10:00) Canberra, Melbourne, Sydney"), 0, 0, 0},
    {WSTR("Dlt"), REG_SZ, WSTR("AUS Eastern Daylight Time"), 0, 0, 0},
    {WSTR("MUI_Display"), REG_SZ, WSTR("@tzres.dll,-30370"), 0, 0, 0},
    {WSTR("MUI_Dlt"), REG_SZ, WSTR("@tzres.dll,-30369"), 0, 0, 0},
    {WSTR("MUI_Std"), REG_SZ, WSTR("@tzres.dll,-30368"), 0, 0, 0},
    {WSTR("Std"), REG_SZ, WSTR("AUS Eastern Standard Time"), 0, 0, 0},
    {WSTR("TZI"), REG_BINARY, 0, 0, 44, 44},
    {WSTR("2000"), REG_BINARY, 0, 0, 88, 44},
    {WSTR("2001"), REG_BINARY, 0, 0, 132, 44},
    {WSTR("2002"), REG_BINARY, 0, 0, 132, 44},
    {WSTR("2003"), REG_BINARY, 0, 0, 132, 44},
    {WSTR("2004"), REG_BINARY, 0, 0, 132, 44},
    {WSTR("2005"), REG_BINARY, 0, 0, 132, 44},
    {WSTR("2006"), REG_BINARY, 0, 0, 176, 44},
    {WSTR("2007"), REG_BINARY, 0, 0, 132, 44},
    {WSTR("2008"), REG_BINARY, 0, 0, 44, 44},
    {WSTR("FirstEntry"), REG_DWORD, 0, 2000, 0, 0},
    {WSTR("LastEntry"), REG_DWORD, 0, 2008, 0, 0},
    {WSTR("Display"), REG_SZ, WSTR("(UTC+04:30) Kabul"), 0, 0, 0},
    {WSTR("Dlt"), REG_SZ, WSTR("Afghanistan Daylight Time"), 0, 0, 0},
    {WSTR("MUI_Display"), REG_SZ, WSTR("@tzres.dll,-39618"), 0, 0, 0},
    {WSTR("MUI_Dlt"), REG_SZ, WSTR("@tzres.dll,-39617"), 0, 0, 0},
    {WSTR("MUI_Std"), REG_SZ, WSTR("@tzres.dll,-39616"), 0, 0, 0},
    {WSTR("Std"), REG_SZ, WSTR("Afghanistan Standard Time"), 0, 0, 0},
    {WSTR("TZI"), REG_BINARY, 0, 0, 220, 44},
    {WSTR("Display"), REG_SZ, WSTR("(UTC-09:00) Alaska"), 0, 0, 0},
    {WSTR("Dlt"), REG_SZ, WSTR("Alaskan Daylight Time"), 0, 0, 0},
    {WSTR("MUI_Display"), REG_SZ, WSTR("@tzres.dll,-50194"), 0, 0, 0},
    {WSTR("MUI_Dlt"), REG_SZ, WSTR("@tzres.dll,-50193"), 0, 0, 0},
    {WSTR("MUI_Std"), REG_SZ, WSTR("@tzres.dll,-50192"), 0, 0, 0},
    {WSTR("Std"), REG_SZ, WSTR("Alaskan Standard Time"), 0, 0, 0},
    {WSTR("TZI"), REG_BINARY, 0, 0, 264, 44},
    {WSTR("2000"), REG_BINARY, 0, 0, 308, 44},
    {WSTR("2001"), REG_BINARY, 0, 0, 308, 44},
    {WSTR("2002"), REG_BINARY, 0, 0, 308, 44},
    {WSTR("2003"), REG_BINARY, 0, 0, 308, 44},
    {WSTR("2004"), REG_BINARY, 0, 0, 308, 44},
    {WSTR("2005"), REG_BINARY, 0, 0, 308, 44},
    {WSTR("2006"), REG_BINARY, 0, 0, 308, 44},
    {WSTR("2007"), REG_BINARY, 0, 0, 264, 44},
    {WSTR("FirstEntry"), REG_DWORD, 0, 2000, 0, 0},
    {WSTR("LastEntry"), REG_DWORD, 0, 2007, 0, 0},
    {WSTR("Display"), REG_SZ, WSTR("(UTC-10:00) Aleutian Islands"), 0, 0, 0},
    {WSTR("Dlt"), REG_SZ, WSTR("Aleutian Daylight Time"), 0, 0, 0},
    {WSTR("MUI_Display"), REG_SZ, WSTR("@tzres.dll,-55202"), 0, 0, 0},
    {WSTR("MUI_Dlt"), REG_SZ, WSTR("@tzres.dll,-55201"), 0, 0, 0},
    {WSTR("MUI_Std"), REG_SZ, WSTR("@tzres.dll,-55200"), 0, 0, 0},
    {WSTR("Std"), REG_SZ, WSTR("Aleutian Standard Time"), 0, 0, 0},
    {WSTR("TZI"), REG_BINARY, 0, 0, 352, 44},
    {WSTR("2000"), REG_BINARY, 0, 0, 396, 44},
    {WSTR("2001"), REG_BINARY, 0, 0, 396, 44},
    {WSTR("2002"), REG_BINARY, 0, 0, 396, 44},
    {WSTR("2003"), REG_BINARY, 0, 0, 396, 44},
    {WSTR("2004"), REG_BINARY, 0, 0, 396, 44},
    {WSTR("2005"), REG_BINARY, 0, 0, 396, 44},
    {WSTR("2006"), REG_BINARY, 0, 0, 396, 44},
    {WSTR("2007"), REG_BINARY, 0, 0, 352, 44},
    {WSTR("FirstEntry"), REG_DWORD, 0, 2000, 0, 0},
    {WSTR("LastEntry"), REG_DWORD, 0, 2007, 0, 0},
    {WSTR("Display"), REG_SZ, WSTR("(UTC+07:00) Barnaul, Gorno-Altaysk"), 0, 0, 0},
    {WSTR("Dlt"), REG_SZ, WSTR("Altai Daylight Time"), 0, 0, 0},
    {WSTR("MUI_Display"), REG_SZ, WSTR("@tzres.dll,-4466"), 0, 0, 0},
    {WSTR("MUI_Dlt"), REG_SZ, WSTR("@tzres.dll,-4465"), 0, 0, 0},
    {WSTR("MUI_Std"), REG_SZ, WSTR("@tzres.dll,-4464"), 0, 0, 0},
    {WSTR("Std"), REG_SZ, WSTR("Altai Standard Time"), 0, 0, 0},
    {WSTR("TZI"), REG_BINARY, 0, 0, 440, 44},
    {WSTR("2000"), REG_BINARY, 0, 0, 484, 44},
    {WSTR("2001"), REG_BINARY, 0, 0, 484, 44},
    {WSTR("2002"), REG_BINARY, 0, 0, 484, 44},
    {WSTR("2003"), REG_BINARY, 0, 0, 484, 44},
    {WSTR("2004"), REG_BINARY, 0, 0, 484, 44},
    {WSTR("2005"), REG_BINARY, 0, 0, 484, 44},
    {WSTR("2006"), REG_BINARY, 0, 0, 484, 44},
    {WSTR("2007"), REG_BINARY, 0, 0, 484, 44},
    {WSTR("2008"), REG_BINARY, 0, 0, 484, 44},
    {WSTR("2009"), REG_BINARY, 0, 0, 484, 44},
    {WSTR("2010"), REG_BINARY, 0, 0, 484, 44},
    {WSTR("2011"), REG_BINARY, 0, 0, 528, 44},
    {WSTR("2012"), REG_BINARY, 0, 0, 440, 44},
    {WSTR("2013"), REG_BINARY, 0, 0, 440, 44},
    {WSTR("2014"), REG_BINARY, 0, 0, 572, 44},
    {WSTR("2015"), REG_BINARY, 0, 0, 616, 44},
    {WSTR("2016"), REG_BINARY, 0, 0, 660, 44},
    {WSTR("2017"), REG_BINARY, 0, 0, 440, 44},
    {WSTR("FirstEntry"), REG_DWORD, 0, 2000, 0, 0},
    {WSTR("LastEntry"), REG_DWORD, 0, 2017, 0, 0},
    {WSTR("Display"), REG_SZ, WSTR("(UTC+03:00) Kuwait, Riyadh"), 0, 0, 0},
    {WSTR("Dlt"), REG_SZ, WSTR("Arab Daylight Time"), 0, 0, 0},
    {WSTR("MUI_Display"), REG_SZ, WSTR("@tzres.dll,-41970"), 0, 0, 0},
    {WSTR("MUI_Dlt"), REG_SZ, WSTR("@tzres.dll,-41969"), 0, 0, 0},
    {WSTR("MUI_Std"), REG_SZ, WSTR("@tzres.dll,-41968"), 0, 0, 0},
    {WSTR("Std"), REG_SZ, WSTR("Arab Standard Time"), 0, 0, 0},
    {WSTR("TZI"), REG_BINARY, 0, 0, 704, 44},
    {WSTR("Display"), REG_SZ, WSTR("(UTC+04:00) Abu Dhabi, Muscat"), 0, 0, 0},
    {WSTR("Dlt"), REG_SZ, WSTR("Arabian Daylight Time"), 0, 0, 0},
    {WSTR("MUI_Display"), REG_SZ, WSTR("@tzres.dll,-42706"), 0, 0, 0},
    {WSTR("MUI_Dlt"), REG_SZ, WSTR("@tzres.dll,-42705"), 0, 0, 0},
    {WSTR("MUI_Std"), REG_SZ, WSTR("@tzres.dll,-42704"), 0, 0, 0},
    {WSTR("Std"), REG_SZ, WSTR("Arabian Standard Time"), 0, 0, 0},
    {WSTR("TZI"), REG_BINARY, 0, 0, 748, 44},
    {WSTR("Display"), REG_SZ, WSTR("(UTC+03:00) Baghdad"), 0, 0, 0},
    {WSTR("Dlt"), REG_SZ, WSTR("Arabic Daylight Time"), 0, 0, 0},
    {WSTR("MUI_Display"), REG_SZ, WSTR("@tzres.dll,-8770"), 0, 0, 0},
    {WSTR("MUI_Dlt"), REG_SZ, WSTR("@tzres.dll,-8769"), 0, 0, 0},
    {WSTR("MUI_Std"), REG_SZ, WSTR("@tzres.dll,-8768"), 0, 0, 0},
    {WSTR("Std"), REG_SZ, WSTR("Arabic Standard Time"), 0, 0, 0},
    {WSTR("TZI"), REG_BINARY, 0, 0, 704, 44},
    {WSTR("2000"), REG_BINARY, 0, 0, 792, 44},
    {WSTR("2001"), REG_BINARY, 0, 0, 836, 44},
    {WSTR("2002"), REG_BINARY, 0, 0, 880, 44},
    {WSTR("2003"), REG_BINARY, 0, 0, 924, 44},
    {WSTR("2004"), REG_BINARY, 0, 0, 968, 44},
    {WSTR("2005"), REG_BINARY, 0, 0, 1012, 44},
    {WSTR("2006"), REG_BINARY, 0, 0, 792, 44},
    {WSTR("2007"), REG_BINARY, 0, 0, 836, 44},
    {WSTR("2008"), REG_BINARY, 0, 0, 704, 44},
    {WSTR("FirstEntry"), REG_DWORD, 0, 2000, 0, 0},
    {WSTR("LastEntry"), REG_DWORD, 0, 2008, 0, 0},
    {WSTR("Display"), REG_SZ, WSTR("(UTC-03:00) City of Buenos Aires"), 0, 0, 0},
    {WSTR("Dlt"), REG_SZ, WSTR("Argentina Daylight Time"), 0, 0, 0},
    {WSTR("MUI_Display"), REG_SZ, WSTR("@tzres.dll,-19586"), 0, 0, 0},
    {WSTR("MUI_Dlt"), REG_SZ, WSTR("@tzres.dll,-19585"), 0, 0, 0},
    {WSTR("MUI_Std"), REG_SZ, WSTR("@tzres.dll,-19584"), 0, 0, 0},
    {WSTR("Std"), REG_SZ, WSTR("Argentina Standard Time"), 0, 0, 0},
    {WSTR("TZI"), REG_BINARY, 0, 0, 1056, 44},
    {WSTR("2000"), REG_BINARY, 0, 0, 1100, 44},
    {WSTR("2001"), REG_BINARY, 0, 0, 1056, 44},
    {WSTR("2002"), REG_BINARY, 0, 0, 1056, 44},
    {WSTR("2003"), REG_BINARY, 0, 0, 1056, 44},
    {WSTR("2004"), REG_BINARY, 0, 0, 1056, 44},
    {WSTR("2005"), REG_BINARY, 0, 0, 1056, 44},
    {WSTR("2006"), REG_BINARY, 0, 0, 1056, 44},
    {WSTR("2007"), REG_BINARY, 0, 0, 1144, 44},
    {WSTR("2008"), REG_BINARY, 0, 0, 1188, 44},
    {WSTR("2009"), REG_BINARY, 0, 0, 1232, 44},
    {WSTR("2010"), REG_BINARY, 0, 0, 1056, 44},
    {WSTR("FirstEntry"), REG_DWORD, 0, 2000, 0, 0},
    {WSTR("LastEntry"), REG_DWORD, 0, 2010, 0, 0},
    {WSTR("Display"), REG_SZ, WSTR("(UTC+04:00) Astrakhan, Ulyanovsk"), 0, 0, 0},
    {WSTR("Dlt"), REG_SZ, WSTR("Astrakhan Daylight Time"), 0, 0, 0},
    {WSTR("MUI_Display"), REG_SZ, WSTR("@tzres.dll,-25106"), 0, 0, 0},
    {WSTR("MUI_Dlt"), REG_SZ, WSTR("@tzres.dll,-25105"), 0, 0, 0},
    {WSTR("MUI_Std"), REG_SZ, WSTR("@tzres.dll,-25104"), 0, 0, 0},
    {WSTR("Std"), REG_SZ, WSTR("Astrakhan Standard Time"), 0, 0, 0},
    {WSTR("TZI"), REG_BINARY, 0, 0, 748, 44},
    {WSTR("2000"), REG_BINARY, 0, 0, 1276, 44},
    {WSTR("2001"), REG_BINARY, 0, 0, 1276, 44},
    {WSTR("2002"), REG_BINARY, 0, 0, 1276, 44},
    {WSTR("2003"), REG_BINARY, 0, 0, 1276, 44},
    {WSTR("2004"), REG_BINARY, 0, 0, 1276, 44},
    {WSTR("2005"), REG_BINARY, 0, 0, 1276, 44},
    {WSTR("2006"), REG_BINARY, 0, 0, 1276, 44},
    {WSTR("2007"), REG_BINARY, 0, 0, 1276, 44},
    {WSTR("2008"), REG_BINARY, 0, 0, 1276, 44},
    {WSTR("2009"), REG_BINARY, 0, 0, 1276, 44},
    {WSTR("2010"), REG_BINARY, 0, 0, 1276, 44},
    {WSTR("2011"), REG_BINARY, 0, 0, 1320, 44},
    {WSTR("2012"), REG_BINARY, 0, 0, 748, 44},
    {WSTR("2013"), REG_BINARY, 0, 0, 748, 44},
    {WSTR("2014"), REG_BINARY, 0, 0, 1364, 44},
    {WSTR("2015"), REG_BINARY, 0, 0, 704, 44},
    {WSTR("2016"), REG_BINARY, 0, 0, 1408, 44},
    {WSTR("2017"), REG_BINARY, 0, 0, 748, 44},
    {WSTR("FirstEntry"), REG_DWORD, 0, 2000, 0, 0},
    {WSTR("LastEntry"), REG_DWORD, 0, 2017, 0, 0},
    {WSTR("Display"), REG_SZ, WSTR("(UTC-04:00) Atlantic Time (Canada)"), 0, 0, 0},
    {WSTR("Dlt"), REG_SZ, WSTR("Atlantic Daylight Time"), 0, 0, 0},
    {WSTR("MUI_Display"), REG_SZ, WSTR("@tzres.dll,-34226"), 0, 0, 0},
    {WSTR("MUI_Dlt"), REG_SZ, WSTR("@tzres.dll,-34225"), 0, 0, 0},
    {WSTR("MUI_Std"), REG_SZ, WSTR("@tzres.dll,-34224"), 0, 0, 0},
    {WSTR("Std"), REG_SZ, WSTR("Atlantic Standard Time"), 0, 0, 0},
    {WSTR("TZI"), REG_BINARY, 0, 0, 1452, 44},
    {WSTR("2000"), REG_BINARY, 0, 0, 1496, 44},
    {WSTR("2001"), REG_BINARY, 0, 0, 1496, 44},
    {WSTR("2002"), REG_BINARY, 0, 0, 1496, 44},
    {WSTR("2003"), REG_BINARY, 0, 0, 1496, 44},
    {WSTR("2004"), REG_BINARY, 0, 0, 1496, 44},
    {WSTR("2005"), REG_BINARY, 0, 0, 1496, 44},
    {WSTR("2006"), REG_BINARY, 0, 0, 1496, 44},
    {WSTR("2007"), REG_BINARY, 0, 0, 1452, 44},
    {WSTR("FirstEntry"), REG_DWORD, 0, 2000, 0, 0},
    {WSTR("LastEntry"), REG_DWORD, 0, 2007, 0, 0},
    {WSTR("Display"), REG_SZ, WSTR("(UTC+08:45) Eucla"), 0, 0, 0},
    {WSTR("Dlt"), REG_SZ, WSTR("Aus Central W. Daylight Time"), 0, 0, 0},
    {WSTR("MUI_Display"), REG_SZ, WSTR("@tzres.dll,-44674"), 0, 0, 0},
    {WSTR("MUI_Dlt"), REG_SZ, WSTR("@tzres.dll,-44673"), 0, 0, 0},
    {WSTR("MUI_Std"), REG_SZ, WSTR("@tzres.dll,-44672"), 0, 0, 0},
    {WSTR("Std"), REG_SZ, WSTR("Aus Central W. Standard Time"), 0, 0, 0},
    {WSTR("TZI"), REG_BINARY, 0, 0, 1540, 44},
    {WSTR("2006"), REG_BINARY, 0, 0, 1584, 44},
    {WSTR("2007"), REG_BINARY, 0, 0, 1628, 44},
    {WSTR("2008"), REG_BINARY, 0, 0, 1628, 44},
    {WSTR("2009"), REG_BINARY, 0, 0, 1672, 44},
    {WSTR("2010"), REG_BINARY, 0, 0, 1540, 44},
    {WSTR("FirstEntry"), REG_DWORD, 0, 2006, 0, 0},
    {WSTR("LastEntry"), REG_DWORD, 0, 2010, 0, 0},
    {WSTR("Display"), REG_SZ, WSTR("(UTC+04:00) Baku"), 0, 0, 0},
    {WSTR("Dlt"), REG_SZ, WSTR("Azerbaijan Daylight Time"), 0, 0, 0},
    {WSTR("MUI_Display"), REG_SZ, WSTR("@tzres.dll,-11314"), 0, 0, 0},
    {WSTR("MUI_Dlt"), REG_SZ, WSTR("@tzres.dll,-11313"), 0, 0, 0},
    {WSTR("MUI_Std"), REG_SZ, WSTR("@tzres.dll,-11312"), 0, 0, 0},
    {WSTR("Std"), REG_SZ, WSTR("Azerbaijan Standard Time"), 0, 0, 0},
    {WSTR("TZI"), REG_BINARY, 0, 0, 748, 44},
    {WSTR("2000"), REG_BINARY, 0, 0, 1716, 44},
    {WSTR("2001"), REG_BINARY, 0, 0, 1716, 44},
    {WSTR("2002"), REG_BINARY, 0, 0, 1716, 44},
    {WSTR("2003"), REG_BINARY, 0, 0, 1716, 44},
    {WSTR("2004"), REG_BINARY, 0, 0, 1716, 44},
    {WSTR("2005"), REG_BINARY, 0, 0, 1716, 44},
    {WSTR("2006"), REG_BINARY, 0, 0, 1716, 44},
    {WSTR("2007"), REG_BINARY, 0, 0, 1716, 44},
    {WSTR("2008"), REG_BINARY, 0, 0, 1716, 44},
    {WSTR("2009"), REG_BINARY, 0, 0, 1716, 44},
    {WSTR("2010"), REG_BINARY, 0, 0, 1716, 44},
    {WSTR("2011"), REG_BINARY, 0, 0, 1716, 44},
    {WSTR("2012"), REG_BINARY, 0, 0, 1716, 44},
    {WSTR("2013"), REG_BINARY, 0, 0, 1716, 44},
    {WSTR("2014"), REG_BINARY, 0, 0, 1716, 44},
    {WSTR("2015"), REG_BINARY, 0, 0, 1716, 44},
    {WSTR("2016"), REG_BINARY, 0, 0, 748, 44},
    {WSTR("FirstEntry"), REG_DWORD, 0, 2000, 0, 0},
    {WSTR("LastEntry"), REG_DWORD, 0, 2016, 0, 0},
    {WSTR("Display"), REG_SZ, WSTR("(UTC-01:00) Azores"), 0, 0, 0},
    {WSTR("Dlt"), REG_SZ, WSTR("Azores Daylight Time"), 0, 0, 0},
    {WSTR("MUI_Display"), REG_SZ, WSTR("@tzres.dll,-18834"), 0, 0, 0},
    {WSTR("MUI_Dlt"), REG_SZ, WSTR("@tzres.dll,-18833"), 0, 0, 0},
    {WSTR("MUI_Std"), REG_SZ, WSTR("@tzres.dll,-18832"), 0, 0, 0},
    {WSTR("Std"), REG_SZ, WSTR("Azores Standard Time"), 0, 0, 0},
    {WSTR("TZI"), REG_BINARY, 0, 0, 1760, 44},
    {WSTR("Display"), REG_SZ, WSTR("(UTC-03:00) Salvador"), 0, 0, 0},
    {WSTR("Dlt"), REG_SZ, WSTR("Bahia Daylight Time"), 0, 0, 0},
    {WSTR("MUI_Display"), REG_SZ, WSTR("@tzres.dll,-50898"), 0, 0, 0},
    {WSTR("MUI_Dlt"), REG_SZ, WSTR("@tzres.dll,-50897"), 0, 0, 0},
    {WSTR("MUI_Std"), REG_SZ, WSTR("@tzres.dll,-50896"), 0, 0, 0},
    {WSTR("Std"), REG_SZ, WSTR("Bahia Standard Time"), 0, 0, 0},
    {WSTR("TZI"), REG_BINARY, 0, 0, 1056, 44},
    {WSTR("2000"), REG_BINARY, 0, 0, 1804, 44},
    {WSTR("2001"), REG_BINARY, 0, 0, 1848, 44},
    {WSTR("2002"), REG_BINARY, 0, 0, 1892, 44},
    {WSTR("2003"), REG_BINARY, 0, 0, 1936, 44},
    {WSTR("2004"), REG_BINARY, 0, 0, 1056, 44},
    {WSTR("2005"), REG_BINARY, 0, 0, 1056, 44},
    {WSTR("2006"), REG_BINARY, 0, 0, 1056, 44},
    {WSTR("2007"), REG_BINARY, 0, 0, 1056, 44},
    {WSTR("2008"), REG_BINARY, 0, 0, 1056, 44},
    {WSTR("2009"), REG_BINARY, 0, 0, 1056, 44},
    {WSTR("2010"), REG_BINARY, 0, 0, 1056, 44},
    {WSTR("2011"), REG_BINARY, 0, 0, 1980, 44},
    {WSTR("2012"), REG_BINARY, 0, 0, 2024, 44},
    {WSTR("2013"), REG_BINARY, 0, 0, 1056, 44},
    {WSTR("FirstEntry"), REG_DWORD, 0, 2000, 0, 0},
    {WSTR("LastEntry"), REG_DWORD, 0, 2013, 0, 0},
    {WSTR("Display"), REG_SZ, WSTR("(UTC+06:00) Dhaka"), 0, 0, 0},
    {WSTR("Dlt"), REG_SZ, WSTR("Bangladesh Daylight Time"), 0, 0, 0},
    {WSTR("MUI_Display"), REG_SZ, WSTR("@tzres.dll,-48722"), 0, 0, 0},
    {WSTR("MUI_Dlt"), REG_SZ, WSTR("@tzres.dll,-48721"), 0, 0, 0},
    {WSTR("MUI_Std"), REG_SZ, WSTR("@tzres.dll,-48720"), 0, 0, 0},
    {WSTR("Std"), REG_SZ, WSTR("Bangladesh Standard Time"), 0, 0, 0},
    {WSTR("TZI"), REG_BINARY, 0, 0, 616, 44},
    {WSTR("2009"), REG_BINARY, 0, 0, 2068, 44},
    {WSTR("2010"), REG_BINARY, 0, 0, 616, 44},
    {WSTR("FirstEntry"), REG_DWORD, 0, 2009, 0, 0},
    {WSTR("LastEntry"), REG_DWORD, 0, 2010, 0, 0},
    {WSTR("Display"), REG_SZ, WSTR("(UTC+03:00) Minsk"), 0, 0, 0},
    {WSTR("Dlt"), REG_SZ, WSTR("Belarus Daylight Time"), 0, 0, 0},
    {WSTR("MUI_Display"), REG_SZ, WSTR("@tzres.dll,-56578"), 0, 0, 0},
    {WSTR("MUI_Dlt"), REG_SZ, WSTR("@tzres.dll,-56577"), 0, 0, 0},
    {WSTR("MUI_Std"), REG_SZ, WSTR("@tzres.dll,-56576"), 0, 0, 0},
    {WSTR("Std"), REG_SZ, WSTR("Belarus Standard Time"), 0, 0, 0},
    {WSTR("TZI"), REG_BINARY, 0, 0, 704, 44},
    {WSTR("2000"), REG_BINARY, 0, 0, 2112, 44},
    {WSTR("2001"), REG_BINARY, 0, 0, 2112, 44},
    {WSTR("2002"), REG_BINARY, 0, 0, 2112, 44},
    {WSTR("2003"), REG_BINARY, 0, 0, 2112, 44},
    {WSTR("2004"), REG_BINARY, 0, 0, 2112, 44},
    {WSTR("2005"), REG_BINARY, 0, 0, 2112, 44},
    {WSTR("2006"), REG_BINARY, 0, 0, 2112, 44},
    {WSTR("2007"), REG_BINARY, 0, 0, 2112, 44},
    {WSTR("2008"), REG_BINARY, 0, 0, 2112, 44},
    {WSTR("2009"), REG_BINARY, 0, 0, 2112, 44},
    {WSTR("2010"), REG_BINARY, 0, 0, 2112, 44},
    {WSTR("2011"), REG_BINARY, 0, 0, 2156, 44},
    {WSTR("2012"), REG_BINARY, 0, 0, 704, 44},
    {WSTR("FirstEntry"), REG_DWORD, 0, 2000, 0, 0},
    {WSTR("LastEntry"), REG_DWORD, 0, 2012, 0, 0},
    {WSTR("Display"), REG_SZ, WSTR("(UTC+11:00) Bougainville Island"), 0, 0, 0},
    {WSTR("Dlt"), REG_SZ, WSTR("Bougainville Daylight Time"), 0, 0, 0},
    {WSTR("MUI_Display"), REG_SZ, WSTR("@tzres.dll,-51970"), 0, 0, 0},
    {WSTR("MUI_Dlt"), REG_SZ, WSTR("@tzres.dll,-51969"), 0, 0, 0},
    {WSTR("MUI_Std"), REG_SZ, WSTR("@tzres.dll,-51968"), 0, 0, 0},
    {WSTR("Std"), REG_SZ, WSTR("Bougainville Standard Time"), 0, 0, 0},
    {WSTR("TZI"), REG_BINARY, 0, 0, 2200, 44},
    {WSTR("2000"), REG_BINARY, 0, 0, 2244, 44},
    {WSTR("2001"), REG_BINARY, 0, 0, 2244, 44},
    {WSTR("2002"), REG_BINARY, 0, 0, 2244, 44},
    {WSTR("2003"), REG_BINARY, 0, 0, 2244, 44},
    {WSTR("2004"), REG_BINARY, 0, 0, 2244, 44},
    {WSTR("2005"), REG_BINARY, 0, 0, 2244, 44},
    {WSTR("2006"), REG_BINARY, 0, 0, 2244, 44},
    {WSTR("2007"), REG_BINARY, 0, 0, 2244, 44},
    {WSTR("2008"), REG_BINARY, 0, 0, 2244, 44},
    {WSTR("2009"), REG_BINARY, 0, 0, 2244, 44},
    {WSTR("2010"), REG_BINARY, 0, 0, 2244, 44},
    {WSTR("2011"), REG_BINARY, 0, 0, 2244, 44},
    {WSTR("2012"), REG_BINARY, 0, 0, 2244, 44},
    {WSTR("2013"), REG_BINARY, 0, 0, 2244, 44},
    {WSTR("2014"), REG_BINARY, 0, 0, 2288, 44},
    {WSTR("2015"), REG_BINARY, 0, 0, 2200, 44},
    {WSTR("FirstEntry"), REG_DWORD, 0, 2000, 0, 0},
    {WSTR("LastEntry"), REG_DWORD, 0, 2015, 0, 0},
    {WSTR("Display"), REG_SZ, WSTR("(UTC-06:00) Saskatchewan"), 0, 0, 0},
    {WSTR("Dlt"), REG_SZ, WSTR("Canada Central Daylight Time"), 0, 0, 0},
    {WSTR("MUI_Display"), REG_SZ, WSTR("@tzres.dll,-25714"), 0, 0, 0},
    {WSTR("MUI_Dlt"), REG_SZ, WSTR("@tzres.dll,-25713"), 0, 0, 0},
    {WSTR("MUI_Std"), REG_SZ, WSTR("@tzres.dll,-25712"), 0, 0, 0},
    {WSTR("Std"), REG_SZ, WSTR("Canada Central Standard Time"), 0, 0, 0},
    {WSTR("TZI"), REG_BINARY, 0, 0, 2332, 44},
    {WSTR("Display"), REG_SZ, WSTR("(UTC-01:00) Cabo Verde Is."), 0, 0, 0},
    {WSTR("Dlt"), REG_SZ, WSTR("Cape Verde Daylight Time"), 0, 0, 0},
    {WSTR("MUI_Display"), REG_SZ, WSTR("@tzres.dll,-2002"), 0, 0, 0},
    {WSTR("MUI_Dlt"), REG_SZ, WSTR("@tzres.dll,-2001"), 0, 0, 0},
    {WSTR("MUI_Std"), REG_SZ, WSTR("@tzres.dll,-2000"), 0, 0, 0},
    {WSTR("Std"), REG_SZ, WSTR("Cape Verde Standard Time"), 0, 0, 0},
    {WSTR("TZI"), REG_BINARY, 0, 0, 2376, 44},
    {WSTR("Display"), REG_SZ, WSTR("(UTC+04:00) Yerevan"), 0, 0, 0},
    {WSTR("Dlt"), REG_SZ, WSTR("Caucasus Daylight Time"), 0, 0, 0},
    {WSTR("MUI_Display"), REG_SZ, WSTR("@tzres.dll,-29874"), 0, 0, 0},
    {WSTR("MUI_Dlt"), REG_SZ, WSTR("@tzres.dll,-29873"), 0, 0, 0},
    {WSTR("MUI_Std"), REG_SZ, WSTR("@tzres.dll,-29872"), 0, 0, 0},
    {WSTR("Std"), REG_SZ, WSTR("Caucasus Standard Time"), 0, 0, 0},
    {WSTR("TZI"), REG_BINARY, 0, 0, 748, 44},
    {WSTR("2000"), REG_BINARY, 0, 0, 2420, 44},
    {WSTR("2001"), REG_BINARY, 0, 0, 2420, 44},
    {WSTR("2002"), REG_BINARY, 0, 0, 2420, 44},
    {WSTR("2003"), REG_BINARY, 0, 0, 2420, 44},
    {WSTR("2004"), REG_BINARY, 0, 0, 2420, 44},
    {WSTR("2005"), REG_BINARY, 0, 0, 2420, 44},
    {WSTR("2006"), REG_BINARY, 0, 0, 2420, 44},
    {WSTR("2007"), REG_BINARY, 0, 0, 2420, 44},
    {WSTR("2008"), REG_BINARY, 0, 0, 2420, 44},
    {WSTR("2009"), REG_BINARY, 0, 0, 2420, 44},
    {WSTR("2010"), REG_BINARY, 0, 0, 2420, 44},
    {WSTR("2011"), REG_BINARY, 0, 0, 2420, 44},
    {WSTR("2012"), REG_BINARY, 0, 0, 748, 44},
    {WSTR("FirstEntry"), REG_DWORD, 0, 2000, 0, 0},
    {WSTR("LastEntry"), REG_DWORD, 0, 2012, 0, 0},
    {WSTR("Display"), REG_SZ, WSTR("(UTC+09:30) Adelaide"), 0, 0, 0},
    {WSTR("Dlt"), REG_SZ, WSTR("Cen. Australia Daylight Time"), 0, 0, 0},
    {WSTR("MUI_Display"), REG_SZ, WSTR("@tzres.dll,-38930"), 0, 0, 0},
    {WSTR("MUI_Dlt"), REG_SZ, WSTR("@tzres.dll,-38929"), 0, 0, 0},
    {WSTR("MUI_Std"), REG_SZ, WSTR("@tzres.dll,-38928"), 0, 0, 0},
    {WSTR("Std"), REG_SZ, WSTR("Cen. Australia Standard Time"), 0, 0, 0},
    {WSTR("TZI"), REG_BINARY, 0, 0, 2464, 44},
    {WSTR("2000"), REG_BINARY, 0, 0, 2508, 44},
    {WSTR("2001"), REG_BINARY, 0, 0, 2508, 44},
    {WSTR("2002"), REG_BINARY, 0, 0, 2508, 44},
    {WSTR("2003"), REG_BINARY, 0, 0, 2508, 44},
    {WSTR("2004"), REG_BINARY, 0, 0, 2508, 44},
    {WSTR("2005"), REG_BINARY, 0, 0, 2508, 44},
    {WSTR("2006"), REG_BINARY, 0, 0, 2552, 44},
    {WSTR("2007"), REG_BINARY, 0, 0, 2508, 44},
    {WSTR("2008"), REG_BINARY, 0, 0, 2464, 44},
    {WSTR("FirstEntry"), REG_DWORD, 0, 2000, 0, 0},
    {WSTR("LastEntry"), REG_DWORD, 0, 2008, 0, 0},
    {WSTR("Display"), REG_SZ, WSTR("(UTC-06:00) Central America"), 0, 0, 0},
    {WSTR("Dlt"), REG_SZ, WSTR("Central America Daylight Time"), 0, 0, 0},
    {WSTR("MUI_Display"), REG_SZ, WSTR("@tzres.dll,-36658"), 0, 0, 0},
    {WSTR("MUI_Dlt"), REG_SZ, WSTR("@tzres.dll,-36657"), 0, 0, 0},
    {WSTR("MUI_Std"), REG_SZ, WSTR("@tzres.dll,-36656"), 0, 0, 0},
    {WSTR("Std"), REG_SZ, WSTR("Central America Standard Time"), 0, 0, 0},
    {WSTR("TZI"), REG_BINARY, 0, 0, 2332, 44},
    {WSTR("2006"), REG_BINARY, 0, 0, 2596, 44},
    {WSTR("2007"), REG_BINARY, 0, 0, 2332, 44},
    {WSTR("FirstEntry"), REG_DWORD, 0, 2006, 0, 0},
    {WSTR("LastEntry"), REG_DWORD, 0, 2007, 0, 0},
    {WSTR("Display"), REG_SZ, WSTR("(UTC+06:00) Astana"), 0, 0, 0},
    {WSTR("Dlt"), REG_SZ, WSTR("Central Asia Daylight Time"), 0, 0, 0},
    {WSTR("MUI_Display"), REG_SZ, WSTR("@tzres.dll,-8178"), 0, 0, 0},
    {WSTR("MUI_Dlt"), REG_SZ, WSTR("@tzres.dll,-8177"), 0, 0, 0},
    {WSTR("MUI_Std"), REG_SZ, WSTR("@tzres.dll,-8176"), 0, 0, 0},
    {WSTR("Std"), REG_SZ, WSTR("Central Asia Standard Time"), 0, 0, 0},
    {WSTR("TZI"), REG_BINARY, 0, 0, 616, 44},
    {WSTR("2000"), REG_BINARY, 0, 0, 2640, 44},
    {WSTR("2001"), REG_BINARY, 0, 0, 2640, 44},
    {WSTR("2002"), REG_BINARY, 0, 0, 2640, 44},
    {WSTR("2003"), REG_BINARY, 0, 0, 2640, 44},
    {WSTR("2004"), REG_BINARY, 0, 0, 2640, 44},
    {WSTR("2005"), REG_BINARY, 0, 0, 2684, 44},
    {WSTR("2006"), REG_BINARY, 0, 0, 616, 44},
    {WSTR("FirstEntry"), REG_DWORD, 0, 2000, 0, 0},
    {WSTR("LastEntry"), REG_DWORD, 0, 2006, 0, 0},
    {WSTR("Display"), REG_SZ, WSTR("(UTC-04:00) Cuiaba"), 0, 0, 0},
    {WSTR("Dlt"), REG_SZ, WSTR("Central Brazilian Daylight Time"), 0, 0, 0},
    {WSTR("MUI_Display"), REG_SZ, WSTR("@tzres.dll,-56338"), 0, 0, 0},
    {WSTR("MUI_Dlt"), REG_SZ, WSTR("@tzres.dll,-56337"), 0, 0, 0},
    {WSTR("MUI_Std"), REG_SZ, WSTR("@tzres.dll,-56336"), 0, 0, 0},
    {WSTR("Std"), REG_SZ, WSTR("Central Brazilian Standard Time"), 0, 0, 0},
    {WSTR("TZI"), REG_BINARY, 0, 0, 2728, 44},
    {WSTR("2000"), REG_BINARY, 0, 0, 2772, 44},
    {WSTR("2001"), REG_BINARY, 0, 0, 2816, 44},
    {WSTR("2002"), REG_BINARY, 0, 0, 2860, 44},
    {WSTR("2003"), REG_BINARY, 0, 0, 2904, 44},
    {WSTR("2004"), REG_BINARY, 0, 0, 2948, 44},
    {WSTR("2005"), REG_BINARY, 0, 0, 2992, 44},
    {WSTR("2006"), REG_BINARY, 0, 0, 2860, 44},
    {WSTR("2007"), REG_BINARY, 0, 0, 2772, 44},
    {WSTR("2008"), REG_BINARY, 0, 0, 2992, 44},
    {WSTR("2009"), REG_BINARY, 0, 0, 2992, 44},
    {WSTR("2010"), REG_BINARY, 0, 0, 2992, 44},
    {WSTR("2011"), REG_BINARY, 0, 0, 2992, 44},
    {WSTR("2012"), REG_BINARY, 0, 0, 3036, 44},
    {WSTR("2013"), REG_BINARY, 0, 0, 2992, 44},
    {WSTR("2014"), REG_BINARY, 0, 0, 2992, 44},
    {WSTR("2015"), REG_BINARY, 0, 0, 3036, 44},
    {WSTR("2016"), REG_BINARY, 0, 0, 2992, 44},
    {WSTR("2017"), REG_BINARY, 0, 0, 2992, 44},
    {WSTR("2018"), REG_BINARY, 0, 0, 2860, 44},
    {WSTR("2019"), REG_BINARY, 0, 0, 3080, 44},
    {WSTR("2020"), REG_BINARY, 0, 0, 2728, 44},
    {WSTR("FirstEntry"), REG_DWORD, 0, 2000, 0, 0},
    {WSTR("LastEntry"), REG_DWORD, 0, 2020, 0, 0},
    {WSTR("Display"), REG_SZ, WSTR("(UTC+01:00) Belgrade, Bratislava, Budapest, Ljubljana, Prague"), 0, 0, 0},
    {WSTR("Dlt"), REG_SZ, WSTR("Central Europe Daylight Time"), 0, 0, 0},
    {WSTR("MUI_Display"), REG_SZ, WSTR("@tzres.dll,-4898"), 0, 0, 0},
    {WSTR("MUI_Dlt"), REG_SZ, WSTR("@tzres.dll,-4897"), 0, 0, 0},
    {WSTR("MUI_Std"), REG_SZ, WSTR("@tzres.dll,-4896"), 0, 0, 0},
    {WSTR("Std"), REG_SZ, WSTR("Central Europe Standard Time"), 0, 0, 0},
    {WSTR("TZI"), REG_BINARY, 0, 0, 3124, 44},
    {WSTR("Display"), REG_SZ, WSTR("(UTC+01:00) Sarajevo, Skopje, Warsaw, Zagreb"), 0, 0, 0},
    {WSTR("Dlt"), REG_SZ, WSTR("Central European Daylight Time"), 0, 0, 0},
    {WSTR("MUI_Display"), REG_SZ, WSTR("@tzres.dll,-2978"), 0, 0, 0},
    {WSTR("MUI_Dlt"), REG_SZ, WSTR("@tzres.dll,-2977"), 0, 0, 0},
    {WSTR("MUI_Std"), REG_SZ, WSTR("@tzres.dll,-2976"), 0, 0, 0},
    {WSTR("Std"), REG_SZ, WSTR("Central European Standard Time"), 0, 0, 0},
    {WSTR("TZI"), REG_BINARY, 0, 0, 3124, 44},
    {WSTR("Display"), REG_SZ, WSTR("(UTC+11:00) Solomon Is., New Caledonia"), 0, 0, 0},
    {WSTR("Dlt"), REG_SZ, WSTR("Central Pacific Daylight Time"), 0, 0, 0},
    {WSTR("MUI_Display"), REG_SZ, WSTR("@tzres.dll,-64418"), 0, 0, 0},
    {WSTR("MUI_Dlt"), REG_SZ, WSTR("@tzres.dll,-64417"), 0, 0, 0},
    {WSTR("MUI_Std"), REG_SZ, WSTR("@tzres.dll,-64416"), 0, 0, 0},
    {WSTR("Std"), REG_SZ, WSTR("Central Pacific Standard Time"), 0, 0, 0},
    {WSTR("TZI"), REG_BINARY, 0, 0, 2200, 44},
    {WSTR("Display"), REG_SZ, WSTR("(UTC-06:00) Central Time (US & Canada)"), 0, 0, 0},
    {WSTR("Dlt"), REG_SZ, WSTR("Central Daylight Time"), 0, 0, 0},
    {WSTR("MUI_Display"), REG_SZ, WSTR("@tzres.dll,-17458"), 0, 0, 0},
    {WSTR("MUI_Dlt"), REG_SZ, WSTR("@tzres.dll,-17457"), 0, 0, 0},
    {WSTR("MUI_Std"), REG_SZ, WSTR("@tzres.dll,-17456"), 0, 0, 0},
    {WSTR("Std"), REG_SZ, WSTR("Central Standard Time"), 0, 0, 0},
    {WSTR("TZI"), REG_BINARY, 0, 0, 3168, 44},
    {WSTR("2000"), REG_BINARY, 0, 0, 3212, 44},
    {WSTR("2001"), REG_BINARY, 0, 0, 3212, 44},
    {WSTR("2002"), REG_BINARY, 0, 0, 3212, 44},
    {WSTR("2003"), REG_BINARY, 0, 0, 3212, 44},
    {WSTR("2004"), REG_BINARY, 0, 0, 3212, 44},
    {WSTR("2005"), REG_BINARY, 0, 0, 3212, 44},
    {WSTR("2006"), REG_BINARY, 0, 0, 3212, 44},
    {WSTR("2007"), REG_BINARY, 0, 0, 3168, 44},
    {WSTR("FirstEntry"), REG_DWORD, 0, 2000, 0, 0},
    {WSTR("LastEntry"), REG_DWORD, 0, 2007, 0, 0},
    {WSTR("Display"), REG_SZ, WSTR("(UTC-06:00) Guadalajara, Mexico City, Monterrey"), 0, 0, 0},
    {WSTR("Dlt"), REG_SZ, WSTR("Central Daylight Time (Mexico)"), 0, 0, 0},
    {WSTR("MUI_Display"), REG_SZ, WSTR("@tzres.dll,-32802"), 0, 0, 0},
    {WSTR("MUI_Dlt"), REG_SZ, WSTR("@tzres.dll,-32801"), 0, 0, 0},
    {WSTR("MUI_Std"), REG_SZ, WSTR("@tzres.dll,-32800"), 0, 0, 0},
    {WSTR("Std"), REG_SZ, WSTR("Central Standard Time (Mexico)"), 0, 0, 0},
    {WSTR("TZI"), REG_BINARY, 0, 0, 2332, 44},
    {WSTR("2000"), REG_BINARY, 0, 0, 3212, 44},
    {WSTR("2001"), REG_BINARY, 0, 0, 3256, 44},
    {WSTR("2002"), REG_BINARY, 0, 0, 3212, 44},
    {WSTR("2003"), REG_BINARY, 0, 0, 3212, 44},
    {WSTR("2004"), REG_BINARY, 0, 0, 3212, 44},
    {WSTR("2005"), REG_BINARY, 0, 0, 3212, 44},
    {WSTR("2006"), REG_BINARY, 0, 0, 3212, 44},
    {WSTR("2007"), REG_BINARY, 0, 0, 3212, 44},
    {WSTR("2008"), REG_BINARY, 0, 0, 3212, 44},
    {WSTR("2009"), REG_BINARY, 0, 0, 3212, 44},
    {WSTR("2010"), REG_BINARY, 0, 0, 3212, 44},
    {WSTR("2011"), REG_BINARY, 0, 0, 3212, 44},
    {WSTR("2012"), REG_BINARY, 0, 0, 3212, 44},
    {WSTR("2013"), REG_BINARY, 0, 0, 3212, 44},
    {WSTR("2014"), REG_BINARY, 0, 0, 3212, 44},
    {WSTR("2015"), REG_BINARY, 0, 0, 3212, 44},
    {WSTR("2016"), REG_BINARY, 0, 0, 3212, 44},
    {WSTR("2017"), REG_BINARY, 0, 0, 3212, 44},
    {WSTR("2018"), REG_BINARY, 0, 0, 3212, 44},
    {WSTR("2019"), REG_BINARY, 0, 0, 3212, 44},
    {WSTR("2020"), REG_BINARY, 0, 0, 3212, 44},
    {WSTR("2021"), REG_BINARY, 0, 0, 3212, 44},
    {WSTR("2022"), REG_BINARY, 0, 0, 3212, 44},
    {WSTR("2023"), REG_BINARY, 0, 0, 2332, 44},
    {WSTR("FirstEntry"), REG_DWORD, 0, 2000, 0, 0},
    {WSTR("LastEntry"), REG_DWORD, 0, 2023, 0, 0},
    {WSTR("Display"), REG_SZ, WSTR("(UTC+12:45) Chatham Islands"), 0, 0, 0},
    {WSTR("Dlt"), REG_SZ, WSTR("Chatham Islands Daylight Time"), 0, 0, 0},
    {WSTR("MUI_Display"), REG_SZ, WSTR("@tzres.dll,-62306"), 0, 0, 0},
    {WSTR("MUI_Dlt"), REG_SZ, WSTR("@tzres.dll,-62305"), 0, 0, 0},
    {WSTR("MUI_Std"), REG_SZ, WSTR("@tzres.dll,-62304"), 0, 0, 0},
    {WSTR("Std"), REG_SZ, WSTR("Chatham Islands Standard Time"), 0, 0, 0},
    {WSTR("TZI"), REG_BINARY, 0, 0, 3300, 44},
    {WSTR("2000"), REG_BINARY, 0, 0, 3344, 44},
    {WSTR("2001"), REG_BINARY, 0, 0, 3344, 44},
    {WSTR("2002"), REG_BINARY, 0, 0, 3344, 44},
    {WSTR("2003"), REG_BINARY, 0, 0, 3344, 44},
    {WSTR("2004"), REG_BINARY, 0, 0, 3344, 44},
    {WSTR("2005"), REG_BINARY, 0, 0, 3344, 44},
    {WSTR("2006"), REG_BINARY, 0, 0, 3344, 44},
    {WSTR("2007"), REG_BINARY, 0, 0, 3388, 44},
    {WSTR("2008"), REG_BINARY, 0, 0, 3300, 44},
    {WSTR("FirstEntry"), REG_DWORD, 0, 2000, 0, 0},
    {WSTR("LastEntry"), REG_DWORD, 0, 2008, 0, 0},
    {WSTR("Display"), REG_SZ, WSTR("(UTC+08:00) Beijing, Chongqing, Hong Kong, Urumqi"), 0, 0, 0},
    {WSTR("Dlt"), REG_SZ, WSTR("China Daylight Time"), 0, 0, 0},
    {WSTR("MUI_Display"), REG_SZ, WSTR("@tzres.dll,-162"), 0, 0, 0},
    {WSTR("MUI_Dlt"), REG_SZ, WSTR("@tzres.dll,-161"), 0, 0, 0},
    {WSTR("MUI_Std"), REG_SZ, WSTR("@tzres.dll,-160"), 0, 0, 0},
    {WSTR("Std"), REG_SZ, WSTR("China Standard Time"), 0, 0, 0},
    {WSTR("TZI"), REG_BINARY, 0, 0, 3432, 44},
    {WSTR("Display"), REG_SZ, WSTR("(UTC-05:00) Havana"), 0, 0, 0},
    {WSTR("Dlt"), REG_SZ, WSTR("Cuba Daylight Time"), 0, 0, 0},
    {WSTR("MUI_Display"), REG_SZ, WSTR("@tzres.dll,-17138"), 0, 0, 0},
    {WSTR("MUI_Dlt"), REG_SZ, WSTR("@tzres.dll,-17137"), 0, 0, 0},
    {WSTR("MUI_Std"), REG_SZ, WSTR("@tzres.dll,-17136"), 0, 0, 0},
    {WSTR("Std"), REG_SZ, WSTR("Cuba Standard Time"), 0, 0, 0},
    {WSTR("TZI"), REG_BINARY, 0, 0, 3476, 44},
    {WSTR("2000"), REG_BINARY, 0, 0, 3520, 44},
    {WSTR("2001"), REG_BINARY, 0, 0, 3520, 44},
    {WSTR("2002"), REG_BINARY, 0, 0, 3520, 44},
    {WSTR("2003"), REG_BINARY, 0, 0, 3520, 44},
    {WSTR("2004"), REG_BINARY, 0, 0, 3564, 44},
    {WSTR("2005"), REG_BINARY, 0, 0, 2728, 44},
    {WSTR("2006"), REG_BINARY, 0, 0, 3608, 44},
    {WSTR("2007"), REG_BINARY, 0, 0, 3652, 44},
    {WSTR("2008"), REG_BINARY, 0, 0, 3696, 44},
    {WSTR("2009"), REG_BINARY, 0, 0, 3652, 44},
    {WSTR("2010"), REG_BINARY, 0, 0, 3652, 44},
    {WSTR("2011"), REG_BINARY, 0, 0, 3740, 44},
    {WSTR("2012"), REG_BINARY, 0, 0, 3784, 44},
    {WSTR("2013"), REG_BINARY, 0, 0, 3476, 44},
    {WSTR("FirstEntry"), REG_DWORD, 0, 2000, 0, 0},
    {WSTR("LastEntry"), REG_DWORD, 0, 2013, 0, 0},
    {WSTR("Display"), REG_SZ, WSTR("(UTC-12:00) International Date Line West"), 0, 0, 0},
    {WSTR("Dlt"), REG_SZ, WSTR("Dateline Daylight Time"), 0, 0, 0},
    {WSTR("MUI_Display"), REG_SZ, WSTR("@tzres.dll,-50386"), 0, 0, 0},
    {WSTR("MUI_Dlt"), REG_SZ, WSTR("@tzres.dll,-50385"), 0, 0, 0},
    {WSTR("MUI_Std"), REG_SZ, WSTR("@tzres.dll,-50384"), 0, 0, 0},
    {WSTR("Std"), REG_SZ, WSTR("Dateline Standard Time"), 0, 0, 0},
    {WSTR("TZI"), REG_BINARY, 0, 0, 3828, 44},
    {WSTR("Display"), REG_SZ, WSTR("(UTC+03:00) Nairobi"), 0, 0, 0},
    {WSTR("Dlt"), REG_SZ, WSTR("E. Africa Daylight Time"), 0, 0, 0},
    {WSTR("MUI_Display"), REG_SZ, WSTR("@tzres.dll,-62722"), 0, 0, 0},
    {WSTR("MUI_Dlt"), REG_SZ, WSTR("@tzres.dll,-62721"), 0, 0, 0},
    {WSTR("MUI_Std"), REG_SZ, WSTR("@tzres.dll,-62720"), 0, 0, 0},
    {WSTR("Std"), REG_SZ, WSTR("E. Africa Standard Time"), 0, 0, 0},
    {WSTR("TZI"), REG_BINARY, 0, 0, 704, 44},
    {WSTR("Display"), REG_SZ, WSTR("(UTC+10:00) Brisbane"), 0, 0, 0},
    {WSTR("Dlt"), REG_SZ, WSTR("E. Australia Daylight Time"), 0, 0, 0},
    {WSTR("MUI_Display"), REG_SZ, WSTR("@tzres.dll,-65266"), 0, 0, 0},
    {WSTR("MUI_Dlt"), REG_SZ, WSTR("@tzres.dll,-65265"), 0, 0, 0},
    {WSTR("MUI_Std"), REG_SZ, WSTR("@tzres.dll,-65264"), 0, 0, 0},
    {WSTR("Std"), REG_SZ, WSTR("E. Australia Standard Time"), 0, 0, 0},
    {WSTR("TZI"), REG_BINARY, 0, 0, 2244, 44},
    {WSTR("Display"), REG_SZ, WSTR("(UTC+02:00) Chisinau"), 0, 0, 0},
    {WSTR("Dlt"), REG_SZ, WSTR("E. Europe Daylight Time"), 0, 0, 0},
    {WSTR("MUI_Display"), REG_SZ, WSTR("@tzres.dll,-32130"), 0, 0, 0},
    {WSTR("MUI_Dlt"), REG_SZ, WSTR("@tzres.dll,-32129"), 0, 0, 0},
    {WSTR("MUI_Std"), REG_SZ, WSTR("@tzres.dll,-32128"), 0, 0, 0},
    {WSTR("Std"), REG_SZ, WSTR("E. Europe Standard Time"), 0, 0, 0},
    {WSTR("TZI"), REG_BINARY, 0, 0, 3872, 44},
    {WSTR("2000"), REG_BINARY, 0, 0, 2112, 44},
    {WSTR("2001"), REG_BINARY, 0, 0, 2112, 44},
    {WSTR("2002"), REG_BINARY, 0, 0, 2112, 44},
    {WSTR("2003"), REG_BINARY, 0, 0, 2112, 44},
    {WSTR("2004"), REG_BINARY, 0, 0, 2112, 44},
    {WSTR("2005"), REG_BINARY, 0, 0, 2112, 44},
    {WSTR("2006"), REG_BINARY, 0, 0, 2112, 44},
    {WSTR("2007"), REG_BINARY, 0, 0, 2112, 44},
    {WSTR("2008"), REG_BINARY, 0, 0, 2112, 44},
    {WSTR("2009"), REG_BINARY, 0, 0, 2112, 44},
    {WSTR("2010"), REG_BINARY, 0, 0, 2112, 44},
    {WSTR("2011"), REG_BINARY, 0, 0, 2112, 44},
    {WSTR("2012"), REG_BINARY, 0, 0, 2112, 44},
    {WSTR("2013"), REG_BINARY, 0, 0, 2112, 44},
    {WSTR("2014"), REG_BINARY, 0, 0, 2112, 44},
    {WSTR("2015"), REG_BINARY, 0, 0, 2112, 44},
    {WSTR("2016"), REG_BINARY, 0, 0, 2112, 44},
    {WSTR("2017"), REG_BINARY, 0, 0, 2112, 44},
    {WSTR("2018"), REG_BINARY, 0, 0, 2112, 44},
    {WSTR("2019"), REG_BINARY, 0, 0, 2112, 44},
    {WSTR("2020"), REG_BINARY, 0, 0, 2112, 44},
    {WSTR("2021"), REG_BINARY, 0, 0, 2112, 44},
    {WSTR("2022"), REG_BINARY, 0, 0, 3872, 44},
    {WSTR("FirstEntry"), REG_DWORD, 0, 2000, 0, 0},
    {WSTR("LastEntry"), REG_DWORD, 0, 2022, 0, 0},
    {WSTR("Display"), REG_SZ, WSTR("(UTC-03:00) Brasilia"), 0, 0, 0},
    {WSTR("Dlt"), REG_SZ, WSTR("E. South America Daylight Time"), 0, 0, 0},
    {WSTR("MUI_Display"), REG_SZ, WSTR("@tzres.dll,-64098"), 0, 0, 0},
    {WSTR("MUI_Dlt"), REG_SZ, WSTR("@tzres.dll,-64097"), 0, 0, 0},
    {WSTR("MUI_Std"), REG_SZ, WSTR("@tzres.dll,-64096"), 0, 0, 0},
    {WSTR("Std"), REG_SZ, WSTR("E. South America Standard Time"), 0, 0, 0},
    {WSTR("TZI"), REG_BINARY, 0, 0, 1056, 44},
    {WSTR("2000"), REG_BINARY, 0, 0, 1804, 44},
    {WSTR("2001"), REG_BINARY, 0, 0, 1848, 44},
    {WSTR("2002"), REG_BINARY, 0, 0, 1892, 44},
    {WSTR("2003"), REG_BINARY, 0, 0, 3916, 44},
    {WSTR("2004"), REG_BINARY, 0, 0, 3960, 44},
    {WSTR("2005"), REG_BINARY, 0, 0, 3916, 44},
    {WSTR("2006"), REG_BINARY, 0, 0, 1892, 44},
    {WSTR("2007"), REG_BINARY, 0, 0, 1804, 44},
    {WSTR("2008"), REG_BINARY, 0, 0, 3916, 44},
    {WSTR("2009"), REG_BINARY, 0, 0, 3916, 44},
    {WSTR("2010"), REG_BINARY, 0, 0, 3916, 44},
    {WSTR("2011"), REG_BINARY, 0, 0, 3916, 44},
    {WSTR("2012"), REG_BINARY, 0, 0, 4004, 44},
    {WSTR("2013"), REG_BINARY, 0, 0, 3916, 44},
    {WSTR("2014"), REG_BINARY, 0, 0, 3916, 44},
    {WSTR("2015"), REG_BINARY, 0, 0, 4004, 44},
    {WSTR("2016"), REG_BINARY, 0, 0, 3916, 44},
    {WSTR("2017"), REG_BINARY, 0, 0, 3916, 44},
    {WSTR("2018"), REG_BINARY, 0, 0, 1892, 44},
    {WSTR("2019"), REG_BINARY, 0, 0, 4048, 44},
    {WSTR("2020"), REG_BINARY, 0, 0, 1056, 44},
    {WSTR("FirstEntry"), REG_DWORD, 0, 2000, 0, 0},
    {WSTR("LastEntry"), REG_DWORD, 0, 2020, 0, 0},
    {WSTR("Display"), REG_SZ, WSTR("(UTC-06:00) Easter Island"), 0, 0, 0},
    {WSTR("Dlt"), REG_SZ, WSTR("Easter Island Daylight Time"), 0, 0, 0},
    {WSTR("MUI_Display"), REG_SZ, WSTR("@tzres.dll,-58594"), 0, 0, 0},
    {WSTR("MUI_Dlt"), REG_SZ, WSTR("@tzres.dll,-58593"), 0, 0, 0},
    {WSTR("MUI_Std"), REG_SZ, WSTR("@tzres.dll,-58592"), 0, 0, 0},
    {WSTR("Std"), REG_SZ, WSTR("Easter Island Standard Time"), 0, 0, 0},
    {WSTR("TZI"), REG_BINARY, 0, 0, 4092, 44},
    {WSTR("2000"), REG_BINARY, 0, 0, 4136, 44},
    {WSTR("2001"), REG_BINARY, 0, 0, 4136, 44},
    {WSTR("2002"), REG_BINARY, 0, 0, 4136, 44},
    {WSTR("2003"), REG_BINARY, 0, 0, 4136, 44},
    {WSTR("2004"), REG_BINARY, 0, 0, 4136, 44},
    {WSTR("2005"), REG_BINARY, 0, 0, 4136, 44},
    {WSTR("2006"), REG_BINARY, 0, 0, 4136, 44},
    {WSTR("2007"), REG_BINARY, 0, 0, 4136, 44},
    {WSTR("2008"), REG_BINARY, 0, 0, 4180, 44},
    {WSTR("2009"), REG_BINARY, 0, 0, 4136, 44},
    {WSTR("2010"), REG_BINARY, 0, 0, 4224, 44},
    {WSTR("2011"), REG_BINARY, 0, 0, 4268, 44},
    {WSTR("2012"), REG_BINARY, 0, 0, 4312, 44},
    {WSTR("2013"), REG_BINARY, 0, 0, 4356, 44},
    {WSTR("2014"), REG_BINARY, 0, 0, 4356, 44},
    {WSTR("2015"), REG_BINARY, 0, 0, 4400, 44},
    {WSTR("2016"), REG_BINARY, 0, 0, 4444, 44},
    {WSTR("2017"), REG_BINARY, 0, 0, 4444, 44},
    {WSTR("2018"), REG_BINARY, 0, 0, 4444, 44},
    {WSTR("2019"), REG_BINARY, 0, 0, 4092, 44},
    {WSTR("2020"), REG_BINARY, 0, 0, 4092, 44},
    {WSTR("2021"), REG_BINARY, 0, 0, 4092, 44},
    {WSTR("2022"), REG_BINARY, 0, 0, 4488, 44},
    {WSTR("2023"), REG_BINARY, 0, 0, 4092, 44},
    {WSTR("FirstEntry"), REG_DWORD, 0, 2000, 0, 0},
    {WSTR("LastEntry"), REG_DWORD, 0, 2023, 0, 0},
    {WSTR("Display"), REG_SZ, WSTR("(UTC-05:00) Eastern Time (US & Canada)"), 0, 0, 0},
    {WSTR("Dlt"), REG_SZ, WSTR("Eastern Daylight Time"), 0, 0, 0},
    {WSTR("MUI_Display"), REG_SZ, WSTR("@tzres.dll,-30802"), 0, 0, 0},
    {WSTR("MUI_Dlt"), REG_SZ, WSTR("@tzres.dll,-30801"), 0, 0, 0},
    {WSTR("MUI_Std"), REG_SZ, WSTR("@tzres.dll,-30800"), 0, 0, 0},
    {WSTR("Std"), REG_SZ, WSTR("Eastern Standard Time"), 0, 0, 0},
    {WSTR("TZI"), REG_BINARY, 0, 0, 4532, 44},
    {WSTR("2000"), REG_BINARY, 0, 0, 4576, 44},
    {WSTR("2001"), REG_BINARY, 0, 0, 4576, 44},
    {WSTR("2002"), REG_BINARY, 0, 0, 4576, 44},
    {WSTR("2003"), REG_BINARY, 0, 0, 4576, 44},
    {WSTR("2004"), REG_BINARY, 0, 0, 4576, 44},
    {WSTR("2005"), REG_BINARY, 0, 0, 4576, 44},
    {WSTR("2006"), REG_BINARY, 0, 0, 4576, 44},
    {WSTR("2007"), REG_BINARY, 0, 0, 4532, 44},
    {WSTR("FirstEntry"), REG_DWORD, 0, 2000, 0, 0},
    {WSTR("LastEntry"), REG_DWORD, 0, 2007, 0, 0},
    {WSTR("Display"), REG_SZ, WSTR("(UTC-05:00) Chetumal"), 0, 0, 0},
    {WSTR("Dlt"), REG_SZ, WSTR("Eastern Daylight Time (Mexico)"), 0, 0, 0},
    {WSTR("MUI_Display"), REG_SZ, WSTR("@tzres.dll,-59538"), 0, 0, 0},
    {WSTR("MUI_Dlt"), REG_SZ, WSTR("@tzres.dll,-59537"), 0, 0, 0},
    {WSTR("MUI_Std"), REG_SZ, WSTR("@tzres.dll,-59536"), 0, 0, 0},
    {WSTR("Std"), REG_SZ, WSTR("Eastern Standard Time (Mexico)"), 0, 0, 0},
    {WSTR("TZI"), REG_BINARY, 0, 0, 4400, 44},
    {WSTR("2000"), REG_BINARY, 0, 0, 3212, 44},
    {WSTR("2001"), REG_BINARY, 0, 0, 3256, 44},
    {WSTR("2002"), REG_BINARY, 0, 0, 3212, 44},
    {WSTR("2003"), REG_BINARY, 0, 0, 3212, 44},
    {WSTR("2004"), REG_BINARY, 0, 0, 3212, 44},
    {WSTR("2005"), REG_BINARY, 0, 0, 3212, 44},
    {WSTR("2006"), REG_BINARY, 0, 0, 3212, 44},
    {WSTR("2007"), REG_BINARY, 0, 0, 3212, 44},
    {WSTR("2008"), REG_BINARY, 0, 0, 3212, 44},
    {WSTR("2009"), REG_BINARY, 0, 0, 3212, 44},
    {WSTR("2010"), REG_BINARY, 0, 0, 3212, 44},
    {WSTR("2011"), REG_BINARY, 0, 0, 3212, 44},
    {WSTR("2012"), REG_BINARY, 0, 0, 3212, 44},
    {WSTR("2013"), REG_BINARY, 0, 0, 3212, 44},
    {WSTR("2014"), REG_BINARY, 0, 0, 3212, 44},
    {WSTR("2015"), REG_BINARY, 0, 0, 4620, 44},
    {WSTR("2016"), REG_BINARY, 0, 0, 4400, 44},
    {WSTR("FirstEntry"), REG_DWORD, 0, 2000, 0, 0},
    {WSTR("LastEntry"), REG_DWORD, 0, 2016, 0, 0},
    {WSTR("Display"), REG_SZ, WSTR("(UTC+02:00) Cairo"), 0, 0, 0},
    {WSTR("Dlt"), REG_SZ, WSTR("Egypt Daylight Time"), 0, 0, 0},
    {WSTR("MUI_Display"), REG_SZ, WSTR("@tzres.dll,-59426"), 0, 0, 0},
    {WSTR("MUI_Dlt"), REG_SZ, WSTR("@tzres.dll,-59425"), 0, 0, 0},
    {WSTR("MUI_Std"), REG_SZ, WSTR("@tzres.dll,-59424"), 0, 0, 0},
    {WSTR("Std"), REG_SZ, WSTR("Egypt Standard Time"), 0, 0, 0},
    {WSTR("TZI"), REG_BINARY, 0, 0, 4664, 44},
    {WSTR("2000"), REG_BINARY, 0, 0, 4708, 44},
    {WSTR("2001"), REG_BINARY, 0, 0, 4708, 44},
    {WSTR("2002"), REG_BINARY, 0, 0, 4708, 44},
    {WSTR("2003"), REG_BINARY, 0, 0, 4708, 44},
    {WSTR("2004"), REG_BINARY, 0, 0, 4708, 44},
    {WSTR("2005"), REG_BINARY, 0, 0, 4708, 44},
    {WSTR("2006"), REG_BINARY, 0, 0, 4752, 44},
    {WSTR("2007"), REG_BINARY, 0, 0, 4796, 44},
    {WSTR("2008"), REG_BINARY, 0, 0, 4840, 44},
    {WSTR("2009"), REG_BINARY, 0, 0, 4884, 44},
    {WSTR("2010"), REG_BINARY, 0, 0, 4708, 44},
    {WSTR("2011"), REG_BINARY, 0, 0, 4928, 44},
    {WSTR("2012"), REG_BINARY, 0, 0, 4928, 44},
    {WSTR("2013"), REG_BINARY, 0, 0, 4928, 44},
    {WSTR("2014"), REG_BINARY, 0, 0, 4972, 44},
    {WSTR("2015"), REG_BINARY, 0, 0, 4928, 44},
    {WSTR("2016"), REG_BINARY, 0, 0, 4928, 44},
    {WSTR("2017"), REG_BINARY, 0, 0, 4928, 44},
    {WSTR("2018"), REG_BINARY, 0, 0, 4928, 44},
    {WSTR("2019"), REG_BINARY, 0, 0, 4928, 44},
    {WSTR("2020"), REG_BINARY, 0, 0, 4928, 44},
    {WSTR("2021"), REG_BINARY, 0, 0, 4928, 44},
    {WSTR("2022"), REG_BINARY, 0, 0, 4928, 44},
    {WSTR("2023"), REG_BINARY, 0, 0, 4664, 44},
    {WSTR("FirstEntry"), REG_DWORD, 0, 2000, 0, 0},
    {WSTR("LastEntry"), REG_DWORD, 0, 2023, 0, 0},
    {WSTR("Display"), REG_SZ, WSTR("(UTC+05:00) Ekaterinburg"), 0, 0, 0},
    {WSTR("Dlt"), REG_SZ, WSTR("Ekaterinburg Daylight Time"), 0, 0, 0},
    {WSTR("MUI_Display"), REG_SZ, WSTR("@tzres.dll,-45954"), 0, 0, 0},
    {WSTR("MUI_Dlt"), REG_SZ, WSTR("@tzres.dll,-45953"), 0, 0, 0},
    {WSTR("MUI_Std"), REG_SZ, WSTR("@tzres.dll,-45952"), 0, 0, 0},
    {WSTR("Std"), REG_SZ, WSTR("Ekaterinburg Standard Time"), 0, 0, 0},
    {WSTR("TZI"), REG_BINARY, 0, 0, 5016, 44},
    {WSTR("2000"), REG_BINARY, 0, 0, 5060, 44},
    {WSTR("2001"), REG_BINARY, 0, 0, 5060, 44},
    {WSTR("2002"), REG_BINARY, 0, 0, 5060, 44},
    {WSTR("2003"), REG_BINARY, 0, 0, 5060, 44},
    {WSTR("2004"), REG_BINARY, 0, 0, 5060, 44},
    {WSTR("2005"), REG_BINARY, 0, 0, 5060, 44},
    {WSTR("2006"), REG_BINARY, 0, 0, 5060, 44},
    {WSTR("2007"), REG_BINARY, 0, 0, 5060, 44},
    {WSTR("2008"), REG_BINARY, 0, 0, 5060, 44},
    {WSTR("2009"), REG_BINARY, 0, 0, 5060, 44},
    {WSTR("2010"), REG_BINARY, 0, 0, 5060, 44},
    {WSTR("2011"), REG_BINARY, 0, 0, 5104, 44},
    {WSTR("2012"), REG_BINARY, 0, 0, 616, 44},
    {WSTR("2013"), REG_BINARY, 0, 0, 616, 44},
    {WSTR("2014"), REG_BINARY, 0, 0, 5148, 44},
    {WSTR("2015"), REG_BINARY, 0, 0, 5016, 44},
    {WSTR("FirstEntry"), REG_DWORD, 0, 2000, 0, 0},
    {WSTR("LastEntry"), REG_DWORD, 0, 2015, 0, 0},
    {WSTR("Display"), REG_SZ, WSTR("(UTC+02:00) Helsinki, Kyiv, Riga, Sofia, Tallinn, Vilnius"), 0, 0, 0},
    {WSTR("Dlt"), REG_SZ, WSTR("FLE Daylight Time"), 0, 0, 0},
    {WSTR("MUI_Display"), REG_SZ, WSTR("@tzres.dll,-63266"), 0, 0, 0},
    {WSTR("MUI_Dlt"), REG_SZ, WSTR("@tzres.dll,-63265"), 0, 0, 0},
    {WSTR("MUI_Std"), REG_SZ, WSTR("@tzres.dll,-63264"), 0, 0, 0},
    {WSTR("Std"), REG_SZ, WSTR("FLE Standard Time"), 0, 0, 0},
    {WSTR("TZI"), REG_BINARY, 0, 0, 3872, 44},
    {WSTR("Display"), REG_SZ, WSTR("(UTC+12:00) Fiji"), 0, 0, 0},
    {WSTR("Dlt"), REG_SZ, WSTR("Fiji Daylight Time"), 0, 0, 0},
    {WSTR("MUI_Display"), REG_SZ, WSTR("@tzres.dll,-25682"), 0, 0, 0},
    {WSTR("MUI_Dlt"), REG_SZ, WSTR("@tzres.dll,-25681"), 0, 0, 0},
    {WSTR("MUI_Std"), REG_SZ, WSTR("@tzres.dll,-25680"), 0, 0, 0},
    {WSTR("Std"), REG_SZ, WSTR("Fiji Standard Time"), 0, 0, 0},
    {WSTR("TZI"), REG_BINARY, 0, 0, 5192, 44},
    {WSTR("2000"), REG_BINARY, 0, 0, 5236, 44},
    {WSTR("2001"), REG_BINARY, 0, 0, 5192, 44},
    {WSTR("2002"), REG_BINARY, 0, 0, 5192, 44},
    {WSTR("2003"), REG_BINARY, 0, 0, 5192, 44},
    {WSTR("2004"), REG_BINARY, 0, 0, 5192, 44},
    {WSTR("2005"), REG_BINARY, 0, 0, 5192, 44},
    {WSTR("2006"), REG_BINARY, 0, 0, 5192, 44},
    {WSTR("2007"), REG_BINARY, 0, 0, 5192, 44},
    {WSTR("2008"), REG_BINARY, 0, 0, 5192, 44},
    {WSTR("2009"), REG_BINARY, 0, 0, 5280, 44},
    {WSTR("2010"), REG_BINARY, 0, 0, 5324, 44},
    {WSTR("2011"), REG_BINARY, 0, 0, 5368, 44},
    {WSTR("2012"), REG_BINARY, 0, 0, 5412, 44},
    {WSTR("2013"), REG_BINARY, 0, 0, 5456, 44},
    {WSTR("2014"), REG_BINARY, 0, 0, 5500, 44},
    {WSTR("2015"), REG_BINARY, 0, 0, 5544, 44},
    {WSTR("2016"), REG_BINARY, 0, 0, 5544, 44},
    {WSTR("2017"), REG_BINARY, 0, 0, 5544, 44},
    {WSTR("2018"), REG_BINARY, 0, 0, 5588, 44},
    {WSTR("2019"), REG_BINARY, 0, 0, 5632, 44},
    {WSTR("2020"), REG_BINARY, 0, 0, 5676, 44},
    {WSTR("2021"), REG_BINARY, 0, 0, 5720, 44},
    {WSTR("2022"), REG_BINARY, 0, 0, 5192, 44},
    {WSTR("FirstEntry"), REG_DWORD, 0, 2000, 0, 0},
    {WSTR("LastEntry"), REG_DWORD, 0, 2022, 0, 0},
    {WSTR("Display"), REG_SZ, WSTR("(UTC+00:00) Dublin, Edinburgh, Lisbon, London"), 0, 0, 0},
    {WSTR("Dlt"), REG_SZ, WSTR("GMT Daylight Time"), 0, 0, 0},
    {WSTR("MUI_Display"), REG_SZ, WSTR("@tzres.dll,-7410"), 0, 0, 0},
    {WSTR("MUI_Dlt"), REG_SZ, WSTR("@tzres.dll,-7409"), 0, 0, 0},
    {WSTR("MUI_Std"), REG_SZ, WSTR("@tzres.dll,-7408"), 0, 0, 0},
    {WSTR("Std"), REG_SZ, WSTR("GMT Standard Time"), 0, 0, 0},
    {WSTR("TZI"), REG_BINARY, 0, 0, 5764, 44},
    {WSTR("Display"), REG_SZ, WSTR("(UTC+02:00) Athens, Bucharest"), 0, 0, 0},
    {WSTR("Dlt"), REG_SZ, WSTR("GTB Daylight Time"), 0, 0, 0},
    {WSTR("MUI_Display"), REG_SZ, WSTR("@tzres.dll,-24194"), 0, 0, 0},
    {WSTR("MUI_Dlt"), REG_SZ, WSTR("@tzres.dll,-24193"), 0, 0, 0},
    {WSTR("MUI_Std"), REG_SZ, WSTR("@tzres.dll,-24192"), 0, 0, 0},
    {WSTR("Std"), REG_SZ, WSTR("GTB Standard Time"), 0, 0, 0},
    {WSTR("TZI"), REG_BINARY, 0, 0, 3872, 44},
    {WSTR("Display"), REG_SZ, WSTR("(UTC+04:00) Tbilisi"), 0, 0, 0},
    {WSTR("Dlt"), REG_SZ, WSTR("Georgian Daylight Time"), 0, 0, 0},
    {WSTR("MUI_Display"), REG_SZ, WSTR("@tzres.dll,-418"), 0, 0, 0},
    {WSTR("MUI_Dlt"), REG_SZ, WSTR("@tzres.dll,-417"), 0, 0, 0},
    {WSTR("MUI_Std"), REG_SZ, WSTR("@tzres.dll,-416"), 0, 0, 0},
    {WSTR("Std"), REG_SZ, WSTR("Georgian Standard Time"), 0, 0, 0},
    {WSTR("TZI"), REG_BINARY, 0, 0, 748, 44},
    {WSTR("2000"), REG_BINARY, 0, 0, 5808, 44},
    {WSTR("2001"), REG_BINARY, 0, 0, 5808, 44},
    {WSTR("2002"), REG_BINARY, 0, 0, 5808, 44},
    {WSTR("2003"), REG_BINARY, 0, 0, 5808, 44},
    {WSTR("2004"), REG_BINARY, 0, 0, 5852, 44},
    {WSTR("2005"), REG_BINARY, 0, 0, 1320, 44},
    {WSTR("2006"), REG_BINARY, 0, 0, 748, 44},
    {WSTR("FirstEntry"), REG_DWORD, 0, 2000, 0, 0},
    {WSTR("LastEntry"), REG_DWORD, 0, 2006, 0, 0},
    {WSTR("Display"), REG_SZ, WSTR("(UTC-03:00) Greenland"), 0, 0, 0},
    {WSTR("Dlt"), REG_SZ, WSTR("Greenland Daylight Time"), 0, 0, 0},
    {WSTR("MUI_Display"), REG_SZ, WSTR("@tzres.dll,-58098"), 0, 0, 0},
    {WSTR("MUI_Dlt"), REG_SZ, WSTR("@tzres.dll,-58097"), 0, 0, 0},
    {WSTR("MUI_Std"), REG_SZ, WSTR("@tzres.dll,-58096"), 0, 0, 0},
    {WSTR("Std"), REG_SZ, WSTR("Greenland Standard Time"), 0, 0, 0},
    {WSTR("TZI"), REG_BINARY, 0, 0, 5896, 44},
    {WSTR("2000"), REG_BINARY, 0, 0, 5940, 44},
    {WSTR("2001"), REG_BINARY, 0, 0, 5984, 44},
    {WSTR("2002"), REG_BINARY, 0, 0, 5940, 44},
    {WSTR("2003"), REG_BINARY, 0, 0, 5940, 44},
    {WSTR("2004"), REG_BINARY, 0, 0, 5940, 44},
    {WSTR("2005"), REG_BINARY, 0, 0, 5940, 44},
    {WSTR("2006"), REG_BINARY, 0, 0, 5940, 44},
    {WSTR("2007"), REG_BINARY, 0, 0, 5984, 44},
    {WSTR("2008"), REG_BINARY, 0, 0, 5940, 44},
    {WSTR("2009"), REG_BINARY, 0, 0, 6028, 44},
    {WSTR("2010"), REG_BINARY, 0, 0, 5940, 44},
    {WSTR("2011"), REG_BINARY, 0, 0, 5940, 44},
    {WSTR("2012"), REG_BINARY, 0, 0, 5984, 44},
    {WSTR("2013"), REG_BINARY, 0, 0, 5940, 44},
    {WSTR("2014"), REG_BINARY, 0, 0, 5940, 44},
    {WSTR("2015"), REG_BINARY, 0, 0, 6028, 44},
    {WSTR("2016"), REG_BINARY, 0, 0, 5940, 44},
    {WSTR("2017"), REG_BINARY, 0, 0, 5940, 44},
    {WSTR("2018"), REG_BINARY, 0, 0, 5984, 44},
    {WSTR("2019"), REG_BINARY, 0, 0, 5940, 44},
    {WSTR("2020"), REG_BINARY, 0, 0, 6028, 44},
    {WSTR("2021"), REG_BINARY, 0, 0, 5940, 44},
    {WSTR("2022"), REG_BINARY, 0, 0, 5940, 44},
    {WSTR("2023"), REG_BINARY, 0, 0, 6072, 44},
    {WSTR("2024"), REG_BINARY, 0, 0, 6116, 44},
    {WSTR("2025"), REG_BINARY, 0, 0, 6116, 44},
    {WSTR("2026"), REG_BINARY, 0, 0, 6116, 44},
    {WSTR("2027"), REG_BINARY, 0, 0, 6116, 44},
    {WSTR("2028"), REG_BINARY, 0, 0, 6116, 44},
    {WSTR("2029"), REG_BINARY, 0, 0, 6160, 44},
    {WSTR("2030"), REG_BINARY, 0, 0, 5896, 44},
    {WSTR("FirstEntry"), REG_DWORD, 0, 2000, 0, 0},
    {WSTR("LastEntry"), REG_DWORD, 0, 2030, 0, 0},
    {WSTR("Display"), REG_SZ, WSTR("(UTC+00:00) Monrovia, Reykjavik"), 0, 0, 0},
    {WSTR("Dlt"), REG_SZ, WSTR("Greenwich Daylight Time"), 0, 0, 0},
    {WSTR("MUI_Display"), REG_SZ, WSTR("@tzres.dll,-47170"), 0, 0, 0},
    {WSTR("MUI_Dlt"), REG_SZ, WSTR("@tzres.dll,-47169"), 0, 0, 0},
    {WSTR("MUI_Std"), REG_SZ, WSTR("@tzres.dll,-47168"), 0, 0, 0},
    {WSTR("Std"), REG_SZ, WSTR("Greenwich Standard Time"), 0, 0, 0},
    {WSTR("TZI"), REG_BINARY, 0, 0, 6204, 44},
    {WSTR("Display"), REG_SZ, WSTR("(UTC-05:00) Haiti"), 0, 0, 0},
    {WSTR("Dlt"), REG_SZ, WSTR("Haiti Daylight Time"), 0, 0, 0},
    {WSTR("MUI_Display"), REG_SZ, WSTR("@tzres.dll,-2898"), 0, 0, 0},
    {WSTR("MUI_Dlt"), REG_SZ, WSTR("@tzres.dll,-2897"), 0, 0, 0},
    {WSTR("MUI_Std"), REG_SZ, WSTR("@tzres.dll,-2896"), 0, 0, 0},
    {WSTR("Std"), REG_SZ, WSTR("Haiti Standard Time"), 0, 0, 0},
    {WSTR("TZI"), REG_BINARY, 0, 0, 4532, 44},
    {WSTR("2000"), REG_BINARY, 0, 0, 4400, 44},
    {WSTR("2001"), REG_BINARY, 0, 0, 4400, 44},
    {WSTR("2002"), REG_BINARY, 0, 0, 4400, 44},
    {WSTR("2003"), REG_BINARY, 0, 0, 4400, 44},
    {WSTR("2004"), REG_BINARY, 0, 0, 4400, 44},
    {WSTR("2005"), REG_BINARY, 0, 0, 6248, 44},
    {WSTR("2006"), REG_BINARY, 0, 0, 6248, 44},
    {WSTR("2007"), REG_BINARY, 0, 0, 4400, 44},
    {WSTR("2008"), REG_BINARY, 0, 0, 4400, 44},
    {WSTR("2009"), REG_BINARY, 0, 0, 4400, 44},
    {WSTR("2010"), REG_BINARY, 0, 0, 4400, 44},
    {WSTR("2011"), REG_BINARY, 0, 0, 4400, 44},
    {WSTR("2012"), REG_BINARY, 0, 0, 4532, 44},
    {WSTR("2013"), REG_BINARY, 0, 0, 4532, 44},
    {WSTR("2014"), REG_BINARY, 0, 0, 4532, 44},
    {WSTR("2015"), REG_BINARY, 0, 0, 4532, 44},
    {WSTR("2016"), REG_BINARY, 0, 0, 4400, 44},
    {WSTR("2017"), REG_BINARY, 0, 0, 4532, 44},
    {WSTR("FirstEntry"), REG_DWORD, 0, 2000, 0, 0},
    {WSTR("LastEntry"), REG_DWORD, 0, 2017, 0, 0},
    {WSTR("Display"), REG_SZ, WSTR("(UTC-10:00) Hawaii"), 0, 0, 0},
    {WSTR("Dlt"), REG_SZ, WSTR("Hawaiian Daylight Time"), 0, 0, 0},
    {WSTR("MUI_Display"), REG_SZ, WSTR("@tzres.dll,-53378"), 0, 0, 0},
    {WSTR("MUI_Dlt"), REG_SZ, WSTR("@tzres.dll,-53377"), 0, 0, 0},
    {WSTR("MUI_Std"), REG_SZ, WSTR("@tzres.dll,-53376"), 0, 0, 0},
    {WSTR("Std"), REG_SZ, WSTR("Hawaiian Standard Time"), 0, 0, 0},
    {WSTR("TZI"), REG_BINARY, 0, 0, 6292, 44},
    {WSTR("Display"), REG_SZ, WSTR("(UTC+05:30) Chennai, Kolkata, Mumbai, New Delhi"), 0, 0, 0},
    {WSTR("Dlt"), REG_SZ, WSTR("India Daylight Time"), 0, 0, 0},
    {WSTR("MUI_Display"), REG_SZ, WSTR("@tzres.dll,-22402"), 0, 0, 0},
    {WSTR("MUI_Dlt"), REG_SZ, WSTR("@tzres.dll,-22401"), 0, 0, 0},
    {WSTR("MUI_Std"), REG_SZ, WSTR("@tzres.dll,-22400"), 0, 0, 0},
    {WSTR("Std"), REG_SZ, WSTR("India Standard Time"), 0, 0, 0},
    {WSTR("TZI"), REG_BINARY, 0, 0, 6336, 44},
    {WSTR("Display"), REG_SZ, WSTR("(UTC+03:30) Tehran"), 0, 0, 0},
    {WSTR("Dlt"), REG_SZ, WSTR("Iran Daylight Time"), 0, 0, 0},
    {WSTR("MUI_Display"), REG_SZ, WSTR("@tzres.dll,-5570"), 0, 0, 0},
    {WSTR("MUI_Dlt"), REG_SZ, WSTR("@tzres.dll,-5569"), 0, 0, 0},
    {WSTR("MUI_Std"), REG_SZ, WSTR("@tzres.dll,-5568"), 0, 0, 0},
    {WSTR("Std"), REG_SZ, WSTR("Iran Standard Time"), 0, 0, 0},
    {WSTR("TZI"), REG_BINARY, 0, 0, 6380, 44},
    {WSTR("2000"), REG_BINARY, 0, 0, 6424, 44},
    {WSTR("2001"), REG_BINARY, 0, 0, 6468, 44},
    {WSTR("2002"), REG_BINARY, 0, 0, 6512, 44},
    {WSTR("2003"), REG_BINARY, 0, 0, 6556, 44},
    {WSTR("2004"), REG_BINARY, 0, 0, 6600, 44},
    {WSTR("2005"), REG_BINARY, 0, 0, 6424, 44},
    {WSTR("2006"), REG_BINARY, 0, 0, 6380, 44},
    {WSTR("2007"), REG_BINARY, 0, 0, 6380, 44},
    {WSTR("2008"), REG_BINARY, 0, 0, 6512, 44},
    {WSTR("2009"), REG_BINARY, 0, 0, 6600, 44},
    {WSTR("2010"), REG_BINARY, 0, 0, 6644, 44},
    {WSTR("2011"), REG_BINARY, 0, 0, 6424, 44},
    {WSTR("2012"), REG_BINARY, 0, 0, 6688, 44},
    {WSTR("2013"), REG_BINARY, 0, 0, 6512, 44},
    {WSTR("2014"), REG_BINARY, 0, 0, 6556, 44},
    {WSTR("2015"), REG_BINARY, 0, 0, 6600, 44},
    {WSTR("2016"), REG_BINARY, 0, 0, 6644, 44},
    {WSTR("2017"), REG_BINARY, 0, 0, 6688, 44},
    {WSTR("2018"), REG_BINARY, 0, 0, 6468, 44},
    {WSTR("2019"), REG_BINARY, 0, 0, 6512, 44},
    {WSTR("2020"), REG_BINARY, 0, 0, 6556, 44},
    {WSTR("2021"), REG_BINARY, 0, 0, 6644, 44},
    {WSTR("2022"), REG_BINARY, 0, 0, 6424, 44},
    {WSTR("2023"), REG_BINARY, 0, 0, 6380, 44},
    {WSTR("FirstEntry"), REG_DWORD, 0, 2000, 0, 0},
    {WSTR("LastEntry"), REG_DWORD, 0, 2023, 0, 0},
    {WSTR("Display"), REG_SZ, WSTR("(UTC+02:00) Jerusalem"), 0, 0, 0},
    {WSTR("Dlt"), REG_SZ, WSTR("Israel Daylight Time"), 0, 0, 0},
    {WSTR("MUI_Display"), REG_SZ, WSTR("@tzres.dll,-47970"), 0, 0, 0},
    {WSTR("MUI_Dlt"), REG_SZ, WSTR("@tzres.dll,-47969"), 0, 0, 0},
    {WSTR("MUI_Std"), REG_SZ, WSTR("@tzres.dll,-47968"), 0, 0, 0},
    {WSTR("Std"), REG_SZ, WSTR("Israel Standard Time"), 0, 0, 0},
    {WSTR("TZI"), REG_BINARY, 0, 0, 6732, 44},
    {WSTR("2000"), REG_BINARY, 0, 0, 6776, 44},
    {WSTR("2001"), REG_BINARY, 0, 0, 6820, 44},
    {WSTR("2002"), REG_BINARY, 0, 0, 6864, 44},
    {WSTR("2003"), REG_BINARY, 0, 0, 6908, 44},
    {WSTR("2004"), REG_BINARY, 0, 0, 6952, 44},
    {WSTR("2005"), REG_BINARY, 0, 0, 6996, 44},
    {WSTR("2006"), REG_BINARY, 0, 0, 7040, 44},
    {WSTR("2007"), REG_BINARY, 0, 0, 7084, 44},
    {WSTR("2008"), REG_BINARY, 0, 0, 7040, 44},
    {WSTR("2009"), REG_BINARY, 0, 0, 7128, 44},
    {WSTR("2010"), REG_BINARY, 0, 0, 7172, 44},
    {WSTR("2011"), REG_BINARY, 0, 0, 7216, 44},
    {WSTR("2012"), REG_BINARY, 0, 0, 7260, 44},
    {WSTR("2013"), REG_BINARY, 0, 0, 6732, 44},
    {WSTR("2014"), REG_BINARY, 0, 0, 7304, 44},
    {WSTR("2015"), REG_BINARY, 0, 0, 7304, 44},
    {WSTR("2016"), REG_BINARY, 0, 0, 7304, 44},
    {WSTR("2017"), REG_BINARY, 0, 0, 7304, 44},
    {WSTR("2018"), REG_BINARY, 0, 0, 7304, 44},
    {WSTR("2019"), REG_BINARY, 0, 0, 6732, 44},
    {WSTR("2020"), REG_BINARY, 0, 0, 7304, 44},
    {WSTR("2021"), REG_BINARY, 0, 0, 7304, 44},
    {WSTR("2022"), REG_BINARY, 0, 0, 7304, 44},
    {WSTR("2023"), REG_BINARY, 0, 0, 7304, 44},
    {WSTR("2024"), REG_BINARY, 0, 0, 6732, 44},
    {WSTR("2025"), REG_BINARY, 0, 0, 7304, 44},
    {WSTR("2026"), REG_BINARY, 0, 0, 7304, 44},
    {WSTR("2027"), REG_BINARY, 0, 0, 7304, 44},
    {WSTR("2028"), REG_BINARY, 0, 0, 7304, 44},
    {WSTR("2029"), REG_BINARY, 0, 0, 7304, 44},
    {WSTR("2030"), REG_BINARY, 0, 0, 6732, 44},
    {WSTR("FirstEntry"), REG_DWORD, 0, 2000, 0, 0},
    {WSTR("LastEntry"), REG_DWORD, 0, 2030, 0, 0},
    {WSTR("Display"), REG_SZ, WSTR("(UTC+02:00) Amman"), 0, 0, 0},
    {WSTR("Dlt"), REG_SZ, WSTR("Jordan Daylight Time"), 0, 0, 0},
    {WSTR("MUI_Display"), REG_SZ, WSTR("@tzres.dll,-17234"), 0, 0, 0},
    {WSTR("MUI_Dlt"), REG_SZ, WSTR("@tzres.dll,-17233"), 0, 0, 0},
    {WSTR("MUI_Std"), REG_SZ, WSTR("@tzres.dll,-17232"), 0, 0, 0},
    {WSTR("Std"), REG_SZ, WSTR("Jordan Standard Time"), 0, 0, 0},
    {WSTR("TZI"), REG_BINARY, 0, 0, 704, 44},
    {WSTR("2000"), REG_BINARY, 0, 0, 7348, 44},
    {WSTR("2001"), REG_BINARY, 0, 0, 7348, 44},
    {WSTR("2002"), REG_BINARY, 0, 0, 7392, 44},
    {WSTR("2003"), REG_BINARY, 0, 0, 7436, 44},
    {WSTR("2004"), REG_BINARY, 0, 0, 7480, 44},
    {WSTR("2005"), REG_BINARY, 0, 0, 7392, 44},
    {WSTR("2006"), REG_BINARY, 0, 0, 7524, 44},
    {WSTR("2007"), REG_BINARY, 0, 0, 7524, 44},
    {WSTR("2008"), REG_BINARY, 0, 0, 7524, 44},
    {WSTR("2009"), REG_BINARY, 0, 0, 7524, 44},
    {WSTR("2010"), REG_BINARY, 0, 0, 7524, 44},
    {WSTR("2011"), REG_BINARY, 0, 0, 7524, 44},
    {WSTR("2012"), REG_BINARY, 0, 0, 7568, 44},
    {WSTR("2013"), REG_BINARY, 0, 0, 7612, 44},
    {WSTR("2014"), REG_BINARY, 0, 0, 7524, 44},
    {WSTR("2015"), REG_BINARY, 0, 0, 7524, 44},
    {WSTR("2016"), REG_BINARY, 0, 0, 7524, 44},
    {WSTR("2017"), REG_BINARY, 0, 0, 7524, 44},
    {WSTR("2018"), REG_BINARY, 0, 0, 7524, 44},
    {WSTR("2019"), REG_BINARY, 0, 0, 7524, 44},
    {WSTR("2020"), REG_BINARY, 0, 0, 7524, 44},
    {WSTR("2021"), REG_BINARY, 0, 0, 7524, 44},
    {WSTR("2022"), REG_BINARY, 0, 0, 7656, 44},
    {WSTR("2023"), REG_BINARY, 0, 0, 704, 44},
    {WSTR("FirstEntry"), REG_DWORD, 0, 2000, 0, 0},
    {WSTR("LastEntry"), REG_DWORD, 0, 2023, 0, 0},
    {WSTR("Display"), REG_SZ, WSTR("(UTC+02:00) Kaliningrad"), 0, 0, 0},
    {WSTR("Dlt"), REG_SZ, WSTR("Kaliningrad Daylight Time"), 0, 0, 0},
    {WSTR("MUI_Display"), REG_SZ, WSTR("@tzres.dll,-14722"), 0, 0, 0},
    {WSTR("MUI_Dlt"), REG_SZ, WSTR("@tzres.dll,-14721"), 0, 0, 0},
    {WSTR("MUI_Std"), REG_SZ, WSTR("@tzres.dll,-14720"), 0, 0, 0},
    {WSTR("Std"), REG_SZ, WSTR("Kaliningrad Standard Time"), 0, 0, 0},
    {WSTR("TZI"), REG_BINARY, 0, 0, 4928, 44},
    {WSTR("2000"), REG_BINARY, 0, 0, 2112, 44},
    {WSTR("2001"), REG_BINARY, 0, 0, 2112, 44},
    {WSTR("2002"), REG_BINARY, 0, 0, 2112, 44},
    {WSTR("2003"), REG_BINARY, 0, 0, 2112, 44},
    {WSTR("2004"), REG_BINARY, 0, 0, 2112, 44},
    {WSTR("2005"), REG_BINARY, 0, 0, 2112, 44},
    {WSTR("2006"), REG_BINARY, 0, 0, 2112, 44},
    {WSTR("2007"), REG_BINARY, 0, 0, 2112, 44},
    {WSTR("2008"), REG_BINARY, 0, 0, 2112, 44},
    {WSTR("2009"), REG_BINARY, 0, 0, 2112, 44},
    {WSTR("2010"), REG_BINARY, 0, 0, 2112, 44},
    {WSTR("2011"), REG_BINARY, 0, 0, 2156, 44},
    {WSTR("2012"), REG_BINARY, 0, 0, 704, 44},
    {WSTR("2013"), REG_BINARY, 0, 0, 704, 44},
    {WSTR("2014"), REG_BINARY, 0, 0, 7700, 44},
    {WSTR("2015"), REG_BINARY, 0, 0, 4928, 44},
    {WSTR("FirstEntry"), REG_DWORD, 0, 2000, 0, 0},
    {WSTR("LastEntry"), REG_DWORD, 0, 2015, 0, 0},
    {WSTR("Display"), REG_SZ, WSTR("(UTC+09:00) Seoul"), 0, 0, 0},
    {WSTR("Dlt"), REG_SZ, WSTR("Korea Daylight Time"), 0, 0, 0},
    {WSTR("MUI_Display"), REG_SZ, WSTR("@tzres.dll,-62050"), 0, 0, 0},
    {WSTR("MUI_Dlt"), REG_SZ, WSTR("@tzres.dll,-62049"), 0, 0, 0},
    {WSTR("MUI_Std"), REG_SZ, WSTR("@tzres.dll,-62048"), 0, 0, 0},
    {WSTR("Std"), REG_SZ, WSTR("Korea Standard Time"), 0, 0, 0},
    {WSTR("TZI"), REG_BINARY, 0, 0, 7744, 44},
    {WSTR("Display"), REG_SZ, WSTR("(UTC+02:00) Tripoli"), 0, 0, 0},
    {WSTR("Dlt"), REG_SZ, WSTR("Libya Daylight Time"), 0, 0, 0},
    {WSTR("MUI_Display"), REG_SZ, WSTR("@tzres.dll,-50770"), 0, 0, 0},
    {WSTR("MUI_Dlt"), REG_SZ, WSTR("@tzres.dll,-50769"), 0, 0, 0},
    {WSTR("MUI_Std"), REG_SZ, WSTR("@tzres.dll,-50768"), 0, 0, 0},
    {WSTR("Std"), REG_SZ, WSTR("Libya Standard Time"), 0, 0, 0},
    {WSTR("TZI"), REG_BINARY, 0, 0, 4928, 44},
    {WSTR("2012"), REG_BINARY, 0, 0, 7788, 44},
    {WSTR("2013"), REG_BINARY, 0, 0, 7832, 44},
    {WSTR("2014"), REG_BINARY, 0, 0, 4928, 44},
    {WSTR("FirstEntry"), REG_DWORD, 0, 2012, 0, 0},
    {WSTR("LastEntry"), REG_DWORD, 0, 2014, 0, 0},
    {WSTR("Display"), REG_SZ, WSTR("(UTC+14:00) Kiritimati Island"), 0, 0, 0},
    {WSTR("Dlt"), REG_SZ, WSTR("Line Islands Daylight Time"), 0, 0, 0},
    {WSTR("MUI_Display"), REG_SZ, WSTR("@tzres.dll,-16770"), 0, 0, 0},
    {WSTR("MUI_Dlt"), REG_SZ, WSTR("@tzres.dll,-16769"), 0, 0, 0},
    {WSTR("MUI_Std"), REG_SZ, WSTR("@tzres.dll,-16768"), 0, 0, 0},
    {WSTR("Std"), REG_SZ, WSTR("Line Islands Standard Time"), 0, 0, 0},
    {WSTR("TZI"), REG_BINARY, 0, 0, 7876, 44},
    {WSTR("Display"), REG_SZ, WSTR("(UTC+10:30) Lord Howe Island"), 0, 0, 0},
    {WSTR("Dlt"), REG_SZ, WSTR("Lord Howe Daylight Time"), 0, 0, 0},
    {WSTR("MUI_Display"), REG_SZ, WSTR("@tzres.dll,-8658"), 0, 0, 0},
    {WSTR("MUI_Dlt"), REG_SZ, WSTR("@tzres.dll,-8657"), 0, 0, 0},
    {WSTR("MUI_Std"), REG_SZ, WSTR("@tzres.dll,-8656"), 0, 0, 0},
    {WSTR("Std"), REG_SZ, WSTR("Lord Howe Standard Time"), 0, 0, 0},
    {WSTR("TZI"), REG_BINARY, 0, 0, 7920, 44},
    {WSTR("2000"), REG_BINARY, 0, 0, 7964, 44},
    {WSTR("2001"), REG_BINARY, 0, 0, 8008, 44},
    {WSTR("2002"), REG_BINARY, 0, 0, 8008, 44},
    {WSTR("2003"), REG_BINARY, 0, 0, 8008, 44},
    {WSTR("2004"), REG_BINARY, 0, 0, 8008, 44},
    {WSTR("2005"), REG_BINARY, 0, 0, 8008, 44},
    {WSTR("2006"), REG_BINARY, 0, 0, 8052, 44},
    {WSTR("2007"), REG_BINARY, 0, 0, 8008, 44},
    {WSTR("2008"), REG_BINARY, 0, 0, 7920, 44},
    {WSTR("FirstEntry"), REG_DWORD, 0, 2000, 0, 0},
    {WSTR("LastEntry"), REG_DWORD, 0, 2008, 0, 0},
    {WSTR("Display"), REG_SZ, WSTR("(UTC+11:00) Magadan"), 0, 0, 0},
    {WSTR("Dlt"), REG_SZ, WSTR("Magadan Daylight Time"), 0, 0, 0},
    {WSTR("MUI_Display"), REG_SZ, WSTR("@tzres.dll,-8834"), 0, 0, 0},
    {WSTR("MUI_Dlt"), REG_SZ, WSTR("@tzres.dll,-8833"), 0, 0, 0},
    {WSTR("MUI_Std"), REG_SZ, WSTR("@tzres.dll,-8832"), 0, 0, 0},
    {WSTR("Std"), REG_SZ, WSTR("Magadan Standard Time"), 0, 0, 0},
    {WSTR("TZI"), REG_BINARY, 0, 0, 2200, 44},
    {WSTR("2000"), REG_BINARY, 0, 0, 8096, 44},
    {WSTR("2001"), REG_BINARY, 0, 0, 8096, 44},
    {WSTR("2002"), REG_BINARY, 0, 0, 8096, 44},
    {WSTR("2003"), REG_BINARY, 0, 0, 8096, 44},
    {WSTR("2004"), REG_BINARY, 0, 0, 8096, 44},
    {WSTR("2005"), REG_BINARY, 0, 0, 8096, 44},
    {WSTR("2006"), REG_BINARY, 0, 0, 8096, 44},
    {WSTR("2007"), REG_BINARY, 0, 0, 8096, 44},
    {WSTR("2008"), REG_BINARY, 0, 0, 8096, 44},
    {WSTR("2009"), REG_BINARY, 0, 0, 8096, 44},
    {WSTR("2010"), REG_BINARY, 0, 0, 8096, 44},
    {WSTR("2011"), REG_BINARY, 0, 0, 8140, 44},
    {WSTR("2012"), REG_BINARY, 0, 0, 5192, 44},
    {WSTR("2013"), REG_BINARY, 0, 0, 5192, 44},
    {WSTR("2014"), REG_BINARY, 0, 0, 8184, 44},
    {WSTR("2015"), REG_BINARY, 0, 0, 2244, 44},
    {WSTR("2016"), REG_BINARY, 0, 0, 8228, 44},
    {WSTR("2017"), REG_BINARY, 0, 0, 2200, 44},
    {WSTR("FirstEntry"), REG_DWORD, 0, 2000, 0, 0},
    {WSTR("LastEntry"), REG_DWORD, 0, 2017, 0, 0},
    {WSTR("Display"), REG_SZ, WSTR("(UTC-03:00) Punta Arenas"), 0, 0, 0},
    {WSTR("Dlt"), REG_SZ, WSTR("Magallanes Daylight Time"), 0, 0, 0},
    {WSTR("MUI_Display"), REG_SZ, WSTR("@tzres.dll,-13122"), 0, 0, 0},
    {WSTR("MUI_Dlt"), REG_SZ, WSTR("@tzres.dll,-13121"), 0, 0, 0},
    {WSTR("MUI_Std"), REG_SZ, WSTR("@tzres.dll,-13120"), 0, 0, 0},
    {WSTR("Std"), REG_SZ, WSTR("Magallanes Standard Time"), 0, 0, 0},
    {WSTR("TZI"), REG_BINARY, 0, 0, 1056, 44},
    {WSTR("2000"), REG_BINARY, 0, 0, 8272, 44},
    {WSTR("2001"), REG_BINARY, 0, 0, 8316, 44},
    {WSTR("2002"), REG_BINARY, 0, 0, 8316, 44},
    {WSTR("2003"), REG_BINARY, 0, 0, 8316, 44},
    {WSTR("2004"), REG_BINARY, 0, 0, 8316, 44},
    {WSTR("2005"), REG_BINARY, 0, 0, 8316, 44},
    {WSTR("2006"), REG_BINARY, 0, 0, 8272, 44},
    {WSTR("2007"), REG_BINARY, 0, 0, 8316, 44},
    {WSTR("2008"), REG_BINARY, 0, 0, 8360, 44},
    {WSTR("2009"), REG_BINARY, 0, 0, 8404, 44},
    {WSTR("2010"), REG_BINARY, 0, 0, 8448, 44},
    {WSTR("2011"), REG_BINARY, 0, 0, 8492, 44},
    {WSTR("2012"), REG_BINARY, 0, 0, 8536, 44},
    {WSTR("2013"), REG_BINARY, 0, 0, 8580, 44},
    {WSTR("2014"), REG_BINARY, 0, 0, 8624, 44},
    {WSTR("2015"), REG_BINARY, 0, 0, 1056, 44},
    {WSTR("2016"), REG_BINARY, 0, 0, 8668, 44},
    {WSTR("2017"), REG_BINARY, 0, 0, 1056, 44},
    {WSTR("FirstEntry"), REG_DWORD, 0, 2000, 0, 0},
    {WSTR("LastEntry"), REG_DWORD, 0, 2017, 0, 0},
    {WSTR("Display"), REG_SZ, WSTR("(UTC-09:30) Marquesas Islands"), 0, 0, 0},
    {WSTR("Dlt"), REG_SZ, WSTR("Marquesas Daylight Time"), 0, 0, 0},
    {WSTR("MUI_Display"), REG_SZ, WSTR("@tzres.dll,-20738"), 0, 0, 0},
    {WSTR("MUI_Dlt"), REG_SZ, WSTR("@tzres.dll,-20737"), 0, 0, 0},
    {WSTR("MUI_Std"), REG_SZ, WSTR("@tzres.dll,-20736"), 0, 0, 0},
    {WSTR("Std"), REG_SZ, WSTR("Marquesas Standard Time"), 0, 0, 0},
    {WSTR("TZI"), REG_BINARY, 0, 0, 8712, 44},
    {WSTR("Display"), REG_SZ, WSTR("(UTC+04:00) Port Louis"), 0, 0, 0},
    {WSTR("Dlt"), REG_SZ, WSTR("Mauritius Daylight Time"), 0, 0, 0},
    {WSTR("MUI_Display"), REG_SZ, WSTR("@tzres.dll,-60898"), 0, 0, 0},
    {WSTR("MUI_Dlt"), REG_SZ, WSTR("@tzres.dll,-60897"), 0, 0, 0},
    {WSTR("MUI_Std"), REG_SZ, WSTR("@tzres.dll,-60896"), 0, 0, 0},
    {WSTR("Std"), REG_SZ, WSTR("Mauritius Standard Time"), 0, 0, 0},
    {WSTR("TZI"), REG_BINARY, 0, 0, 748, 44},
    {WSTR("2008"), REG_BINARY, 0, 0, 8756, 44},
    {WSTR("2009"), REG_BINARY, 0, 0, 8800, 44},
    {WSTR("2010"), REG_BINARY, 0, 0, 748, 44},
    {WSTR("FirstEntry"), REG_DWORD, 0, 2008, 0, 0},
    {WSTR("LastEntry"), REG_DWORD, 0, 2010, 0, 0},
    {WSTR("Display"), REG_SZ, WSTR("(UTC+02:00) Beirut"), 0, 0, 0},
    {WSTR("Dlt"), REG_SZ, WSTR("Middle East Daylight Time"), 0, 0, 0},
    {WSTR("MUI_Display"), REG_SZ, WSTR("@tzres.dll,-15970"), 0, 0, 0},
    {WSTR("MUI_Dlt"), REG_SZ, WSTR("@tzres.dll,-15969"), 0, 0, 0},
    {WSTR("MUI_Std"), REG_SZ, WSTR("@tzres.dll,-15968"), 0, 0, 0},
    {WSTR("Std"), REG_SZ, WSTR("Middle East Standard Time"), 0, 0, 0},
    {WSTR("TZI"), REG_BINARY, 0, 0, 8844, 44},
    {WSTR("Display"), REG_SZ, WSTR("(UTC-03:00) Montevideo"), 0, 0, 0},
    {WSTR("Dlt"), REG_SZ, WSTR("Montevideo Daylight Time"), 0, 0, 0},
    {WSTR("MUI_Display"), REG_SZ, WSTR("@tzres.dll,-27970"), 0, 0, 0},
    {WSTR("MUI_Dlt"), REG_SZ, WSTR("@tzres.dll,-27969"), 0, 0, 0},
    {WSTR("MUI_Std"), REG_SZ, WSTR("@tzres.dll,-27968"), 0, 0, 0},
    {WSTR("Std"), REG_SZ, WSTR("Montevideo Standard Time"), 0, 0, 0},
    {WSTR("TZI"), REG_BINARY, 0, 0, 1056, 44},
    {WSTR("2004"), REG_BINARY, 0, 0, 8888, 44},
    {WSTR("2005"), REG_BINARY, 0, 0, 8932, 44},
    {WSTR("2006"), REG_BINARY, 0, 0, 8976, 44},
    {WSTR("2007"), REG_BINARY, 0, 0, 8976, 44},
    {WSTR("2008"), REG_BINARY, 0, 0, 8976, 44},
    {WSTR("2009"), REG_BINARY, 0, 0, 8976, 44},
    {WSTR("2010"), REG_BINARY, 0, 0, 8976, 44},
    {WSTR("2011"), REG_BINARY, 0, 0, 8976, 44},
    {WSTR("2012"), REG_BINARY, 0, 0, 8976, 44},
    {WSTR("2013"), REG_BINARY, 0, 0, 8976, 44},
    {WSTR("2014"), REG_BINARY, 0, 0, 8976, 44},
    {WSTR("2015"), REG_BINARY, 0, 0, 9020, 44},
    {WSTR("2016"), REG_BINARY, 0, 0, 1056, 44},
    {WSTR("FirstEntry"), REG_DWORD, 0, 2004, 0, 0},
    {WSTR("LastEntry"), REG_DWORD, 0, 2016, 0, 0},
    {WSTR("Display"), REG_SZ, WSTR("(UTC+01:00) Casablanca"), 0, 0, 0},
    {WSTR("Dlt"), REG_SZ, WSTR("Morocco Daylight Time"), 0, 0, 0},
    {WSTR("MUI_Display"), REG_SZ, WSTR("@tzres.dll,-2994"), 0, 0, 0},
    {WSTR("MUI_Dlt"), REG_SZ, WSTR("@tzres.dll,-2993"), 0, 0, 0},
    {WSTR("MUI_Std"), REG_SZ, WSTR("@tzres.dll,-2992"), 0, 0, 0},
    {WSTR("Std"), REG_SZ, WSTR("Morocco Standard Time"), 0, 0, 0},
    {WSTR("TZI"), REG_BINARY, 0, 0, 9064, 44},
    {WSTR("2000"), REG_BINARY, 0, 0, 6204, 44},
    {WSTR("2001"), REG_BINARY, 0, 0, 6204, 44},
    {WSTR("2002"), REG_BINARY, 0, 0, 6204, 44},
    {WSTR("2003"), REG_BINARY, 0, 0, 6204, 44},
    {WSTR("2004"), REG_BINARY, 0, 0, 6204, 44},
    {WSTR("2005"), REG_BINARY, 0, 0, 6204, 44},
    {WSTR("2006"), REG_BINARY, 0, 0, 6204, 44},
    {WSTR("2007"), REG_BINARY, 0, 0, 6204, 44},
    {WSTR("2008"), REG_BINARY, 0, 0, 9108, 44},
    {WSTR("2009"), REG_BINARY, 0, 0, 9152, 44},
    {WSTR("2010"), REG_BINARY, 0, 0, 9196, 44},
    {WSTR("2011"), REG_BINARY, 0, 0, 9240, 44},
    {WSTR("2012"), REG_BINARY, 0, 0, 9284, 44},
    {WSTR("2013"), REG_BINARY, 0, 0, 9328, 44},
    {WSTR("2014"), REG_BINARY, 0, 0, 9372, 44},
    {WSTR("2015"), REG_BINARY, 0, 0, 9372, 44},
    {WSTR("2016"), REG_BINARY, 0, 0, 9372, 44},
    {WSTR("2017"), REG_BINARY, 0, 0, 9372, 44},
    {WSTR("2018"), REG_BINARY, 0, 0, 9372, 44},
    {WSTR("2019"), REG_BINARY, 0, 0, 9416, 44},
    {WSTR("2020"), REG_BINARY, 0, 0, 9460, 44},
    {WSTR("2021"), REG_BINARY, 0, 0, 9504, 44},
    {WSTR("2022"), REG_BINARY, 0, 0, 9548, 44},
    {WSTR("2023"), REG_BINARY, 0, 0, 9592, 44},
    {WSTR("2024"), REG_BINARY, 0, 0, 9636, 44},
    {WSTR("2025"), REG_BINARY, 0, 0, 9680, 44},
    {WSTR("2026"), REG_BINARY, 0, 0, 9724, 44},
    {WSTR("2027"), REG_BINARY, 0, 0, 9768, 44},
    {WSTR("2028"), REG_BINARY, 0, 0, 9812, 44},
    {WSTR("2029"), REG_BINARY, 0, 0, 9856, 44},
    {WSTR("2030"), REG_BINARY, 0, 0, 9064, 44},
    {WSTR("FirstEntry"), REG_DWORD, 0, 2000, 0, 0},
    {WSTR("LastEntry"), REG_DWORD, 0, 2030, 0, 0},
    {WSTR("Display"), REG_SZ, WSTR("(UTC-07:00) Mountain Time (US & Canada)"), 0, 0, 0},
    {WSTR("Dlt"), REG_SZ, WSTR("Mountain Daylight Time"), 0, 0, 0},
    {WSTR("MUI_Display"), REG_SZ, WSTR("@tzres.dll,-34354"), 0, 0, 0},
    {WSTR("MUI_Dlt"), REG_SZ, WSTR("@tzres.dll,-34353"), 0, 0, 0},
    {WSTR("MUI_Std"), REG_SZ, WSTR("@tzres.dll,-34352"), 0, 0, 0},
    {WSTR("Std"), REG_SZ, WSTR("Mountain Standard Time"), 0, 0, 0},
    {WSTR("TZI"), REG_BINARY, 0, 0, 9900, 44},
    {WSTR("2000"), REG_BINARY, 0, 0, 9944, 44},
    {WSTR("2001"), REG_BINARY, 0, 0, 9944, 44},
    {WSTR("2002"), REG_BINARY, 0, 0, 9944, 44},
    {WSTR("2003"), REG_BINARY, 0, 0, 9944, 44},
    {WSTR("2004"), REG_BINARY, 0, 0, 9944, 44},
    {WSTR("2005"), REG_BINARY, 0, 0, 9944, 44},
    {WSTR("2006"), REG_BINARY, 0, 0, 9944, 44},
    {WSTR("2007"), REG_BINARY, 0, 0, 9900, 44},
    {WSTR("FirstEntry"), REG_DWORD, 0, 2000, 0, 0},
    {WSTR("LastEntry"), REG_DWORD, 0, 2007, 0, 0},
    {WSTR("Display"), REG_SZ, WSTR("(UTC-07:00) Chihuahua, La Paz, Mazatlan"), 0, 0, 0},
    {WSTR("Dlt"), REG_SZ, WSTR("Mountain Daylight Time (Mexico)"), 0, 0, 0},
    {WSTR("MUI_Display"), REG_SZ, WSTR("@tzres.dll,-7250"), 0, 0, 0},
    {WSTR("MUI_Dlt"), REG_SZ, WSTR("@tzres.dll,-7249"), 0, 0, 0},
    {WSTR("MUI_Std"), REG_SZ, WSTR("@tzres.dll,-7248"), 0, 0, 0},
    {WSTR("Std"), REG_SZ, WSTR("Mountain Standard Time (Mexico)"), 0, 0, 0},
    {WSTR("TZI"), REG_BINARY, 0, 0, 9988, 44},
    {WSTR("2000"), REG_BINARY, 0, 0, 9944, 44},
    {WSTR("2001"), REG_BINARY, 0, 0, 10032, 44},
    {WSTR("2002"), REG_BINARY, 0, 0, 9944, 44},
    {WSTR("2003"), REG_BINARY, 0, 0, 9944, 44},
    {WSTR("2004"), REG_BINARY, 0, 0, 9944, 44},
    {WSTR("2005"), REG_BINARY, 0, 0, 9944, 44},
    {WSTR("2006"), REG_BINARY, 0, 0, 9944, 44},
    {WSTR("2007"), REG_BINARY, 0, 0, 9944, 44},
    {WSTR("2008"), REG_BINARY, 0, 0, 9944, 44},
    {WSTR("2009"), REG_BINARY, 0, 0, 9944, 44},
    {WSTR("2010"), REG_BINARY, 0, 0, 9944, 44},
    {WSTR("2011"), REG_BINARY, 0, 0, 9944, 44},
    {WSTR("2012"), REG_BINARY, 0, 0, 9944, 44},
    {WSTR("2013"), REG_BINARY, 0, 0, 9944, 44},
    {WSTR("2014"), REG_BINARY, 0, 0, 9944, 44},
    {WSTR("2015"), REG_BINARY, 0, 0, 9944, 44},
    {WSTR("2016"), REG_BINARY, 0, 0, 9944, 44},
    {WSTR("2017"), REG_BINARY, 0, 0, 9944, 44},
    {WSTR("2018"), REG_BINARY, 0, 0, 9944, 44},
    {WSTR("2019"), REG_BINARY, 0, 0, 9944, 44},
    {WSTR("2020"), REG_BINARY, 0, 0, 9944, 44},
    {WSTR("2021"), REG_BINARY, 0, 0, 9944, 44},
    {WSTR("2022"), REG_BINARY, 0, 0, 9944, 44},
    {WSTR("2023"), REG_BINARY, 0, 0, 9988, 44},
    {WSTR("FirstEntry"), REG_DWORD, 0, 2000, 0, 0},
    {WSTR("LastEntry"), REG_DWORD, 0, 2023, 0, 0},
    {WSTR("Display"), REG_SZ, WSTR("(UTC+06:30) Yangon (Rangoon)"), 0, 0, 0},
    {WSTR("Dlt"), REG_SZ, WSTR("Myanmar Daylight Time"), 0, 0, 0},
    {WSTR("MUI_Display"), REG_SZ, WSTR("@tzres.dll,-21106"), 0, 0, 0},
    {WSTR("MUI_Dlt"), REG_SZ, WSTR("@tzres.dll,-21105"), 0, 0, 0},
    {WSTR("MUI_Std"), REG_SZ, WSTR("@tzres.dll,-21104"), 0, 0, 0},
    {WSTR("Std"), REG_SZ, WSTR("Myanmar Standard Time"), 0, 0, 0},
    {WSTR("TZI"), REG_BINARY, 0, 0, 10076, 44},
    {WSTR("Display"), REG_SZ, WSTR("(UTC+07:00) Novosibirsk"), 0, 0, 0},
    {WSTR("Dlt"), REG_SZ, WSTR("N. Central Asia Daylight Time"), 0, 0, 0},
    {WSTR("MUI_Display"), REG_SZ, WSTR("@tzres.dll,-30706"), 0, 0, 0},
    {WSTR("MUI_Dlt"), REG_SZ, WSTR("@tzres.dll,-30705"), 0, 0, 0},
    {WSTR("MUI_Std"), REG_SZ, WSTR("@tzres.dll,-30704"), 0, 0, 0},
    {WSTR("Std"), REG_SZ, WSTR("N. Central Asia Standard Time"), 0, 0, 0},
    {WSTR("TZI"), REG_BINARY, 0, 0, 440, 44},
    {WSTR("2000"), REG_BINARY, 0, 0, 484, 44},
    {WSTR("2001"), REG_BINARY, 0, 0, 484, 44},
    {WSTR("2002"), REG_BINARY, 0, 0, 484, 44},
    {WSTR("2003"), REG_BINARY, 0, 0, 484, 44},
    {WSTR("2004"), REG_BINARY, 0, 0, 484, 44},
    {WSTR("2005"), REG_BINARY, 0, 0, 484, 44},
    {WSTR("2006"), REG_BINARY, 0, 0, 484, 44},
    {WSTR("2007"), REG_BINARY, 0, 0, 484, 44},
    {WSTR("2008"), REG_BINARY, 0, 0, 484, 44},
    {WSTR("2009"), REG_BINARY, 0, 0, 484, 44},
    {WSTR("2010"), REG_BINARY, 0, 0, 484, 44},
    {WSTR("2011"), REG_BINARY, 0, 0, 528, 44},
    {WSTR("2012"), REG_BINARY, 0, 0, 440, 44},
    {WSTR("2013"), REG_BINARY, 0, 0, 440, 44},
    {WSTR("2014"), REG_BINARY, 0, 0, 572, 44},
    {WSTR("2015"), REG_BINARY, 0, 0, 616, 44},
    {WSTR("2016"), REG_BINARY, 0, 0, 10120, 44},
    {WSTR("2017"), REG_BINARY, 0, 0, 440, 44},
    {WSTR("FirstEntry"), REG_DWORD, 0, 2000, 0, 0},
    {WSTR("LastEntry"), REG_DWORD, 0, 2017, 0, 0},
    {WSTR("Display"), REG_SZ, WSTR("(UTC+02:00) Windhoek"), 0, 0, 0},
    {WSTR("Dlt"), REG_SZ, WSTR("Namibia Daylight Time"), 0, 0, 0},
    {WSTR("MUI_Display"), REG_SZ, WSTR("@tzres.dll,-6210"), 0, 0, 0},
    {WSTR("MUI_Dlt"), REG_SZ, WSTR("@tzres.dll,-6209"), 0, 0, 0},
    {WSTR("MUI_Std"), REG_SZ, WSTR("@tzres.dll,-6208"), 0, 0, 0},
    {WSTR("Std"), REG_SZ, WSTR("Namibia Standard Time"), 0, 0, 0},
    {WSTR("TZI"), REG_BINARY, 0, 0, 4928, 44},
    {WSTR("2000"), REG_BINARY, 0, 0, 10164, 44},
    {WSTR("2001"), REG_BINARY, 0, 0, 10164, 44},
    {WSTR("2002"), REG_BINARY, 0, 0, 10164, 44},
    {WSTR("2003"), REG_BINARY, 0, 0, 10164, 44},
    {WSTR("2004"), REG_BINARY, 0, 0, 10164, 44},
    {WSTR("2005"), REG_BINARY, 0, 0, 10164, 44},
    {WSTR("2006"), REG_BINARY, 0, 0, 10164, 44},
    {WSTR("2007"), REG_BINARY, 0, 0, 10164, 44},
    {WSTR("2008"), REG_BINARY, 0, 0, 10164, 44},
    {WSTR("2009"), REG_BINARY, 0, 0, 10164, 44},
    {WSTR("2010"), REG_BINARY, 0, 0, 10164, 44},
    {WSTR("2011"), REG_BINARY, 0, 0, 10164, 44},
    {WSTR("2012"), REG_BINARY, 0, 0, 10164, 44},
    {WSTR("2013"), REG_BINARY, 0, 0, 10164, 44},
    {WSTR("2014"), REG_BINARY, 0, 0, 10164, 44},
    {WSTR("2015"), REG_BINARY, 0, 0, 10164, 44},
    {WSTR("2016"), REG_BINARY, 0, 0, 10164, 44},
    {WSTR("2017"), REG_BINARY, 0, 0, 10164, 44},
    {WSTR("2018"), REG_BINARY, 0, 0, 4928, 44},
    {WSTR("FirstEntry"), REG_DWORD, 0, 2000, 0, 0},
    {WSTR("LastEntry"), REG_DWORD, 0, 2018, 0, 0},
    {WSTR("Display"), REG_SZ, WSTR("(UTC+05:45) Kathmandu"), 0, 0, 0},
    {WSTR("Dlt"), REG_SZ, WSTR("Nepal Daylight Time"), 0, 0, 0},
    {WSTR("MUI_Display"), REG_SZ, WSTR("@tzres.dll,-1218"), 0, 0, 0},
    {WSTR("MUI_Dlt"), REG_SZ, WSTR("@tzres.dll,-1217"), 0, 0, 0},
    {WSTR("MUI_Std"), REG_SZ, WSTR("@tzres.dll,-1216"), 0, 0, 0},
    {WSTR("Std"), REG_SZ, WSTR("Nepal Standard Time"), 0, 0, 0},
    {WSTR("TZI"), REG_BINARY, 0, 0, 10208, 44},
    {WSTR("Display"), REG_SZ, WSTR("(UTC+12:00) Auckland, Wellington"), 0, 0, 0},
    {WSTR("Dlt"), REG_SZ, WSTR("New Zealand Daylight Time"), 0, 0, 0},
    {WSTR("MUI_Display"), REG_SZ, WSTR("@tzres.dll,-54898"), 0, 0, 0},
    {WSTR("MUI_Dlt"), REG_SZ, WSTR("@tzres.dll,-54897"), 0, 0, 0},
    {WSTR("MUI_Std"), REG_SZ, WSTR("@tzres.dll,-54896"), 0, 0, 0},
    {WSTR("Std"), REG_SZ, WSTR("New Zealand Standard Time"), 0, 0, 0},
    {WSTR("TZI"), REG_BINARY, 0, 0, 10252, 44},
    {WSTR("2000"), REG_BINARY, 0, 0, 10296, 44},
    {WSTR("2001"), REG_BINARY, 0, 0, 10296, 44},
    {WSTR("2002"), REG_BINARY, 0, 0, 10296, 44},
    {WSTR("2003"), REG_BINARY, 0, 0, 10296, 44},
    {WSTR("2004"), REG_BINARY, 0, 0, 10296, 44},
    {WSTR("2005"), REG_BINARY, 0, 0, 10296, 44},
    {WSTR("2006"), REG_BINARY, 0, 0, 10296, 44},
    {WSTR("2007"), REG_BINARY, 0, 0, 10340, 44},
    {WSTR("2008"), REG_BINARY, 0, 0, 10252, 44},
    {WSTR("FirstEntry"), REG_DWORD, 0, 2000, 0, 0},
    {WSTR("LastEntry"), REG_DWORD, 0, 2008, 0, 0},
    {WSTR("Display"), REG_SZ, WSTR("(UTC-03:30) Newfoundland"), 0, 0, 0},
    {WSTR("Dlt"), REG_SZ, WSTR("Newfoundland Daylight Time"), 0, 0, 0},
    {WSTR("MUI_Display"), REG_SZ, WSTR("@tzres.dll,-9506"), 0, 0, 0},
    {WSTR("MUI_Dlt"), REG_SZ, WSTR("@tzres.dll,-9505"), 0, 0, 0},
    {WSTR("MUI_Std"), REG_SZ, WSTR("@tzres.dll,-9504"), 0, 0, 0},
    {WSTR("Std"), REG_SZ, WSTR("Newfoundland Standard Time"), 0, 0, 0},
    {WSTR("TZI"), REG_BINARY, 0, 0, 10384, 44},
    {WSTR("2000"), REG_BINARY, 0, 0, 10428, 44},
    {WSTR("2001"), REG_BINARY, 0, 0, 10428, 44},
    {WSTR("2002"), REG_BINARY, 0, 0, 10428, 44},
    {WSTR("2003"), REG_BINARY, 0, 0, 10428, 44},
    {WSTR("2004"), REG_BINARY, 0, 0, 10428, 44},
    {WSTR("2005"), REG_BINARY, 0, 0, 10428, 44},
    {WSTR("2006"), REG_BINARY, 0, 0, 10428, 44},
    {WSTR("2007"), REG_BINARY, 0, 0, 10472, 44},
    {WSTR("2008"), REG_BINARY, 0, 0, 10472, 44},
    {WSTR("2009"), REG_BINARY, 0, 0, 10472, 44},
    {WSTR("2010"), REG_BINARY, 0, 0, 10472, 44},
    {WSTR("2011"), REG_BINARY, 0, 0, 10516, 44},
    {WSTR("2012"), REG_BINARY, 0, 0, 10384, 44},
    {WSTR("FirstEntry"), REG_DWORD, 0, 2000, 0, 0},
    {WSTR("LastEntry"), REG_DWORD, 0, 2012, 0, 0},
    {WSTR("Display"), REG_SZ, WSTR("(UTC+11:00) Norfolk Island"), 0, 0, 0},
    {WSTR("Dlt"), REG_SZ, WSTR("Norfolk Daylight Time"), 0, 0, 0},
    {WSTR("MUI_Display"), REG_SZ, WSTR("@tzres.dll,-47442"), 0, 0, 0},
    {WSTR("MUI_Dlt"), REG_SZ, WSTR("@tzres.dll,-47441"), 0, 0, 0},
    {WSTR("MUI_Std"), REG_SZ, WSTR("@tzres.dll,-47440"), 0, 0, 0},
    {WSTR("Std"), REG_SZ, WSTR("Norfolk Standard Time"), 0, 0, 0},
    {WSTR("TZI"), REG_BINARY, 0, 0, 10560, 44},
    {WSTR("2000"), REG_BINARY, 0, 0, 10604, 44},
    {WSTR("2001"), REG_BINARY, 0, 0, 10604, 44},
    {WSTR("2002"), REG_BINARY, 0, 0, 10604, 44},
    {WSTR("2003"), REG_BINARY, 0, 0, 10604, 44},
    {WSTR("2004"), REG_BINARY, 0, 0, 10604, 44},
    {WSTR("2005"), REG_BINARY, 0, 0, 10604, 44},
    {WSTR("2006"), REG_BINARY, 0, 0, 10604, 44},
    {WSTR("2007"), REG_BINARY, 0, 0, 10604, 44},
    {WSTR("2008"), REG_BINARY, 0, 0, 10604, 44},
    {WSTR("2009"), REG_BINARY, 0, 0, 10604, 44},
    {WSTR("2010"), REG_BINARY, 0, 0, 10604, 44},
    {WSTR("2011"), REG_BINARY, 0, 0, 10604, 44},
    {WSTR("2012"), REG_BINARY, 0, 0, 10604, 44},
    {WSTR("2013"), REG_BINARY, 0, 0, 10604, 44},
    {WSTR("2014"), REG_BINARY, 0, 0, 10604, 44},
    {WSTR("2015"), REG_BINARY, 0, 0, 10648, 44},
    {WSTR("2016"), REG_BINARY, 0, 0, 2200, 44},
    {WSTR("2017"), REG_BINARY, 0, 0, 2200, 44},
    {WSTR("2018"), REG_BINARY, 0, 0, 2200, 44},
    {WSTR("2019"), REG_BINARY, 0, 0, 10692, 44},
    {WSTR("2020"), REG_BINARY, 0, 0, 10560, 44},
    {WSTR("FirstEntry"), REG_DWORD, 0, 2000, 0, 0},
    {WSTR("LastEntry"), REG_DWORD, 0, 2020, 0, 0},
    {WSTR("Display"), REG_SZ, WSTR("(UTC+08:00) Irkutsk"), 0, 0, 0},
    {WSTR("Dlt"), REG_SZ, WSTR("North Asia East Daylight Time"), 0, 0, 0},
    {WSTR("MUI_Display"), REG_SZ, WSTR("@tzres.dll,-19058"), 0, 0, 0},
    {WSTR("MUI_Dlt"), REG_SZ, WSTR("@tzres.dll,-19057"), 0, 0, 0},
    {WSTR("MUI_Std"), REG_SZ, WSTR("@tzres.dll,-19056"), 0, 0, 0},
    {WSTR("Std"), REG_SZ, WSTR("North Asia East Standard Time"), 0, 0, 0},
    {WSTR("TZI"), REG_BINARY, 0, 0, 3432, 44},
    {WSTR("2000"), REG_BINARY, 0, 0, 10736, 44},
    {WSTR("2001"), REG_BINARY, 0, 0, 10736, 44},
    {WSTR("2002"), REG_BINARY, 0, 0, 10736, 44},
    {WSTR("2003"), REG_BINARY, 0, 0, 10736, 44},
    {WSTR("2004"), REG_BINARY, 0, 0, 10736, 44},
    {WSTR("2005"), REG_BINARY, 0, 0, 10736, 44},
    {WSTR("2006"), REG_BINARY, 0, 0, 10736, 44},
    {WSTR("2007"), REG_BINARY, 0, 0, 10736, 44},
    {WSTR("2008"), REG_BINARY, 0, 0, 10736, 44},
    {WSTR("2009"), REG_BINARY, 0, 0, 10736, 44},
    {WSTR("2010"), REG_BINARY, 0, 0, 10736, 44},
    {WSTR("2011"), REG_BINARY, 0, 0, 10780, 44},
    {WSTR("2012"), REG_BINARY, 0, 0, 7744, 44},
    {WSTR("2013"), REG_BINARY, 0, 0, 7744, 44},
    {WSTR("2014"), REG_BINARY, 0, 0, 10824, 44},
    {WSTR("2015"), REG_BINARY, 0, 0, 3432, 44},
    {WSTR("FirstEntry"), REG_DWORD, 0, 2000, 0, 0},
    {WSTR("LastEntry"), REG_DWORD, 0, 2015, 0, 0},
    {WSTR("Display"), REG_SZ, WSTR("(UTC+07:00) Krasnoyarsk"), 0, 0, 0},
    {WSTR("Dlt"), REG_SZ, WSTR("North Asia Daylight Time"), 0, 0, 0},
    {WSTR("MUI_Display"), REG_SZ, WSTR("@tzres.dll,-306"), 0, 0, 0},
    {WSTR("MUI_Dlt"), REG_SZ, WSTR("@tzres.dll,-305"), 0, 0, 0},
    {WSTR("MUI_Std"), REG_SZ, WSTR("@tzres.dll,-304"), 0, 0, 0},
    {WSTR("Std"), REG_SZ, WSTR("North Asia Standard Time"), 0, 0, 0},
    {WSTR("TZI"), REG_BINARY, 0, 0, 440, 44},
    {WSTR("2000"), REG_BINARY, 0, 0, 10868, 44},
    {WSTR("2001"), REG_BINARY, 0, 0, 10868, 44},
    {WSTR("2002"), REG_BINARY, 0, 0, 10868, 44},
    {WSTR("2003"), REG_BINARY, 0, 0, 10868, 44},
    {WSTR("2004"), REG_BINARY, 0, 0, 10868, 44},
    {WSTR("2005"), REG_BINARY, 0, 0, 10868, 44},
    {WSTR("2006"), REG_BINARY, 0, 0, 10868, 44},
    {WSTR("2007"), REG_BINARY, 0, 0, 10868, 44},
    {WSTR("2008"), REG_BINARY, 0, 0, 10868, 44},
    {WSTR("2009"), REG_BINARY, 0, 0, 10868, 44},
    {WSTR("2010"), REG_BINARY, 0, 0, 10868, 44},
    {WSTR("2011"), REG_BINARY, 0, 0, 10912, 44},
    {WSTR("2012"), REG_BINARY, 0, 0, 3432, 44},
    {WSTR("2013"), REG_BINARY, 0, 0, 3432, 44},
    {WSTR("2014"), REG_BINARY, 0, 0, 10956, 44},
    {WSTR("2015"), REG_BINARY, 0, 0, 440, 44},
    {WSTR("FirstEntry"), REG_DWORD, 0, 2000, 0, 0},
    {WSTR("LastEntry"), REG_DWORD, 0, 2015, 0, 0},
    {WSTR("Display"), REG_SZ, WSTR("(UTC+09:00) Pyongyang"), 0, 0, 0},
    {WSTR("Dlt"), REG_SZ, WSTR("North Korea Daylight Time"), 0, 0, 0},
    {WSTR("MUI_Display"), REG_SZ, WSTR("@tzres.dll,-35890"), 0, 0, 0},
    {WSTR("MUI_Dlt"), REG_SZ, WSTR("@tzres.dll,-35889"), 0, 0, 0},
    {WSTR("MUI_Std"), REG_SZ, WSTR("@tzres.dll,-35888"), 0, 0, 0},
    {WSTR("Std"), REG_SZ, WSTR("North Korea Standard Time"), 0, 0, 0},
    {WSTR("TZI"), REG_BINARY, 0, 0, 7744, 44},
    {WSTR("2015"), REG_BINARY, 0, 0, 11000, 44},
    {WSTR("2016"), REG_BINARY, 0, 0, 11044, 44},
    {WSTR("2017"), REG_BINARY, 0, 0, 11044, 44},
    {WSTR("2018"), REG_BINARY, 0, 0, 11088, 44},
    {WSTR("2019"), REG_BINARY, 0, 0, 7744, 44},
    {WSTR("FirstEntry"), REG_DWORD, 0, 2015, 0, 0},
    {WSTR("LastEntry"), REG_DWORD, 0, 2019, 0, 0},
    {WSTR("Display"), REG_SZ, WSTR("(UTC+06:00) Omsk"), 0, 0, 0},
    {WSTR("Dlt"), REG_SZ, WSTR("Omsk Daylight Time"), 0, 0, 0},
    {WSTR("MUI_Display"), REG_SZ, WSTR("@tzres.dll,-55954"), 0, 0, 0},
    {WSTR("MUI_Dlt"), REG_SZ, WSTR("@tzres.dll,-55953"), 0, 0, 0},
    {WSTR("MUI_Std"), REG_SZ, WSTR("@tzres.dll,-55952"), 0, 0, 0},
    {WSTR("Std"), REG_SZ, WSTR("Omsk Standard Time"), 0, 0, 0},
    {WSTR("TZI"), REG_BINARY, 0, 0, 616, 44},
    {WSTR("2000"), REG_BINARY, 0, 0, 484, 44},
    {WSTR("2001"), REG_BINARY, 0, 0, 484, 44},
    {WSTR("2002"), REG_BINARY, 0, 0, 484, 44},
    {WSTR("2003"), REG_BINARY, 0, 0, 484, 44},
    {WSTR("2004"), REG_BINARY, 0, 0, 484, 44},
    {WSTR("2005"), REG_BINARY, 0, 0, 484, 44},
    {WSTR("2006"), REG_BINARY, 0, 0, 484, 44},
    {WSTR("2007"), REG_BINARY, 0, 0, 484, 44},
    {WSTR("2008"), REG_BINARY, 0, 0, 484, 44},
    {WSTR("2009"), REG_BINARY, 0, 0, 484, 44},
    {WSTR("2010"), REG_BINARY, 0, 0, 484, 44},
    {WSTR("2011"), REG_BINARY, 0, 0, 528, 44},
    {WSTR("2012"), REG_BINARY, 0, 0, 440, 44},
    {WSTR("2013"), REG_BINARY, 0, 0, 440, 44},
    {WSTR("2014"), REG_BINARY, 0, 0, 572, 44},
    {WSTR("2015"), REG_BINARY, 0, 0, 616, 44},
    {WSTR("FirstEntry"), REG_DWORD, 0, 2000, 0, 0},
    {WSTR("LastEntry"), REG_DWORD, 0, 2015, 0, 0},
    {WSTR("Display"), REG_SZ, WSTR("(UTC-04:00) Santiago"), 0, 0, 0},
    {WSTR("Dlt"), REG_SZ, WSTR("Pacific SA Daylight Time"), 0, 0, 0},
    {WSTR("MUI_Display"), REG_SZ, WSTR("@tzres.dll,-65010"), 0, 0, 0},
    {WSTR("MUI_Dlt"), REG_SZ, WSTR("@tzres.dll,-65009"), 0, 0, 0},
    {WSTR("MUI_Std"), REG_SZ, WSTR("@tzres.dll,-65008"), 0, 0, 0},
    {WSTR("Std"), REG_SZ, WSTR("Pacific SA Standard Time"), 0, 0, 0},
    {WSTR("TZI"), REG_BINARY, 0, 0, 11132, 44},
    {WSTR("2000"), REG_BINARY, 0, 0, 8272, 44},
    {WSTR("2001"), REG_BINARY, 0, 0, 8316, 44},
    {WSTR("2002"), REG_BINARY, 0, 0, 8316, 44},
    {WSTR("2003"), REG_BINARY, 0, 0, 8316, 44},
    {WSTR("2004"), REG_BINARY, 0, 0, 8316, 44},
    {WSTR("2005"), REG_BINARY, 0, 0, 8316, 44},
    {WSTR("2006"), REG_BINARY, 0, 0, 8272, 44},
    {WSTR("2007"), REG_BINARY, 0, 0, 8316, 44},
    {WSTR("2008"), REG_BINARY, 0, 0, 8360, 44},
    {WSTR("2009"), REG_BINARY, 0, 0, 8404, 44},
    {WSTR("2010"), REG_BINARY, 0, 0, 8448, 44},
    {WSTR("2011"), REG_BINARY, 0, 0, 8492, 44},
    {WSTR("2012"), REG_BINARY, 0, 0, 8536, 44},
    {WSTR("2013"), REG_BINARY, 0, 0, 8580, 44},
    {WSTR("2014"), REG_BINARY, 0, 0, 8624, 44},
    {WSTR("2015"), REG_BINARY, 0, 0, 1056, 44},
    {WSTR("2016"), REG_BINARY, 0, 0, 11176, 44},
    {WSTR("2017"), REG_BINARY, 0, 0, 11220, 44},
    {WSTR("2018"), REG_BINARY, 0, 0, 11220, 44},
    {WSTR("2019"), REG_BINARY, 0, 0, 11132, 44},
    {WSTR("2020"), REG_BINARY, 0, 0, 11264, 44},
    {WSTR("2021"), REG_BINARY, 0, 0, 11264, 44},
    {WSTR("2022"), REG_BINARY, 0, 0, 11132, 44},
    {WSTR("2023"), REG_BINARY, 0, 0, 11264, 44},
    {WSTR("2024"), REG_BINARY, 0, 0, 11132, 44},
    {WSTR("2025"), REG_BINARY, 0, 0, 11264, 44},
    {WSTR("2026"), REG_BINARY, 0, 0, 11264, 44},
    {WSTR("2027"), REG_BINARY, 0, 0, 11264, 44},
    {WSTR("2028"), REG_BINARY, 0, 0, 11264, 44},
    {WSTR("2029"), REG_BINARY, 0, 0, 11308, 44},
    {WSTR("2030"), REG_BINARY, 0, 0, 11132, 44},
    {WSTR("FirstEntry"), REG_DWORD, 0, 2000, 0, 0},
    {WSTR("LastEntry"), REG_DWORD, 0, 2030, 0, 0},
    {WSTR("Display"), REG_SZ, WSTR("(UTC-08:00) Pacific Time (US & Canada)"), 0, 0, 0},
    {WSTR("Dlt"), REG_SZ, WSTR("Pacific Daylight Time"), 0, 0, 0},
    {WSTR("MUI_Display"), REG_SZ, WSTR("@tzres.dll,-11234"), 0, 0, 0},
    {WSTR("MUI_Dlt"), REG_SZ, WSTR("@tzres.dll,-11233"), 0, 0, 0},
    {WSTR("MUI_Std"), REG_SZ, WSTR("@tzres.dll,-11232"), 0, 0, 0},
    {WSTR("Std"), REG_SZ, WSTR("Pacific Standard Time"), 0, 0, 0},
    {WSTR("TZI"), REG_BINARY, 0, 0, 11352, 44},
    {WSTR("2000"), REG_BINARY, 0, 0, 11396, 44},
    {WSTR("2001"), REG_BINARY, 0, 0, 11396, 44},
    {WSTR("2002"), REG_BINARY, 0, 0, 11396, 44},
    {WSTR("2003"), REG_BINARY, 0, 0, 11396, 44},
    {WSTR("2004"), REG_BINARY, 0, 0, 11396, 44},
    {WSTR("2005"), REG_BINARY, 0, 0, 11396, 44},
    {WSTR("2006"), REG_BINARY, 0, 0, 11396, 44},
    {WSTR("2007"), REG_BINARY, 0, 0, 11352, 44},
    {WSTR("FirstEntry"), REG_DWORD, 0, 2000, 0, 0},
    {WSTR("LastEntry"), REG_DWORD, 0, 2007, 0, 0},
    {WSTR("Display"), REG_SZ, WSTR("(UTC-08:00) Baja California"), 0, 0, 0},
    {WSTR("Dlt"), REG_SZ, WSTR("Pacific Daylight Time (Mexico)"), 0, 0, 0},
    {WSTR("MUI_Display"), REG_SZ, WSTR("@tzres.dll,-15586"), 0, 0, 0},
    {WSTR("MUI_Dlt"), REG_SZ, WSTR("@tzres.dll,-15585"), 0, 0, 0},
    {WSTR("MUI_Std"), REG_SZ, WSTR("@tzres.dll,-15584"), 0, 0, 0},
    {WSTR("Std"), REG_SZ, WSTR("Pacific Standard Time (Mexico)"), 0, 0, 0},
    {WSTR("TZI"), REG_BINARY, 0, 0, 11352, 44},
    {WSTR("2000"), REG_BINARY, 0, 0, 11396, 44},
    {WSTR("2001"), REG_BINARY, 0, 0, 11396, 44},
    {WSTR("2002"), REG_BINARY, 0, 0, 11396, 44},
    {WSTR("2003"), REG_BINARY, 0, 0, 11396, 44},
    {WSTR("2004"), REG_BINARY, 0, 0, 11396, 44},
    {WSTR("2005"), REG_BINARY, 0, 0, 11396, 44},
    {WSTR("2006"), REG_BINARY, 0, 0, 11396, 44},
    {WSTR("2007"), REG_BINARY, 0, 0, 11396, 44},
    {WSTR("2008"), REG_BINARY, 0, 0, 11396, 44},
    {WSTR("2009"), REG_BINARY, 0, 0, 11396, 44},
    {WSTR("2010"), REG_BINARY, 0, 0, 11352, 44},
    {WSTR("FirstEntry"), REG_DWORD, 0, 2000, 0, 0},
    {WSTR("LastEntry"), REG_DWORD, 0, 2010, 0, 0},
    {WSTR("Display"), REG_SZ, WSTR("(UTC+05:00) Islamabad, Karachi"), 0, 0, 0},
    {WSTR("Dlt"), REG_SZ, WSTR("Pakistan Daylight Time"), 0, 0, 0},
    {WSTR("MUI_Display"), REG_SZ, WSTR("@tzres.dll,-28754"), 0, 0, 0},
    {WSTR("MUI_Dlt"), REG_SZ, WSTR("@tzres.dll,-28753"), 0, 0, 0},
    {WSTR("MUI_Std"), REG_SZ, WSTR("@tzres.dll,-28752"), 0, 0, 0},
    {WSTR("Std"), REG_SZ, WSTR("Pakistan Standard Time"), 0, 0, 0},
    {WSTR("TZI"), REG_BINARY, 0, 0, 5016, 44},
    {WSTR("2002"), REG_BINARY, 0, 0, 11440, 44},
    {WSTR("2003"), REG_BINARY, 0, 0, 5016, 44},
    {WSTR("2004"), REG_BINARY, 0, 0, 5016, 44},
    {WSTR("2005"), REG_BINARY, 0, 0, 5016, 44},
    {WSTR("2006"), REG_BINARY, 0, 0, 5016, 44},
    {WSTR("2007"), REG_BINARY, 0, 0, 5016, 44},
    {WSTR("2008"), REG_BINARY, 0, 0, 11484, 44},
    {WSTR("2009"), REG_BINARY, 0, 0, 11528, 44},
    {WSTR("2010"), REG_BINARY, 0, 0, 5016, 44},
    {WSTR("FirstEntry"), REG_DWORD, 0, 2002, 0, 0},
    {WSTR("LastEntry"), REG_DWORD, 0, 2010, 0, 0},
    {WSTR("Display"), REG_SZ, WSTR("(UTC-04:00) Asuncion"), 0, 0, 0},
    {WSTR("Dlt"), REG_SZ, WSTR("Paraguay Daylight Time"), 0, 0, 0},
    {WSTR("MUI_Display"), REG_SZ, WSTR("@tzres.dll,-50226"), 0, 0, 0},
    {WSTR("MUI_Dlt"), REG_SZ, WSTR("@tzres.dll,-50225"), 0, 0, 0},
    {WSTR("MUI_Std"), REG_SZ, WSTR("@tzres.dll,-50224"), 0, 0, 0},
    {WSTR("Std"), REG_SZ, WSTR("Paraguay Standard Time"), 0, 0, 0},
    {WSTR("TZI"), REG_BINARY, 0, 0, 1056, 44},
    {WSTR("2000"), REG_BINARY, 0, 0, 11572, 44},
    {WSTR("2001"), REG_BINARY, 0, 0, 11572, 44},
    {WSTR("2002"), REG_BINARY, 0, 0, 11264, 44},
    {WSTR("2003"), REG_BINARY, 0, 0, 11264, 44},
    {WSTR("2004"), REG_BINARY, 0, 0, 11616, 44},
    {WSTR("2005"), REG_BINARY, 0, 0, 8272, 44},
    {WSTR("2006"), REG_BINARY, 0, 0, 8272, 44},
    {WSTR("2007"), REG_BINARY, 0, 0, 8272, 44},
    {WSTR("2008"), REG_BINARY, 0, 0, 8272, 44},
    {WSTR("2009"), REG_BINARY, 0, 0, 8272, 44},
    {WSTR("2010"), REG_BINARY, 0, 0, 11660, 44},
    {WSTR("2011"), REG_BINARY, 0, 0, 11660, 44},
    {WSTR("2012"), REG_BINARY, 0, 0, 11660, 44},
    {WSTR("2013"), REG_BINARY, 0, 0, 11704, 44},
    {WSTR("2014"), REG_BINARY, 0, 0, 11704, 44},
    {WSTR("2015"), REG_BINARY, 0, 0, 11704, 44},
    {WSTR("2016"), REG_BINARY, 0, 0, 11704, 44},
    {WSTR("2017"), REG_BINARY, 0, 0, 11704, 44},
    {WSTR("2018"), REG_BINARY, 0, 0, 11704, 44},
    {WSTR("2019"), REG_BINARY, 0, 0, 11704, 44},
    {WSTR("2020"), REG_BINARY, 0, 0, 11704, 44},
    {WSTR("2021"), REG_BINARY, 0, 0, 11704, 44},
    {WSTR("2022"), REG_BINARY, 0, 0, 11704, 44},
    {WSTR("2023"), REG_BINARY, 0, 0, 11704, 44},
    {WSTR("2024"), REG_BINARY, 0, 0, 11704, 44},
    {WSTR("2025"), REG_BINARY, 0, 0, 1056, 44},
    {WSTR("FirstEntry"), REG_DWORD, 0, 2000, 0, 0},
    {WSTR("LastEntry"), REG_DWORD, 0, 2025, 0, 0},
    {WSTR("Display"), REG_SZ, WSTR("(UTC+05:00) Qyzylorda"), 0, 0, 0},
    {WSTR("Dlt"), REG_SZ, WSTR("Qyzylorda Daylight Time"), 0, 0, 0},
    {WSTR("MUI_Display"), REG_SZ, WSTR("@tzres.dll,-53762"), 0, 0, 0},
    {WSTR("MUI_Dlt"), REG_SZ, WSTR("@tzres.dll,-53761"), 0, 0, 0},
    {WSTR("MUI_Std"), REG_SZ, WSTR("@tzres.dll,-53760"), 0, 0, 0},
    {WSTR("Std"), REG_SZ, WSTR("Qyzylorda Standard Time"), 0, 0, 0},
    {WSTR("TZI"), REG_BINARY, 0, 0, 5016, 44},
    {WSTR("2000"), REG_BINARY, 0, 0, 5060, 44},
    {WSTR("2001"), REG_BINARY, 0, 0, 5060, 44},
    {WSTR("2002"), REG_BINARY, 0, 0, 5060, 44},
    {WSTR("2003"), REG_BINARY, 0, 0, 5060, 44},
    {WSTR("2004"), REG_BINARY, 0, 0, 11748, 44},
    {WSTR("2005"), REG_BINARY, 0, 0, 616, 44},
    {WSTR("2006"), REG_BINARY, 0, 0, 616, 44},
    {WSTR("2007"), REG_BINARY, 0, 0, 616, 44},
    {WSTR("2008"), REG_BINARY, 0, 0, 616, 44},
    {WSTR("2009"), REG_BINARY, 0, 0, 616, 44},
    {WSTR("2010"), REG_BINARY, 0, 0, 616, 44},
    {WSTR("2011"), REG_BINARY, 0, 0, 616, 44},
    {WSTR("2012"), REG_BINARY, 0, 0, 616, 44},
    {WSTR("2013"), REG_BINARY, 0, 0, 616, 44},
    {WSTR("2014"), REG_BINARY, 0, 0, 616, 44},
    {WSTR("2015"), REG_BINARY, 0, 0, 616, 44},
    {WSTR("2016"), REG_BINARY, 0, 0, 616, 44},
    {WSTR("2017"), REG_BINARY, 0, 0, 616, 44},
    {WSTR("2018"), REG_BINARY, 0, 0, 11792, 44},
    {WSTR("2019"), REG_BINARY, 0, 0, 5016, 44},
    {WSTR("FirstEntry"), REG_DWORD, 0, 2000, 0, 0},
    {WSTR("LastEntry"), REG_DWORD, 0, 2019, 0, 0},
    {WSTR("Display"), REG_SZ, WSTR("(UTC+01:00) Brussels, Copenhagen, Madrid, Paris"), 0, 0, 0},
    {WSTR("Dlt"), REG_SZ, WSTR("Romance Daylight Time"), 0, 0, 0},
    {WSTR("MUI_Display"), REG_SZ, WSTR("@tzres.dll,-45106"), 0, 0, 0},
    {WSTR("MUI_Dlt"), REG_SZ, WSTR("@tzres.dll,-45105"), 0, 0, 0},
    {WSTR("MUI_Std"), REG_SZ, WSTR("@tzres.dll,-45104"), 0, 0, 0},
    {WSTR("Std"), REG_SZ, WSTR("Romance Standard Time"), 0, 0, 0},
    {WSTR("TZI"), REG_BINARY, 0, 0, 3124, 44},
    {WSTR("Display"), REG_SZ, WSTR("(UTC+11:00) Chokurdakh"), 0, 0, 0},
    {WSTR("Dlt"), REG_SZ, WSTR("Russia Time Zone 10"), 0, 0, 0},
    {WSTR("MUI_Display"), REG_SZ, WSTR("@tzres.dll,-59266"), 0, 0, 0},
    {WSTR("MUI_Dlt"), REG_SZ, WSTR("@tzres.dll,-59265"), 0, 0, 0},
    {WSTR("MUI_Std"), REG_SZ, WSTR("@tzres.dll,-59264"), 0, 0, 0},
    {WSTR("Std"), REG_SZ, WSTR("Russia Time Zone 10"), 0, 0, 0},
    {WSTR("TZI"), REG_BINARY, 0, 0, 2200, 44},
    {WSTR("2000"), REG_BINARY, 0, 0, 8096, 44},
    {WSTR("2001"), REG_BINARY, 0, 0, 8096, 44},
    {WSTR("2002"), REG_BINARY, 0, 0, 8096, 44},
    {WSTR("2003"), REG_BINARY, 0, 0, 8096, 44},
    {WSTR("2004"), REG_BINARY, 0, 0, 8096, 44},
    {WSTR("2005"), REG_BINARY, 0, 0, 8096, 44},
    {WSTR("2006"), REG_BINARY, 0, 0, 8096, 44},
    {WSTR("2007"), REG_BINARY, 0, 0, 8096, 44},
    {WSTR("2008"), REG_BINARY, 0, 0, 8096, 44},
    {WSTR("2009"), REG_BINARY, 0, 0, 8096, 44},
    {WSTR("2010"), REG_BINARY, 0, 0, 8096, 44},
    {WSTR("2011"), REG_BINARY, 0, 0, 8140, 44},
    {WSTR("2012"), REG_BINARY, 0, 0, 5192, 44},
    {WSTR("2013"), REG_BINARY, 0, 0, 5192, 44},
    {WSTR("2014"), REG_BINARY, 0, 0, 11836, 44},
    {WSTR("2015"), REG_BINARY, 0, 0, 2200, 44},
    {WSTR("FirstEntry"), REG_DWORD, 0, 2000, 0, 0},
    {WSTR("LastEntry"), REG_DWORD, 0, 2015, 0, 0},
    {WSTR("Display"), REG_SZ, WSTR("(UTC+12:00) Anadyr, Petropavlovsk-Kamchatsky"), 0, 0, 0},
    {WSTR("Dlt"), REG_SZ, WSTR("Russia Time Zone 11"), 0, 0, 0},
    {WSTR("MUI_Display"), REG_SZ, WSTR("@tzres.dll,-46002"), 0, 0, 0},
    {WSTR("MUI_Dlt"), REG_SZ, WSTR("@tzres.dll,-46001"), 0, 0, 0},
    {WSTR("MUI_Std"), REG_SZ, WSTR("@tzres.dll,-46000"), 0, 0, 0},
    {WSTR("Std"), REG_SZ, WSTR("Russia Time Zone 11"), 0, 0, 0},
    {WSTR("TZI"), REG_BINARY, 0, 0, 5192, 44},
    {WSTR("2000"), REG_BINARY, 0, 0, 11880, 44},
    {WSTR("2001"), REG_BINARY, 0, 0, 11880, 44},
    {WSTR("2002"), REG_BINARY, 0, 0, 11880, 44},
    {WSTR("2003"), REG_BINARY, 0, 0, 11880, 44},
    {WSTR("2004"), REG_BINARY, 0, 0, 11880, 44},
    {WSTR("2005"), REG_BINARY, 0, 0, 11880, 44},
    {WSTR("2006"), REG_BINARY, 0, 0, 11880, 44},
    {WSTR("2007"), REG_BINARY, 0, 0, 11880, 44},
    {WSTR("2008"), REG_BINARY, 0, 0, 11880, 44},
    {WSTR("2009"), REG_BINARY, 0, 0, 11880, 44},
    {WSTR("2010"), REG_BINARY, 0, 0, 8096, 44},
    {WSTR("2011"), REG_BINARY, 0, 0, 8140, 44},
    {WSTR("2012"), REG_BINARY, 0, 0, 5192, 44},
    {WSTR("FirstEntry"), REG_DWORD, 0, 2000, 0, 0},
    {WSTR("LastEntry"), REG_DWORD, 0, 2012, 0, 0},
    {WSTR("Display"), REG_SZ, WSTR("(UTC+04:00) Izhevsk, Samara"), 0, 0, 0},
    {WSTR("Dlt"), REG_SZ, WSTR("Russia Time Zone 3"), 0, 0, 0},
    {WSTR("MUI_Display"), REG_SZ, WSTR("@tzres.dll,-17922"), 0, 0, 0},
    {WSTR("MUI_Dlt"), REG_SZ, WSTR("@tzres.dll,-17921"), 0, 0, 0},
    {WSTR("MUI_Std"), REG_SZ, WSTR("@tzres.dll,-17920"), 0, 0, 0},
    {WSTR("Std"), REG_SZ, WSTR("Russia Time Zone 3"), 0, 0, 0},
    {WSTR("TZI"), REG_BINARY, 0, 0, 748, 44},
    {WSTR("2000"), REG_BINARY, 0, 0, 2420, 44},
    {WSTR("2001"), REG_BINARY, 0, 0, 2420, 44},
    {WSTR("2002"), REG_BINARY, 0, 0, 2420, 44},
    {WSTR("2003"), REG_BINARY, 0, 0, 2420, 44},
    {WSTR("2004"), REG_BINARY, 0, 0, 2420, 44},
    {WSTR("2005"), REG_BINARY, 0, 0, 2420, 44},
    {WSTR("2006"), REG_BINARY, 0, 0, 2420, 44},
    {WSTR("2007"), REG_BINARY, 0, 0, 2420, 44},
    {WSTR("2008"), REG_BINARY, 0, 0, 2420, 44},
    {WSTR("2009"), REG_BINARY, 0, 0, 2420, 44},
    {WSTR("2010"), REG_BINARY, 0, 0, 1276, 44},
    {WSTR("2011"), REG_BINARY, 0, 0, 1320, 44},
    {WSTR("2012"), REG_BINARY, 0, 0, 748, 44},
    {WSTR("FirstEntry"), REG_DWORD, 0, 2000, 0, 0},
    {WSTR("LastEntry"), REG_DWORD, 0, 2012, 0, 0},
    {WSTR("Display"), REG_SZ, WSTR("(UTC+03:00) Moscow, St. Petersburg"), 0, 0, 0},
    {WSTR("Dlt"), REG_SZ, WSTR("Russian Daylight Time"), 0, 0, 0},
    {WSTR("MUI_Display"), REG_SZ, WSTR("@tzres.dll,-44562"), 0, 0, 0},
    {WSTR("MUI_Dlt"), REG_SZ, WSTR("@tzres.dll,-44561"), 0, 0, 0},
    {WSTR("MUI_Std"), REG_SZ, WSTR("@tzres.dll,-44560"), 0, 0, 0},
    {WSTR("Std"), REG_SZ, WSTR("Russian Standard Time"), 0, 0, 0},
    {WSTR("TZI"), REG_BINARY, 0, 0, 704, 44},
    {WSTR("2000"), REG_BINARY, 0, 0, 1276, 44},
    {WSTR("2001"), REG_BINARY, 0, 0, 1276, 44},
    {WSTR("2002"), REG_BINARY, 0, 0, 1276, 44},
    {WSTR("2003"), REG_BINARY, 0, 0, 1276, 44},
    {WSTR("2004"), REG_BINARY, 0, 0, 1276, 44},
    {WSTR("2005"), REG_BINARY, 0, 0, 1276, 44},
    {WSTR("2006"), REG_BINARY, 0, 0, 1276, 44},
    {WSTR("2007"), REG_BINARY, 0, 0, 1276, 44},
    {WSTR("2008"), REG_BINARY, 0, 0, 1276, 44},
    {WSTR("2009"), REG_BINARY, 0, 0, 1276, 44},
    {WSTR("2010"), REG_BINARY, 0, 0, 1276, 44},
    {WSTR("2011"), REG_BINARY, 0, 0, 1320, 44},
    {WSTR("2012"), REG_BINARY, 0, 0, 748, 44},
    {WSTR("2013"), REG_BINARY, 0, 0, 748, 44},
    {WSTR("2014"), REG_BINARY, 0, 0, 1364, 44},
    {WSTR("2015"), REG_BINARY, 0, 0, 704, 44},
    {WSTR("FirstEntry"), REG_DWORD, 0, 2000, 0, 0},
    {WSTR("LastEntry"), REG_DWORD, 0, 2015, 0, 0},
    {WSTR("Display"), REG_SZ, WSTR("(UTC-03:00) Cayenne, Fortaleza"), 0, 0, 0},
    {WSTR("Dlt"), REG_SZ, WSTR("SA Eastern Daylight Time"), 0, 0, 0},
    {WSTR("MUI_Display"), REG_SZ, WSTR("@tzres.dll,-40658"), 0, 0, 0},
    {WSTR("MUI_Dlt"), REG_SZ, WSTR("@tzres.dll,-40657"), 0, 0, 0},
    {WSTR("MUI_Std"), REG_SZ, WSTR("@tzres.dll,-40656"), 0, 0, 0},
    {WSTR("Std"), REG_SZ, WSTR("SA Eastern Standard Time"), 0, 0, 0},
    {WSTR("TZI"), REG_BINARY, 0, 0, 1056, 44},
    {WSTR("Display"), REG_SZ, WSTR("(UTC-05:00) Bogota, Lima, Quito, Rio Branco"), 0, 0, 0},
    {WSTR("Dlt"), REG_SZ, WSTR("SA Pacific Daylight Time"), 0, 0, 0},
    {WSTR("MUI_Display"), REG_SZ, WSTR("@tzres.dll,-49426"), 0, 0, 0},
    {WSTR("MUI_Dlt"), REG_SZ, WSTR("@tzres.dll,-49425"), 0, 0, 0},
    {WSTR("MUI_Std"), REG_SZ, WSTR("@tzres.dll,-49424"), 0, 0, 0},
    {WSTR("Std"), REG_SZ, WSTR("SA Pacific Standard Time"), 0, 0, 0},
    {WSTR("TZI"), REG_BINARY, 0, 0, 4400, 44},
    {WSTR("Display"), REG_SZ, WSTR("(UTC-04:00) Georgetown, La Paz, Manaus, San Juan"), 0, 0, 0},
    {WSTR("Dlt"), REG_SZ, WSTR("SA Western Daylight Time"), 0, 0, 0},
    {WSTR("MUI_Display"), REG_SZ, WSTR("@tzres.dll,-57122"), 0, 0, 0},
    {WSTR("MUI_Dlt"), REG_SZ, WSTR("@tzres.dll,-57121"), 0, 0, 0},
    {WSTR("MUI_Std"), REG_SZ, WSTR("@tzres.dll,-57120"), 0, 0, 0},
    {WSTR("Std"), REG_SZ, WSTR("SA Western Standard Time"), 0, 0, 0},
    {WSTR("TZI"), REG_BINARY, 0, 0, 2728, 44},
    {WSTR("Display"), REG_SZ, WSTR("(UTC+07:00) Bangkok, Hanoi, Jakarta"), 0, 0, 0},
    {WSTR("Dlt"), REG_SZ, WSTR("SE Asia Daylight Time"), 0, 0, 0},
    {WSTR("MUI_Display"), REG_SZ, WSTR("@tzres.dll,-53730"), 0, 0, 0},
    {WSTR("MUI_Dlt"), REG_SZ, WSTR("@tzres.dll,-53729"), 0, 0, 0},
    {WSTR("MUI_Std"), REG_SZ, WSTR("@tzres.dll,-53728"), 0, 0, 0},
    {WSTR("Std"), REG_SZ, WSTR("SE Asia Standard Time"), 0, 0, 0},
    {WSTR("TZI"), REG_BINARY, 0, 0, 440, 44},
    {WSTR("Display"), REG_SZ, WSTR("(UTC-03:00) Saint Pierre and Miquelon"), 0, 0, 0},
    {WSTR("Dlt"), REG_SZ, WSTR("Saint Pierre Daylight Time"), 0, 0, 0},
    {WSTR("MUI_Display"), REG_SZ, WSTR("@tzres.dll,-5586"), 0, 0, 0},
    {WSTR("MUI_Dlt"), REG_SZ, WSTR("@tzres.dll,-5585"), 0, 0, 0},
    {WSTR("MUI_Std"), REG_SZ, WSTR("@tzres.dll,-5584"), 0, 0, 0},
    {WSTR("Std"), REG_SZ, WSTR("Saint Pierre Standard Time"), 0, 0, 0},
    {WSTR("TZI"), REG_BINARY, 0, 0, 11924, 44},
    {WSTR("2000"), REG_BINARY, 0, 0, 11968, 44},
    {WSTR("2001"), REG_BINARY, 0, 0, 11968, 44},
    {WSTR("2002"), REG_BINARY, 0, 0, 11968, 44},
    {WSTR("2003"), REG_BINARY, 0, 0, 11968, 44},
    {WSTR("2004"), REG_BINARY, 0, 0, 11968, 44},
    {WSTR("2005"), REG_BINARY, 0, 0, 11968, 44},
    {WSTR("2006"), REG_BINARY, 0, 0, 11968, 44},
    {WSTR("2007"), REG_BINARY, 0, 0, 11924, 44},
    {WSTR("FirstEntry"), REG_DWORD, 0, 2000, 0, 0},
    {WSTR("LastEntry"), REG_DWORD, 0, 2007, 0, 0},
    {WSTR("Display"), REG_SZ, WSTR("(UTC+11:00) Sakhalin"), 0, 0, 0},
    {WSTR("Dlt"), REG_SZ, WSTR("Sakhalin Daylight Time"), 0, 0, 0},
    {WSTR("MUI_Display"), REG_SZ, WSTR("@tzres.dll,-35106"), 0, 0, 0},
    {WSTR("MUI_Dlt"), REG_SZ, WSTR("@tzres.dll,-35105"), 0, 0, 0},
    {WSTR("MUI_Std"), REG_SZ, WSTR("@tzres.dll,-35104"), 0, 0, 0},
    {WSTR("Std"), REG_SZ, WSTR("Sakhalin Standard Time"), 0, 0, 0},
    {WSTR("TZI"), REG_BINARY, 0, 0, 2200, 44},
    {WSTR("2000"), REG_BINARY, 0, 0, 12012, 44},
    {WSTR("2001"), REG_BINARY, 0, 0, 12012, 44},
    {WSTR("2002"), REG_BINARY, 0, 0, 12012, 44},
    {WSTR("2003"), REG_BINARY, 0, 0, 12012, 44},
    {WSTR("2004"), REG_BINARY, 0, 0, 12012, 44},
    {WSTR("2005"), REG_BINARY, 0, 0, 12012, 44},
    {WSTR("2006"), REG_BINARY, 0, 0, 12012, 44},
    {WSTR("2007"), REG_BINARY, 0, 0, 12012, 44},
    {WSTR("2008"), REG_BINARY, 0, 0, 12012, 44},
    {WSTR("2009"), REG_BINARY, 0, 0, 12012, 44},
    {WSTR("2010"), REG_BINARY, 0, 0, 12012, 44},
    {WSTR("2011"), REG_BINARY, 0, 0, 12056, 44},
    {WSTR("2012"), REG_BINARY, 0, 0, 2200, 44},
    {WSTR("2013"), REG_BINARY, 0, 0, 2200, 44},
    {WSTR("2014"), REG_BINARY, 0, 0, 12100, 44},
    {WSTR("2015"), REG_BINARY, 0, 0, 2244, 44},
    {WSTR("2016"), REG_BINARY, 0, 0, 12144, 44},
    {WSTR("2017"), REG_BINARY, 0, 0, 2200, 44},
    {WSTR("FirstEntry"), REG_DWORD, 0, 2000, 0, 0},
    {WSTR("LastEntry"), REG_DWORD, 0, 2017, 0, 0},
    {WSTR("Display"), REG_SZ, WSTR("(UTC+13:00) Samoa"), 0, 0, 0},
    {WSTR("Dlt"), REG_SZ, WSTR("Samoa Daylight Time"), 0, 0, 0},
    {WSTR("MUI_Display"), REG_SZ, WSTR("@tzres.dll,-14594"), 0, 0, 0},
    {WSTR("MUI_Dlt"), REG_SZ, WSTR("@tzres.dll,-14593"), 0, 0, 0},
    {WSTR("MUI_Std"), REG_SZ, WSTR("@tzres.dll,-14592"), 0, 0, 0},
    {WSTR("Std"), REG_SZ, WSTR("Samoa Standard Time"), 0, 0, 0},
    {WSTR("TZI"), REG_BINARY, 0, 0, 12188, 44},
    {WSTR("2000"), REG_BINARY, 0, 0, 12232, 44},
    {WSTR("2001"), REG_BINARY, 0, 0, 12232, 44},
    {WSTR("2002"), REG_BINARY, 0, 0, 12232, 44},
    {WSTR("2003"), REG_BINARY, 0, 0, 12232, 44},
    {WSTR("2004"), REG_BINARY, 0, 0, 12232, 44},
    {WSTR("2005"), REG_BINARY, 0, 0, 12232, 44},
    {WSTR("2006"), REG_BINARY, 0, 0, 12232, 44},
    {WSTR("2007"), REG_BINARY, 0, 0, 12232, 44},
    {WSTR("2008"), REG_BINARY, 0, 0, 12232, 44},
    {WSTR("2009"), REG_BINARY, 0, 0, 12232, 44},
    {WSTR("2010"), REG_BINARY, 0, 0, 12276, 44},
    {WSTR("2011"), REG_BINARY, 0, 0, 12320, 44},
    {WSTR("2012"), REG_BINARY, 0, 0, 12364, 44},
    {WSTR("2013"), REG_BINARY, 0, 0, 12364, 44},
    {WSTR("2014"), REG_BINARY, 0, 0, 12364, 44},
    {WSTR("2015"), REG_BINARY, 0, 0, 12364, 44},
    {WSTR("2016"), REG_BINARY, 0, 0, 12364, 44},
    {WSTR("2017"), REG_BINARY, 0, 0, 12364, 44},
    {WSTR("2018"), REG_BINARY, 0, 0, 12364, 44},
    {WSTR("2019"), REG_BINARY, 0, 0, 12364, 44},
    {WSTR("2020"), REG_BINARY, 0, 0, 12364, 44},
    {WSTR("2021"), REG_BINARY, 0, 0, 12408, 44},
    {WSTR("2022"), REG_BINARY, 0, 0, 12188, 44},
    {WSTR("FirstEntry"), REG_DWORD, 0, 2000, 0, 0},
    {WSTR("LastEntry"), REG_DWORD, 0, 2022, 0, 0},
    {WSTR("Display"), REG_SZ, WSTR("(UTC+00:00) Sao Tome"), 0, 0, 0},
    {WSTR("Dlt"), REG_SZ, WSTR("Sao Tome Daylight Time"), 0, 0, 0},
    {WSTR("MUI_Display"), REG_SZ, WSTR("@tzres.dll,-5986"), 0, 0, 0},
    {WSTR("MUI_Dlt"), REG_SZ, WSTR("@tzres.dll,-5985"), 0, 0, 0},
    {WSTR("MUI_Std"), REG_SZ, WSTR("@tzres.dll,-5984"), 0, 0, 0},
    {WSTR("Std"), REG_SZ, WSTR("Sao Tome Standard Time"), 0, 0, 0},
    {WSTR("TZI"), REG_BINARY, 0, 0, 6204, 44},
    {WSTR("2018"), REG_BINARY, 0, 0, 12452, 44},
    {WSTR("2019"), REG_BINARY, 0, 0, 12496, 44},
    {WSTR("2020"), REG_BINARY, 0, 0, 6204, 44},
    {WSTR("FirstEntry"), REG_DWORD, 0, 2018, 0, 0},
    {WSTR("LastEntry"), REG_DWORD, 0, 2020, 0, 0},
    {WSTR("Display"), REG_SZ, WSTR("(UTC+04:00) Saratov"), 0, 0, 0},
    {WSTR("Dlt"), REG_SZ, WSTR("Saratov Daylight Time"), 0, 0, 0},
    {WSTR("MUI_Display"), REG_SZ, WSTR("@tzres.dll,-33810"), 0, 0, 0},
    {WSTR("MUI_Dlt"), REG_SZ, WSTR("@tzres.dll,-33809"), 0, 0, 0},
    {WSTR("MUI_Std"), REG_SZ, WSTR("@tzres.dll,-33808"), 0, 0, 0},
    {WSTR("Std"), REG_SZ, WSTR("Saratov Standard Time"), 0, 0, 0},
    {WSTR("TZI"), REG_BINARY, 0, 0, 748, 44},
    {WSTR("2000"), REG_BINARY, 0, 0, 1276, 44},
    {WSTR("2001"), REG_BINARY, 0, 0, 1276, 44},
    {WSTR("2002"), REG_BINARY, 0, 0, 1276, 44},
    {WSTR("2003"), REG_BINARY, 0, 0, 1276, 44},
    {WSTR("2004"), REG_BINARY, 0, 0, 1276, 44},
    {WSTR("2005"), REG_BINARY, 0, 0, 1276, 44},
    {WSTR("2006"), REG_BINARY, 0, 0, 1276, 44},
    {WSTR("2007"), REG_BINARY, 0, 0, 1276, 44},
    {WSTR("2008"), REG_BINARY, 0, 0, 1276, 44},
    {WSTR("2009"), REG_BINARY, 0, 0, 1276, 44},
    {WSTR("2010"), REG_BINARY, 0, 0, 1276, 44},
    {WSTR("2011"), REG_BINARY, 0, 0, 1320, 44},
    {WSTR("2012"), REG_BINARY, 0, 0, 748, 44},
    {WSTR("2013"), REG_BINARY, 0, 0, 748, 44},
    {WSTR("2014"), REG_BINARY, 0, 0, 1364, 44},
    {WSTR("2015"), REG_BINARY, 0, 0, 704, 44},
    {WSTR("2016"), REG_BINARY, 0, 0, 12540, 44},
    {WSTR("2017"), REG_BINARY, 0, 0, 748, 44},
    {WSTR("FirstEntry"), REG_DWORD, 0, 2000, 0, 0},
    {WSTR("LastEntry"), REG_DWORD, 0, 2017, 0, 0},
    {WSTR("Display"), REG_SZ, WSTR("(UTC+08:00) Kuala Lumpur, Singapore"), 0, 0, 0},
    {WSTR("Dlt"), REG_SZ, WSTR("Singapore Daylight Time"), 0, 0, 0},
    {WSTR("MUI_Display"), REG_SZ, WSTR("@tzres.dll,-61842"), 0, 0, 0},
    {WSTR("MUI_Dlt"), REG_SZ, WSTR("@tzres.dll,-61841"), 0, 0, 0},
    {WSTR("MUI_Std"), REG_SZ, WSTR("@tzres.dll,-61840"), 0, 0, 0},
    {WSTR("Std"), REG_SZ, WSTR("Singapore Standard Time"), 0, 0, 0},
    {WSTR("TZI"), REG_BINARY, 0, 0, 3432, 44},
    {WSTR("Display"), REG_SZ, WSTR("(UTC+02:00) Harare, Pretoria"), 0, 0, 0},
    {WSTR("Dlt"), REG_SZ, WSTR("South Africa Daylight Time"), 0, 0, 0},
    {WSTR("MUI_Display"), REG_SZ, WSTR("@tzres.dll,-38898"), 0, 0, 0},
    {WSTR("MUI_Dlt"), REG_SZ, WSTR("@tzres.dll,-38897"), 0, 0, 0},
    {WSTR("MUI_Std"), REG_SZ, WSTR("@tzres.dll,-38896"), 0, 0, 0},
    {WSTR("Std"), REG_SZ, WSTR("South Africa Standard Time"), 0, 0, 0},
    {WSTR("TZI"), REG_BINARY, 0, 0, 4928, 44},
    {WSTR("Display"), REG_SZ, WSTR("(UTC+02:00) Juba"), 0, 0, 0},
    {WSTR("Dlt"), REG_SZ, WSTR("South Sudan Daylight Time"), 0, 0, 0},
    {WSTR("MUI_Display"), REG_SZ, WSTR("@tzres.dll,-7666"), 0, 0, 0},
    {WSTR("MUI_Dlt"), REG_SZ, WSTR("@tzres.dll,-7665"), 0, 0, 0},
    {WSTR("MUI_Std"), REG_SZ, WSTR("@tzres.dll,-7664"), 0, 0, 0},
    {WSTR("Std"), REG_SZ, WSTR("South Sudan Standard Time"), 0, 0, 0},
    {WSTR("TZI"), REG_BINARY, 0, 0, 4928, 44},
    {WSTR("2000"), REG_BINARY, 0, 0, 12584, 44},
    {WSTR("2001"), REG_BINARY, 0, 0, 704, 44},
    {WSTR("2002"), REG_BINARY, 0, 0, 704, 44},
    {WSTR("2003"), REG_BINARY, 0, 0, 704, 44},
    {WSTR("2004"), REG_BINARY, 0, 0, 704, 44},
    {WSTR("2005"), REG_BINARY, 0, 0, 704, 44},
    {WSTR("2006"), REG_BINARY, 0, 0, 704, 44},
    {WSTR("2007"), REG_BINARY, 0, 0, 704, 44},
    {WSTR("2008"), REG_BINARY, 0, 0, 704, 44},
    {WSTR("2009"), REG_BINARY, 0, 0, 704, 44},
    {WSTR("2010"), REG_BINARY, 0, 0, 704, 44},
    {WSTR("2011"), REG_BINARY, 0, 0, 704, 44},
    {WSTR("2012"), REG_BINARY, 0, 0, 704, 44},
    {WSTR("2013"), REG_BINARY, 0, 0, 704, 44},
    {WSTR("2014"), REG_BINARY, 0, 0, 704, 44},
    {WSTR("2015"), REG_BINARY, 0, 0, 704, 44},
    {WSTR("2016"), REG_BINARY, 0, 0, 704, 44},
    {WSTR("2017"), REG_BINARY, 0, 0, 704, 44},
    {WSTR("2018"), REG_BINARY, 0, 0, 704, 44},
    {WSTR("2019"), REG_BINARY, 0, 0, 704, 44},
    {WSTR("2020"), REG_BINARY, 0, 0, 704, 44},
    {WSTR("2021"), REG_BINARY, 0, 0, 12628, 44},
    {WSTR("2022"), REG_BINARY, 0, 0, 4928, 44},
    {WSTR("FirstEntry"), REG_DWORD, 0, 2000, 0, 0},
    {WSTR("LastEntry"), REG_DWORD, 0, 2022, 0, 0},
    {WSTR("Display"), REG_SZ, WSTR("(UTC+05:30) Sri Jayawardenepura"), 0, 0, 0},
    {WSTR("Dlt"), REG_SZ, WSTR("Sri Lanka Daylight Time"), 0, 0, 0},
    {WSTR("MUI_Display"), REG_SZ, WSTR("@tzres.dll,-39410"), 0, 0, 0},
    {WSTR("MUI_Dlt"), REG_SZ, WSTR("@tzres.dll,-39409"), 0, 0, 0},
    {WSTR("MUI_Std"), REG_SZ, WSTR("@tzres.dll,-39408"), 0, 0, 0},
    {WSTR("Std"), REG_SZ, WSTR("Sri Lanka Standard Time"), 0, 0, 0},
    {WSTR("TZI"), REG_BINARY, 0, 0, 6336, 44},
    {WSTR("2000"), REG_BINARY, 0, 0, 616, 44},
    {WSTR("2001"), REG_BINARY, 0, 0, 616, 44},
    {WSTR("2002"), REG_BINARY, 0, 0, 616, 44},
    {WSTR("2003"), REG_BINARY, 0, 0, 616, 44},
    {WSTR("2004"), REG_BINARY, 0, 0, 616, 44},
    {WSTR("2005"), REG_BINARY, 0, 0, 616, 44},
    {WSTR("2006"), REG_BINARY, 0, 0, 12672, 44},
    {WSTR("2007"), REG_BINARY, 0, 0, 6336, 44},
    {WSTR("FirstEntry"), REG_DWORD, 0, 2000, 0, 0},
    {WSTR("LastEntry"), REG_DWORD, 0, 2007, 0, 0},
    {WSTR("Display"), REG_SZ, WSTR("(UTC+02:00) Khartoum"), 0, 0, 0},
    {WSTR("Dlt"), REG_SZ, WSTR("Sudan Daylight Time"), 0, 0, 0},
    {WSTR("MUI_Display"), REG_SZ, WSTR("@tzres.dll,-9794"), 0, 0, 0},
    {WSTR("MUI_Dlt"), REG_SZ, WSTR("@tzres.dll,-9793"), 0, 0, 0},
    {WSTR("MUI_Std"), REG_SZ, WSTR("@tzres.dll,-9792"), 0, 0, 0},
    {WSTR("Std"), REG_SZ, WSTR("Sudan Standard Time"), 0, 0, 0},
    {WSTR("TZI"), REG_BINARY, 0, 0, 4928, 44},
    {WSTR("2000"), REG_BINARY, 0, 0, 12584, 44},
    {WSTR("2001"), REG_BINARY, 0, 0, 704, 44},
    {WSTR("2002"), REG_BINARY, 0, 0, 704, 44},
    {WSTR("2003"), REG_BINARY, 0, 0, 704, 44},
    {WSTR("2004"), REG_BINARY, 0, 0, 704, 44},
    {WSTR("2005"), REG_BINARY, 0, 0, 704, 44},
    {WSTR("2006"), REG_BINARY, 0, 0, 704, 44},
    {WSTR("2007"), REG_BINARY, 0, 0, 704, 44},
    {WSTR("2008"), REG_BINARY, 0, 0, 704, 44},
    {WSTR("2009"), REG_BINARY, 0, 0, 704, 44},
    {WSTR("2010"), REG_BINARY, 0, 0, 704, 44},
    {WSTR("2011"), REG_BINARY, 0, 0, 704, 44},
    {WSTR("2012"), REG_BINARY, 0, 0, 704, 44},
    {WSTR("2013"), REG_BINARY, 0, 0, 704, 44},
    {WSTR("2014"), REG_BINARY, 0, 0, 704, 44},
    {WSTR("2015"), REG_BINARY, 0, 0, 704, 44},
    {WSTR("2016"), REG_BINARY, 0, 0, 704, 44},
    {WSTR("2017"), REG_BINARY, 0, 0, 12716, 44},
    {WSTR("2018"), REG_BINARY, 0, 0, 4928, 44},
    {WSTR("FirstEntry"), REG_DWORD, 0, 2000, 0, 0},
    {WSTR("LastEntry"), REG_DWORD, 0, 2018, 0, 0},
    {WSTR("Display"), REG_SZ, WSTR("(UTC+02:00) Damascus"), 0, 0, 0},
    {WSTR("Dlt"), REG_SZ, WSTR("Syria Daylight Time"), 0, 0, 0},
    {WSTR("MUI_Display"), REG_SZ, WSTR("@tzres.dll,-46578"), 0, 0, 0},
    {WSTR("MUI_Dlt"), REG_SZ, WSTR("@tzres.dll,-46577"), 0, 0, 0},
    {WSTR("MUI_Std"), REG_SZ, WSTR("@tzres.dll,-46576"), 0, 0, 0},
    {WSTR("Std"), REG_SZ, WSTR("Syria Standard Time"), 0, 0, 0},
    {WSTR("TZI"), REG_BINARY, 0, 0, 704, 44},
    {WSTR("2000"), REG_BINARY, 0, 0, 12760, 44},
    {WSTR("2001"), REG_BINARY, 0, 0, 12804, 44},
    {WSTR("2002"), REG_BINARY, 0, 0, 12848, 44},
    {WSTR("2003"), REG_BINARY, 0, 0, 12892, 44},
    {WSTR("2004"), REG_BINARY, 0, 0, 12936, 44},
    {WSTR("2005"), REG_BINARY, 0, 0, 12980, 44},
    {WSTR("2006"), REG_BINARY, 0, 0, 13024, 44},
    {WSTR("2007"), REG_BINARY, 0, 0, 13068, 44},
    {WSTR("2008"), REG_BINARY, 0, 0, 13112, 44},
    {WSTR("2009"), REG_BINARY, 0, 0, 13156, 44},
    {WSTR("2010"), REG_BINARY, 0, 0, 13200, 44},
    {WSTR("2011"), REG_BINARY, 0, 0, 13200, 44},
    {WSTR("2012"), REG_BINARY, 0, 0, 13156, 44},
    {WSTR("2013"), REG_BINARY, 0, 0, 13156, 44},
    {WSTR("2014"), REG_BINARY, 0, 0, 13156, 44},
    {WSTR("2015"), REG_BINARY, 0, 0, 13156, 44},
    {WSTR("2016"), REG_BINARY, 0, 0, 13156, 44},
    {WSTR("2017"), REG_BINARY, 0, 0, 13156, 44},
    {WSTR("2018"), REG_BINARY, 0, 0, 13156, 44},
    {WSTR("2019"), REG_BINARY, 0, 0, 13156, 44},
    {WSTR("2020"), REG_BINARY, 0, 0, 13156, 44},
    {WSTR("2021"), REG_BINARY, 0, 0, 13156, 44},
    {WSTR("2022"), REG_BINARY, 0, 0, 13244, 44},
    {WSTR("2023"), REG_BINARY, 0, 0, 704, 44},
    {WSTR("FirstEntry"), REG_DWORD, 0, 2000, 0, 0},
    {WSTR("LastEntry"), REG_DWORD, 0, 2023, 0, 0},
    {WSTR("Display"), REG_SZ, WSTR("(UTC+08:00) Taipei"), 0, 0, 0},
    {WSTR("Dlt"), REG_SZ, WSTR("Taipei Daylight Time"), 0, 0, 0},
    {WSTR("MUI_Display"), REG_SZ, WSTR("@tzres.dll,-26434"), 0, 0, 0},
    {WSTR("MUI_Dlt"), REG_SZ, WSTR("@tzres.dll,-26433"), 0, 0, 0},
    {WSTR("MUI_Std"), REG_SZ, WSTR("@tzres.dll,-26432"), 0, 0, 0},
    {WSTR("Std"), REG_SZ, WSTR("Taipei Standard Time"), 0, 0, 0},
    {WSTR("TZI"), REG_BINARY, 0, 0, 3432, 44},
    {WSTR("Display"), REG_SZ, WSTR("(UTC+10:00) Hobart"), 0, 0, 0},
    {WSTR("Dlt"), REG_SZ, WSTR("Tasmania Daylight Time"), 0, 0, 0},
    {WSTR("MUI_Display"), REG_SZ, WSTR("@tzres.dll,-36018"), 0, 0, 0},
    {WSTR("MUI_Dlt"), REG_SZ, WSTR("@tzres.dll,-36017"), 0, 0, 0},
    {WSTR("MUI_Std"), REG_SZ, WSTR("@tzres.dll,-36016"), 0, 0, 0},
    {WSTR("Std"), REG_SZ, WSTR("Tasmania Standard Time"), 0, 0, 0},
    {WSTR("TZI"), REG_BINARY, 0, 0, 44, 44},
    {WSTR("2000"), REG_BINARY, 0, 0, 88, 44},
    {WSTR("2001"), REG_BINARY, 0, 0, 13288, 44},
    {WSTR("2002"), REG_BINARY, 0, 0, 13288, 44},
    {WSTR("2003"), REG_BINARY, 0, 0, 13288, 44},
    {WSTR("2004"), REG_BINARY, 0, 0, 13288, 44},
    {WSTR("2005"), REG_BINARY, 0, 0, 13288, 44},
    {WSTR("2006"), REG_BINARY, 0, 0, 44, 44},
    {WSTR("2007"), REG_BINARY, 0, 0, 13288, 44},
    {WSTR("2008"), REG_BINARY, 0, 0, 44, 44},
    {WSTR("FirstEntry"), REG_DWORD, 0, 2000, 0, 0},
    {WSTR("LastEntry"), REG_DWORD, 0, 2008, 0, 0},
    {WSTR("Display"), REG_SZ, WSTR("(UTC-03:00) Araguaina"), 0, 0, 0},
    {WSTR("Dlt"), REG_SZ, WSTR("Tocantins Daylight Time"), 0, 0, 0},
    {WSTR("MUI_Display"), REG_SZ, WSTR("@tzres.dll,-43074"), 0, 0, 0},
    {WSTR("MUI_Dlt"), REG_SZ, WSTR("@tzres.dll,-43073"), 0, 0, 0},
    {WSTR("MUI_Std"), REG_SZ, WSTR("@tzres.dll,-43072"), 0, 0, 0},
    {WSTR("Std"), REG_SZ, WSTR("Tocantins Standard Time"), 0, 0, 0},
    {WSTR("TZI"), REG_BINARY, 0, 0, 1056, 44},
    {WSTR("2000"), REG_BINARY, 0, 0, 1804, 44},
    {WSTR("2001"), REG_BINARY, 0, 0, 1848, 44},
    {WSTR("2002"), REG_BINARY, 0, 0, 1892, 44},
    {WSTR("2003"), REG_BINARY, 0, 0, 1936, 44},
    {WSTR("2004"), REG_BINARY, 0, 0, 1056, 44},
    {WSTR("2005"), REG_BINARY, 0, 0, 1056, 44},
    {WSTR("2006"), REG_BINARY, 0, 0, 1056, 44},
    {WSTR("2007"), REG_BINARY, 0, 0, 1056, 44},
    {WSTR("2008"), REG_BINARY, 0, 0, 1056, 44},
    {WSTR("2009"), REG_BINARY, 0, 0, 1056, 44},
    {WSTR("2010"), REG_BINARY, 0, 0, 1056, 44},
    {WSTR("2011"), REG_BINARY, 0, 0, 1056, 44},
    {WSTR("2012"), REG_BINARY, 0, 0, 13332, 44},
    {WSTR("2013"), REG_BINARY, 0, 0, 4048, 44},
    {WSTR("2014"), REG_BINARY, 0, 0, 1056, 44},
    {WSTR("FirstEntry"), REG_DWORD, 0, 2000, 0, 0},
    {WSTR("LastEntry"), REG_DWORD, 0, 2014, 0, 0},
    {WSTR("Display"), REG_SZ, WSTR("(UTC+09:00) Osaka, Sapporo, Tokyo"), 0, 0, 0},
    {WSTR("Dlt"), REG_SZ, WSTR("Tokyo Daylight Time"), 0, 0, 0},
    {WSTR("MUI_Display"), REG_SZ, WSTR("@tzres.dll,-16242"), 0, 0, 0},
    {WSTR("MUI_Dlt"), REG_SZ, WSTR("@tzres.dll,-16241"), 0, 0, 0},
    {WSTR("MUI_Std"), REG_SZ, WSTR("@tzres.dll,-16240"), 0, 0, 0},
    {WSTR("Std"), REG_SZ, WSTR("Tokyo Standard Time"), 0, 0, 0},
    {WSTR("TZI"), REG_BINARY, 0, 0, 7744, 44},
    {WSTR("Display"), REG_SZ, WSTR("(UTC+07:00) Tomsk"), 0, 0, 0},
    {WSTR("Dlt"), REG_SZ, WSTR("Tomsk Daylight Time"), 0, 0, 0},
    {WSTR("MUI_Display"), REG_SZ, WSTR("@tzres.dll,-29138"), 0, 0, 0},
    {WSTR("MUI_Dlt"), REG_SZ, WSTR("@tzres.dll,-29137"), 0, 0, 0},
    {WSTR("MUI_Std"), REG_SZ, WSTR("@tzres.dll,-29136"), 0, 0, 0},
    {WSTR("Std"), REG_SZ, WSTR("Tomsk Standard Time"), 0, 0, 0},
    {WSTR("TZI"), REG_BINARY, 0, 0, 440, 44},
    {WSTR("2000"), REG_BINARY, 0, 0, 10868, 44},
    {WSTR("2001"), REG_BINARY, 0, 0, 10868, 44},
    {WSTR("2002"), REG_BINARY, 0, 0, 13376, 44},
    {WSTR("2003"), REG_BINARY, 0, 0, 484, 44},
    {WSTR("2004"), REG_BINARY, 0, 0, 484, 44},
    {WSTR("2005"), REG_BINARY, 0, 0, 484, 44},
    {WSTR("2006"), REG_BINARY, 0, 0, 484, 44},
    {WSTR("2007"), REG_BINARY, 0, 0, 484, 44},
    {WSTR("2008"), REG_BINARY, 0, 0, 484, 44},
    {WSTR("2009"), REG_BINARY, 0, 0, 484, 44},
    {WSTR("2010"), REG_BINARY, 0, 0, 484, 44},
    {WSTR("2011"), REG_BINARY, 0, 0, 528, 44},
    {WSTR("2012"), REG_BINARY, 0, 0, 440, 44},
    {WSTR("2013"), REG_BINARY, 0, 0, 440, 44},
    {WSTR("2014"), REG_BINARY, 0, 0, 572, 44},
    {WSTR("2015"), REG_BINARY, 0, 0, 616, 44},
    {WSTR("2016"), REG_BINARY, 0, 0, 13420, 44},
    {WSTR("2017"), REG_BINARY, 0, 0, 440, 44},
    {WSTR("FirstEntry"), REG_DWORD, 0, 2000, 0, 0},
    {WSTR("LastEntry"), REG_DWORD, 0, 2017, 0, 0},
    {WSTR("Display"), REG_SZ, WSTR("(UTC+13:00) Nuku'alofa"), 0, 0, 0},
    {WSTR("Dlt"), REG_SZ, WSTR("Tonga Daylight Time"), 0, 0, 0},
    {WSTR("MUI_Display"), REG_SZ, WSTR("@tzres.dll,-7218"), 0, 0, 0},
    {WSTR("MUI_Dlt"), REG_SZ, WSTR("@tzres.dll,-7217"), 0, 0, 0},
    {WSTR("MUI_Std"), REG_SZ, WSTR("@tzres.dll,-7216"), 0, 0, 0},
    {WSTR("Std"), REG_SZ, WSTR("Tonga Standard Time"), 0, 0, 0},
    {WSTR("TZI"), REG_BINARY, 0, 0, 12188, 44},
    {WSTR("2000"), REG_BINARY, 0, 0, 13464, 44},
    {WSTR("2001"), REG_BINARY, 0, 0, 13508, 44},
    {WSTR("2002"), REG_BINARY, 0, 0, 13552, 44},
    {WSTR("2003"), REG_BINARY, 0, 0, 12188, 44},
    {WSTR("2004"), REG_BINARY, 0, 0, 12188, 44},
    {WSTR("2005"), REG_BINARY, 0, 0, 12188, 44},
    {WSTR("2006"), REG_BINARY, 0, 0, 12188, 44},
    {WSTR("2007"), REG_BINARY, 0, 0, 12188, 44},
    {WSTR("2008"), REG_BINARY, 0, 0, 12188, 44},
    {WSTR("2009"), REG_BINARY, 0, 0, 12188, 44},
    {WSTR("2010"), REG_BINARY, 0, 0, 12188, 44},
    {WSTR("2011"), REG_BINARY, 0, 0, 12188, 44},
    {WSTR("2012"), REG_BINARY, 0, 0, 12188, 44},
    {WSTR("2013"), REG_BINARY, 0, 0, 12188, 44},
    {WSTR("2014"), REG_BINARY, 0, 0, 12188, 44},
    {WSTR("2015"), REG_BINARY, 0, 0, 12188, 44},
    {WSTR("2016"), REG_BINARY, 0, 0, 13596, 44},
    {WSTR("2017"), REG_BINARY, 0, 0, 13640, 44},
    {WSTR("2018"), REG_BINARY, 0, 0, 12188, 44},
    {WSTR("FirstEntry"), REG_DWORD, 0, 2000, 0, 0},
    {WSTR("LastEntry"), REG_DWORD, 0, 2018, 0, 0},
    {WSTR("Display"), REG_SZ, WSTR("(UTC+09:00) Chita"), 0, 0, 0},
    {WSTR("Dlt"), REG_SZ, WSTR("Transbaikal Daylight Time"), 0, 0, 0},
    {WSTR("MUI_Display"), REG_SZ, WSTR("@tzres.dll,-31474"), 0, 0, 0},
    {WSTR("MUI_Dlt"), REG_SZ, WSTR("@tzres.dll,-31473"), 0, 0, 0},
    {WSTR("MUI_Std"), REG_SZ, WSTR("@tzres.dll,-31472"), 0, 0, 0},
    {WSTR("Std"), REG_SZ, WSTR("Transbaikal Standard Time"), 0, 0, 0},
    {WSTR("TZI"), REG_BINARY, 0, 0, 7744, 44},
    {WSTR("2000"), REG_BINARY, 0, 0, 13684, 44},
    {WSTR("2001"), REG_BINARY, 0, 0, 13684, 44},
    {WSTR("2002"), REG_BINARY, 0, 0, 13684, 44},
    {WSTR("2003"), REG_BINARY, 0, 0, 13684, 44},
    {WSTR("2004"), REG_BINARY, 0, 0, 13684, 44},
    {WSTR("2005"), REG_BINARY, 0, 0, 13684, 44},
    {WSTR("2006"), REG_BINARY, 0, 0, 13684, 44},
    {WSTR("2007"), REG_BINARY, 0, 0, 13684, 44},
    {WSTR("2008"), REG_BINARY, 0, 0, 13684, 44},
    {WSTR("2009"), REG_BINARY, 0, 0, 13684, 44},
    {WSTR("2010"), REG_BINARY, 0, 0, 13684, 44},
    {WSTR("2011"), REG_BINARY, 0, 0, 13728, 44},
    {WSTR("2012"), REG_BINARY, 0, 0, 2244, 44},
    {WSTR("2013"), REG_BINARY, 0, 0, 2244, 44},
    {WSTR("2014"), REG_BINARY, 0, 0, 13772, 44},
    {WSTR("2015"), REG_BINARY, 0, 0, 3432, 44},
    {WSTR("2016"), REG_BINARY, 0, 0, 13816, 44},
    {WSTR("2017"), REG_BINARY, 0, 0, 7744, 44},
    {WSTR("FirstEntry"), REG_DWORD, 0, 2000, 0, 0},
    {WSTR("LastEntry"), REG_DWORD, 0, 2017, 0, 0},
    {WSTR("Display"), REG_SZ, WSTR("(UTC+03:00) Istanbul"), 0, 0, 0},
    {WSTR("Dlt"), REG_SZ, WSTR("Turkey Daylight Time"), 0, 0, 0},
    {WSTR("MUI_Display"), REG_SZ, WSTR("@tzres.dll,-24850"), 0, 0, 0},
    {WSTR("MUI_Dlt"), REG_SZ, WSTR("@tzres.dll,-24849"), 0, 0, 0},
    {WSTR("MUI_Std"), REG_SZ, WSTR("@tzres.dll,-24848"), 0, 0, 0},
    {WSTR("Std"), REG_SZ, WSTR("Turkey Standard Time"), 0, 0, 0},
    {WSTR("TZI"), REG_BINARY, 0, 0, 704, 44},
    {WSTR("2000"), REG_BINARY, 0, 0, 13860, 44},
    {WSTR("2001"), REG_BINARY, 0, 0, 13860, 44},
    {WSTR("2002"), REG_BINARY, 0, 0, 13860, 44},
    {WSTR("2003"), REG_BINARY, 0, 0, 13860, 44},
    {WSTR("2004"), REG_BINARY, 0, 0, 13860, 44},
    {WSTR("2005"), REG_BINARY, 0, 0, 13860, 44},
    {WSTR("2006"), REG_BINARY, 0, 0, 13860, 44},
    {WSTR("2007"), REG_BINARY, 0, 0, 3872, 44},
    {WSTR("2008"), REG_BINARY, 0, 0, 3872, 44},
    {WSTR("2009"), REG_BINARY, 0, 0, 3872, 44},
    {WSTR("2010"), REG_BINARY, 0, 0, 3872, 44},
    {WSTR("2011"), REG_BINARY, 0, 0, 3872, 44},
    {WSTR("2012"), REG_BINARY, 0, 0, 3872, 44},
    {WSTR("2013"), REG_BINARY, 0, 0, 3872, 44},
    {WSTR("2014"), REG_BINARY, 0, 0, 3872, 44},
    {WSTR("2015"), REG_BINARY, 0, 0, 13904, 44},
    {WSTR("2016"), REG_BINARY, 0, 0, 13948, 44},
    {WSTR("2017"), REG_BINARY, 0, 0, 704, 44},
    {WSTR("FirstEntry"), REG_DWORD, 0, 2000, 0, 0},
    {WSTR("LastEntry"), REG_DWORD, 0, 2017, 0, 0},
    {WSTR("Display"), REG_SZ, WSTR("(UTC-05:00) Turks and Caicos"), 0, 0, 0},
    {WSTR("Dlt"), REG_SZ, WSTR("Turks And Caicos Daylight Time"), 0, 0, 0},
    {WSTR("MUI_Display"), REG_SZ, WSTR("@tzres.dll,-20562"), 0, 0, 0},
    {WSTR("MUI_Dlt"), REG_SZ, WSTR("@tzres.dll,-20561"), 0, 0, 0},
    {WSTR("MUI_Std"), REG_SZ, WSTR("@tzres.dll,-20560"), 0, 0, 0},
    {WSTR("Std"), REG_SZ, WSTR("Turks And Caicos Standard Time"), 0, 0, 0},
    {WSTR("TZI"), REG_BINARY, 0, 0, 4532, 44},
    {WSTR("2000"), REG_BINARY, 0, 0, 4576, 44},
    {WSTR("2001"), REG_BINARY, 0, 0, 4576, 44},
    {WSTR("2002"), REG_BINARY, 0, 0, 4576, 44},
    {WSTR("2003"), REG_BINARY, 0, 0, 4576, 44},
    {WSTR("2004"), REG_BINARY, 0, 0, 4576, 44},
    {WSTR("2005"), REG_BINARY, 0, 0, 4576, 44},
    {WSTR("2006"), REG_BINARY, 0, 0, 4576, 44},
    {WSTR("2007"), REG_BINARY, 0, 0, 4532, 44},
    {WSTR("2008"), REG_BINARY, 0, 0, 4532, 44},
    {WSTR("2009"), REG_BINARY, 0, 0, 4532, 44},
    {WSTR("2010"), REG_BINARY, 0, 0, 4532, 44},
    {WSTR("2011"), REG_BINARY, 0, 0, 4532, 44},
    {WSTR("2012"), REG_BINARY, 0, 0, 4532, 44},
    {WSTR("2013"), REG_BINARY, 0, 0, 4532, 44},
    {WSTR("2014"), REG_BINARY, 0, 0, 4532, 44},
    {WSTR("2015"), REG_BINARY, 0, 0, 13992, 44},
    {WSTR("2016"), REG_BINARY, 0, 0, 2728, 44},
    {WSTR("2017"), REG_BINARY, 0, 0, 2728, 44},
    {WSTR("2018"), REG_BINARY, 0, 0, 14036, 44},
    {WSTR("2019"), REG_BINARY, 0, 0, 4532, 44},
    {WSTR("FirstEntry"), REG_DWORD, 0, 2000, 0, 0},
    {WSTR("LastEntry"), REG_DWORD, 0, 2019, 0, 0},
    {WSTR("Display"), REG_SZ, WSTR("(UTC-05:00) Indiana (East)"), 0, 0, 0},
    {WSTR("Dlt"), REG_SZ, WSTR("US Eastern Daylight Time"), 0, 0, 0},
    {WSTR("MUI_Display"), REG_SZ, WSTR("@tzres.dll,-34930"), 0, 0, 0},
    {WSTR("MUI_Dlt"), REG_SZ, WSTR("@tzres.dll,-34929"), 0, 0, 0},
    {WSTR("MUI_Std"), REG_SZ, WSTR("@tzres.dll,-34928"), 0, 0, 0},
    {WSTR("Std"), REG_SZ, WSTR("US Eastern Standard Time"), 0, 0, 0},
    {WSTR("TZI"), REG_BINARY, 0, 0, 4532, 44},
    {WSTR("2000"), REG_BINARY, 0, 0, 4400, 44},
    {WSTR("2001"), REG_BINARY, 0, 0, 4400, 44},
    {WSTR("2002"), REG_BINARY, 0, 0, 4400, 44},
    {WSTR("2003"), REG_BINARY, 0, 0, 4400, 44},
    {WSTR("2004"), REG_BINARY, 0, 0, 4400, 44},
    {WSTR("2005"), REG_BINARY, 0, 0, 4400, 44},
    {WSTR("2006"), REG_BINARY, 0, 0, 4576, 44},
    {WSTR("2007"), REG_BINARY, 0, 0, 4532, 44},
    {WSTR("FirstEntry"), REG_DWORD, 0, 2000, 0, 0},
    {WSTR("LastEntry"), REG_DWORD, 0, 2007, 0, 0},
    {WSTR("Display"), REG_SZ, WSTR("(UTC-07:00) Arizona"), 0, 0, 0},
    {WSTR("Dlt"), REG_SZ, WSTR("US Mountain Daylight Time"), 0, 0, 0},
    {WSTR("MUI_Display"), REG_SZ, WSTR("@tzres.dll,-37474"), 0, 0, 0},
    {WSTR("MUI_Dlt"), REG_SZ, WSTR("@tzres.dll,-37473"), 0, 0, 0},
    {WSTR("MUI_Std"), REG_SZ, WSTR("@tzres.dll,-37472"), 0, 0, 0},
    {WSTR("Std"), REG_SZ, WSTR("US Mountain Standard Time"), 0, 0, 0},
    {WSTR("TZI"), REG_BINARY, 0, 0, 9988, 44},
    {WSTR("Display"), REG_SZ, WSTR("(UTC) Coordinated Universal Time"), 0, 0, 0},
    {WSTR("Dlt"), REG_SZ, WSTR("Coordinated Universal Time"), 0, 0, 0},
    {WSTR("MUI_Display"), REG_SZ, WSTR("@tzres.dll,-22002"), 0, 0, 0},
    {WSTR("MUI_Dlt"), REG_SZ, WSTR("@tzres.dll,-22001"), 0, 0, 0},
    {WSTR("MUI_Std"), REG_SZ, WSTR("@tzres.dll,-22000"), 0, 0, 0},
    {WSTR("Std"), REG_SZ, WSTR("Coordinated Universal Time"), 0, 0, 0},
    {WSTR("TZI"), REG_BINARY, 0, 0, 14080, 44},
    {WSTR("Display"), REG_SZ, WSTR("(UTC+12:00) Coordinated Universal Time+12"), 0, 0, 0},
    {WSTR("Dlt"), REG_SZ, WSTR("UTC+12"), 0, 0, 0},
    {WSTR("MUI_Display"), REG_SZ, WSTR("@tzres.dll,-1202"), 0, 0, 0},
    {WSTR("MUI_Dlt"), REG_SZ, WSTR("@tzres.dll,-1201"), 0, 0, 0},
    {WSTR("MUI_Std"), REG_SZ, WSTR("@tzres.dll,-1200"), 0, 0, 0},
    {WSTR("Std"), REG_SZ, WSTR("UTC+12"), 0, 0, 0},
    {WSTR("TZI"), REG_BINARY, 0, 0, 14124, 44},
    {WSTR("Display"), REG_SZ, WSTR("(UTC+13:00) Coordinated Universal Time+13"), 0, 0, 0},
    {WSTR("Dlt"), REG_SZ, WSTR("UTC+13"), 0, 0, 0},
    {WSTR("MUI_Display"), REG_SZ, WSTR("@tzres.dll,-8786"), 0, 0, 0},
    {WSTR("MUI_Dlt"), REG_SZ, WSTR("@tzres.dll,-8785"), 0, 0, 0},
    {WSTR("MUI_Std"), REG_SZ, WSTR("@tzres.dll,-8784"), 0, 0, 0},
    {WSTR("Std"), REG_SZ, WSTR("UTC+13"), 0, 0, 0},
    {WSTR("TZI"), REG_BINARY, 0, 0, 14168, 44},
    {WSTR("Display"), REG_SZ, WSTR("(UTC-02:00) Coordinated Universal Time-02"), 0, 0, 0},
    {WSTR("Dlt"), REG_SZ, WSTR("UTC-02"), 0, 0, 0},
    {WSTR("MUI_Display"), REG_SZ, WSTR("@tzres.dll,-37330"), 0, 0, 0},
    {WSTR("MUI_Dlt"), REG_SZ, WSTR("@tzres.dll,-37329"), 0, 0, 0},
    {WSTR("MUI_Std"), REG_SZ, WSTR("@tzres.dll,-37328"), 0, 0, 0},
    {WSTR("Std"), REG_SZ, WSTR("UTC-02"), 0, 0, 0},
    {WSTR("TZI"), REG_BINARY, 0, 0, 14212, 44},
    {WSTR("Display"), REG_SZ, WSTR("(UTC-08:00) Coordinated Universal Time-08"), 0, 0, 0},
    {WSTR("Dlt"), REG_SZ, WSTR("UTC-08"), 0, 0, 0},
    {WSTR("MUI_Display"), REG_SZ, WSTR("@tzres.dll,-3346"), 0, 0, 0},
    {WSTR("MUI_Dlt"), REG_SZ, WSTR("@tzres.dll,-3345"), 0, 0, 0},
    {WSTR("MUI_Std"), REG_SZ, WSTR("@tzres.dll,-3344"), 0, 0, 0},
    {WSTR("Std"), REG_SZ, WSTR("UTC-08"), 0, 0, 0},
    {WSTR("TZI"), REG_BINARY, 0, 0, 14256, 44},
    {WSTR("Display"), REG_SZ, WSTR("(UTC-09:00) Coordinated Universal Time-09"), 0, 0, 0},
    {WSTR("Dlt"), REG_SZ, WSTR("UTC-09"), 0, 0, 0},
    {WSTR("MUI_Display"), REG_SZ, WSTR("@tzres.dll,-39154"), 0, 0, 0},
    {WSTR("MUI_Dlt"), REG_SZ, WSTR("@tzres.dll,-39153"), 0, 0, 0},
    {WSTR("MUI_Std"), REG_SZ, WSTR("@tzres.dll,-39152"), 0, 0, 0},
    {WSTR("Std"), REG_SZ, WSTR("UTC-09"), 0, 0, 0},
    {WSTR("TZI"), REG_BINARY, 0, 0, 14300, 44},
    {WSTR("Display"), REG_SZ, WSTR("(UTC-11:00) Coordinated Universal Time-11"), 0, 0, 0},
    {WSTR("Dlt"), REG_SZ, WSTR("UTC-11"), 0, 0, 0},
    {WSTR("MUI_Display"), REG_SZ, WSTR("@tzres.dll,-19410"), 0, 0, 0},
    {WSTR("MUI_Dlt"), REG_SZ, WSTR("@tzres.dll,-19409"), 0, 0, 0},
    {WSTR("MUI_Std"), REG_SZ, WSTR("@tzres.dll,-19408"), 0, 0, 0},
    {WSTR("Std"), REG_SZ, WSTR("UTC-11"), 0, 0, 0},
    {WSTR("TZI"), REG_BINARY, 0, 0, 14344, 44},
    {WSTR("Display"), REG_SZ, WSTR("(UTC+08:00) Ulaanbaatar"), 0, 0, 0},
    {WSTR("Dlt"), REG_SZ, WSTR("Ulaanbaatar Daylight Time"), 0, 0, 0},
    {WSTR("MUI_Display"), REG_SZ, WSTR("@tzres.dll,-47202"), 0, 0, 0},
    {WSTR("MUI_Dlt"), REG_SZ, WSTR("@tzres.dll,-47201"), 0, 0, 0},
    {WSTR("MUI_Std"), REG_SZ, WSTR("@tzres.dll,-47200"), 0, 0, 0},
    {WSTR("Std"), REG_SZ, WSTR("Ulaanbaatar Standard Time"), 0, 0, 0},
    {WSTR("TZI"), REG_BINARY, 0, 0, 3432, 44},
    {WSTR("2001"), REG_BINARY, 0, 0, 14388, 44},
    {WSTR("2002"), REG_BINARY, 0, 0, 14432, 44},
    {WSTR("2003"), REG_BINARY, 0, 0, 14432, 44},
    {WSTR("2004"), REG_BINARY, 0, 0, 14432, 44},
    {WSTR("2005"), REG_BINARY, 0, 0, 14432, 44},
    {WSTR("2006"), REG_BINARY, 0, 0, 14432, 44},
    {WSTR("2007"), REG_BINARY, 0, 0, 3432, 44},
    {WSTR("2008"), REG_BINARY, 0, 0, 3432, 44},
    {WSTR("2009"), REG_BINARY, 0, 0, 3432, 44},
    {WSTR("2010"), REG_BINARY, 0, 0, 3432, 44},
    {WSTR("2011"), REG_BINARY, 0, 0, 3432, 44},
    {WSTR("2012"), REG_BINARY, 0, 0, 3432, 44},
    {WSTR("2013"), REG_BINARY, 0, 0, 3432, 44},
    {WSTR("2014"), REG_BINARY, 0, 0, 3432, 44},
    {WSTR("2015"), REG_BINARY, 0, 0, 14476, 44},
    {WSTR("2016"), REG_BINARY, 0, 0, 14476, 44},
    {WSTR("2017"), REG_BINARY, 0, 0, 3432, 44},
    {WSTR("FirstEntry"), REG_DWORD, 0, 2001, 0, 0},
    {WSTR("LastEntry"), REG_DWORD, 0, 2017, 0, 0},
    {WSTR("Display"), REG_SZ, WSTR("(UTC-04:00) Caracas"), 0, 0, 0},
    {WSTR("Dlt"), REG_SZ, WSTR("Venezuela Daylight Time"), 0, 0, 0},
    {WSTR("MUI_Display"), REG_SZ, WSTR("@tzres.dll,-51474"), 0, 0, 0},
    {WSTR("MUI_Dlt"), REG_SZ, WSTR("@tzres.dll,-51473"), 0, 0, 0},
    {WSTR("MUI_Std"), REG_SZ, WSTR("@tzres.dll,-51472"), 0, 0, 0},
    {WSTR("Std"), REG_SZ, WSTR("Venezuela Standard Time"), 0, 0, 0},
    {WSTR("TZI"), REG_BINARY, 0, 0, 2728, 44},
    {WSTR("2007"), REG_BINARY, 0, 0, 14520, 44},
    {WSTR("2008"), REG_BINARY, 0, 0, 14564, 44},
    {WSTR("2009"), REG_BINARY, 0, 0, 14564, 44},
    {WSTR("2010"), REG_BINARY, 0, 0, 14564, 44},
    {WSTR("2011"), REG_BINARY, 0, 0, 14564, 44},
    {WSTR("2012"), REG_BINARY, 0, 0, 14564, 44},
    {WSTR("2013"), REG_BINARY, 0, 0, 14564, 44},
    {WSTR("2014"), REG_BINARY, 0, 0, 14564, 44},
    {WSTR("2015"), REG_BINARY, 0, 0, 14564, 44},
    {WSTR("2016"), REG_BINARY, 0, 0, 14608, 44},
    {WSTR("2017"), REG_BINARY, 0, 0, 2728, 44},
    {WSTR("FirstEntry"), REG_DWORD, 0, 2007, 0, 0},
    {WSTR("LastEntry"), REG_DWORD, 0, 2017, 0, 0},
    {WSTR("Display"), REG_SZ, WSTR("(UTC+10:00) Vladivostok"), 0, 0, 0},
    {WSTR("Dlt"), REG_SZ, WSTR("Vladivostok Daylight Time"), 0, 0, 0},
    {WSTR("MUI_Display"), REG_SZ, WSTR("@tzres.dll,-61378"), 0, 0, 0},
    {WSTR("MUI_Dlt"), REG_SZ, WSTR("@tzres.dll,-61377"), 0, 0, 0},
    {WSTR("MUI_Std"), REG_SZ, WSTR("@tzres.dll,-61376"), 0, 0, 0},
    {WSTR("Std"), REG_SZ, WSTR("Vladivostok Standard Time"), 0, 0, 0},
    {WSTR("TZI"), REG_BINARY, 0, 0, 2244, 44},
    {WSTR("2000"), REG_BINARY, 0, 0, 12012, 44},
    {WSTR("2001"), REG_BINARY, 0, 0, 12012, 44},
    {WSTR("2002"), REG_BINARY, 0, 0, 12012, 44},
    {WSTR("2003"), REG_BINARY, 0, 0, 12012, 44},
    {WSTR("2004"), REG_BINARY, 0, 0, 12012, 44},
    {WSTR("2005"), REG_BINARY, 0, 0, 12012, 44},
    {WSTR("2006"), REG_BINARY, 0, 0, 12012, 44},
    {WSTR("2007"), REG_BINARY, 0, 0, 12012, 44},
    {WSTR("2008"), REG_BINARY, 0, 0, 12012, 44},
    {WSTR("2009"), REG_BINARY, 0, 0, 12012, 44},
    {WSTR("2010"), REG_BINARY, 0, 0, 12012, 44},
    {WSTR("2011"), REG_BINARY, 0, 0, 12056, 44},
    {WSTR("2012"), REG_BINARY, 0, 0, 2200, 44},
    {WSTR("2013"), REG_BINARY, 0, 0, 2200, 44},
    {WSTR("2014"), REG_BINARY, 0, 0, 12100, 44},
    {WSTR("2015"), REG_BINARY, 0, 0, 2244, 44},
    {WSTR("FirstEntry"), REG_DWORD, 0, 2000, 0, 0},
    {WSTR("LastEntry"), REG_DWORD, 0, 2015, 0, 0},
    {WSTR("Display"), REG_SZ, WSTR("(UTC+04:00) Volgograd"), 0, 0, 0},
    {WSTR("Dlt"), REG_SZ, WSTR("Volgograd Daylight Time"), 0, 0, 0},
    {WSTR("MUI_Display"), REG_SZ, WSTR("@tzres.dll,-18050"), 0, 0, 0},
    {WSTR("MUI_Dlt"), REG_SZ, WSTR("@tzres.dll,-18049"), 0, 0, 0},
    {WSTR("MUI_Std"), REG_SZ, WSTR("@tzres.dll,-18048"), 0, 0, 0},
    {WSTR("Std"), REG_SZ, WSTR("Volgograd Standard Time"), 0, 0, 0},
    {WSTR("TZI"), REG_BINARY, 0, 0, 704, 44},
    {WSTR("2000"), REG_BINARY, 0, 0, 1276, 44},
    {WSTR("2001"), REG_BINARY, 0, 0, 1276, 44},
    {WSTR("2002"), REG_BINARY, 0, 0, 1276, 44},
    {WSTR("2003"), REG_BINARY, 0, 0, 1276, 44},
    {WSTR("2004"), REG_BINARY, 0, 0, 1276, 44},
    {WSTR("2005"), REG_BINARY, 0, 0, 1276, 44},
    {WSTR("2006"), REG_BINARY, 0, 0, 1276, 44},
    {WSTR("2007"), REG_BINARY, 0, 0, 1276, 44},
    {WSTR("2008"), REG_BINARY, 0, 0, 1276, 44},
    {WSTR("2009"), REG_BINARY, 0, 0, 1276, 44},
    {WSTR("2010"), REG_BINARY, 0, 0, 1276, 44},
    {WSTR("2011"), REG_BINARY, 0, 0, 1320, 44},
    {WSTR("2012"), REG_BINARY, 0, 0, 748, 44},
    {WSTR("2013"), REG_BINARY, 0, 0, 748, 44},
    {WSTR("2014"), REG_BINARY, 0, 0, 1364, 44},
    {WSTR("2015"), REG_BINARY, 0, 0, 704, 44},
    {WSTR("2016"), REG_BINARY, 0, 0, 704, 44},
    {WSTR("2017"), REG_BINARY, 0, 0, 704, 44},
    {WSTR("2018"), REG_BINARY, 0, 0, 14652, 44},
    {WSTR("2019"), REG_BINARY, 0, 0, 748, 44},
    {WSTR("2020"), REG_BINARY, 0, 0, 14696, 44},
    {WSTR("2021"), REG_BINARY, 0, 0, 704, 44},
    {WSTR("FirstEntry"), REG_DWORD, 0, 2000, 0, 0},
    {WSTR("LastEntry"), REG_DWORD, 0, 2021, 0, 0},
    {WSTR("Display"), REG_SZ, WSTR("(UTC+08:00) Perth"), 0, 0, 0},
    {WSTR("Dlt"), REG_SZ, WSTR("W. Australia Daylight Time"), 0, 0, 0},
    {WSTR("MUI_Display"), REG_SZ, WSTR("@tzres.dll,-65378"), 0, 0, 0},
    {WSTR("MUI_Dlt"), REG_SZ, WSTR("@tzres.dll,-65377"), 0, 0, 0},
    {WSTR("MUI_Std"), REG_SZ, WSTR("@tzres.dll,-65376"), 0, 0, 0},
    {WSTR("Std"), REG_SZ, WSTR("W. Australia Standard Time"), 0, 0, 0},
    {WSTR("TZI"), REG_BINARY, 0, 0, 3432, 44},
    {WSTR("2006"), REG_BINARY, 0, 0, 14740, 44},
    {WSTR("2007"), REG_BINARY, 0, 0, 14784, 44},
    {WSTR("2008"), REG_BINARY, 0, 0, 14784, 44},
    {WSTR("2009"), REG_BINARY, 0, 0, 14828, 44},
    {WSTR("2010"), REG_BINARY, 0, 0, 3432, 44},
    {WSTR("FirstEntry"), REG_DWORD, 0, 2006, 0, 0},
    {WSTR("LastEntry"), REG_DWORD, 0, 2010, 0, 0},
    {WSTR("Display"), REG_SZ, WSTR("(UTC+01:00) West Central Africa"), 0, 0, 0},
    {WSTR("Dlt"), REG_SZ, WSTR("W. Central Africa Daylight Time"), 0, 0, 0},
    {WSTR("MUI_Display"), REG_SZ, WSTR("@tzres.dll,-64978"), 0, 0, 0},
    {WSTR("MUI_Dlt"), REG_SZ, WSTR("@tzres.dll,-64977"), 0, 0, 0},
    {WSTR("MUI_Std"), REG_SZ, WSTR("@tzres.dll,-64976"), 0, 0, 0},
    {WSTR("Std"), REG_SZ, WSTR("W. Central Africa Standard Time"), 0, 0, 0},
    {WSTR("TZI"), REG_BINARY, 0, 0, 14872, 44},
    {WSTR("Display"), REG_SZ, WSTR("(UTC+01:00) Amsterdam, Berlin, Bern, Rome, Stockholm, Vienna"), 0, 0, 0},
    {WSTR("Dlt"), REG_SZ, WSTR("W. Europe Daylight Time"), 0, 0, 0},
    {WSTR("MUI_Display"), REG_SZ, WSTR("@tzres.dll,-27698"), 0, 0, 0},
    {WSTR("MUI_Dlt"), REG_SZ, WSTR("@tzres.dll,-27697"), 0, 0, 0},
    {WSTR("MUI_Std"), REG_SZ, WSTR("@tzres.dll,-27696"), 0, 0, 0},
    {WSTR("Std"), REG_SZ, WSTR("W. Europe Standard Time"), 0, 0, 0},
    {WSTR("TZI"), REG_BINARY, 0, 0, 3124, 44},
    {WSTR("Display"), REG_SZ, WSTR("(UTC+07:00) Hovd"), 0, 0, 0},
    {WSTR("Dlt"), REG_SZ, WSTR("W. Mongolia Daylight Time"), 0, 0, 0},
    {WSTR("MUI_Display"), REG_SZ, WSTR("@tzres.dll,-53954"), 0, 0, 0},
    {WSTR("MUI_Dlt"), REG_SZ, WSTR("@tzres.dll,-53953"), 0, 0, 0},
    {WSTR("MUI_Std"), REG_SZ, WSTR("@tzres.dll,-53952"), 0, 0, 0},
    {WSTR("Std"), REG_SZ, WSTR("W. Mongolia Standard Time"), 0, 0, 0},
    {WSTR("TZI"), REG_BINARY, 0, 0, 440, 44},
    {WSTR("2001"), REG_BINARY, 0, 0, 14916, 44},
    {WSTR("2002"), REG_BINARY, 0, 0, 14960, 44},
    {WSTR("2003"), REG_BINARY, 0, 0, 14960, 44},
    {WSTR("2004"), REG_BINARY, 0, 0, 14960, 44},
    {WSTR("2005"), REG_BINARY, 0, 0, 14960, 44},
    {WSTR("2006"), REG_BINARY, 0, 0, 14960, 44},
    {WSTR("2007"), REG_BINARY, 0, 0, 440, 44},
    {WSTR("2008"), REG_BINARY, 0, 0, 440, 44},
    {WSTR("2009"), REG_BINARY, 0, 0, 440, 44},
    {WSTR("2010"), REG_BINARY, 0, 0, 440, 44},
    {WSTR("2011"), REG_BINARY, 0, 0, 440, 44},
    {WSTR("2012"), REG_BINARY, 0, 0, 440, 44},
    {WSTR("2013"), REG_BINARY, 0, 0, 440, 44},
    {WSTR("2014"), REG_BINARY, 0, 0, 440, 44},
    {WSTR("2015"), REG_BINARY, 0, 0, 15004, 44},
    {WSTR("2016"), REG_BINARY, 0, 0, 15004, 44},
    {WSTR("2017"), REG_BINARY, 0, 0, 440, 44},
    {WSTR("FirstEntry"), REG_DWORD, 0, 2001, 0, 0},
    {WSTR("LastEntry"), REG_DWORD, 0, 2017, 0, 0},
    {WSTR("Display"), REG_SZ, WSTR("(UTC+05:00) Ashgabat, Tashkent"), 0, 0, 0},
    {WSTR("Dlt"), REG_SZ, WSTR("West Asia Daylight Time"), 0, 0, 0},
    {WSTR("MUI_Display"), REG_SZ, WSTR("@tzres.dll,-49666"), 0, 0, 0},
    {WSTR("MUI_Dlt"), REG_SZ, WSTR("@tzres.dll,-49665"), 0, 0, 0},
    {WSTR("MUI_Std"), REG_SZ, WSTR("@tzres.dll,-49664"), 0, 0, 0},
    {WSTR("Std"), REG_SZ, WSTR("West Asia Standard Time"), 0, 0, 0},
    {WSTR("TZI"), REG_BINARY, 0, 0, 5016, 44},
    {WSTR("Display"), REG_SZ, WSTR("(UTC+02:00) Gaza, Hebron"), 0, 0, 0},
    {WSTR("Dlt"), REG_SZ, WSTR("West Bank Daylight Time"), 0, 0, 0},
    {WSTR("MUI_Display"), REG_SZ, WSTR("@tzres.dll,-46162"), 0, 0, 0},
    {WSTR("MUI_Dlt"), REG_SZ, WSTR("@tzres.dll,-46161"), 0, 0, 0},
    {WSTR("MUI_Std"), REG_SZ, WSTR("@tzres.dll,-46160"), 0, 0, 0},
    {WSTR("Std"), REG_SZ, WSTR("West Bank Standard Time"), 0, 0, 0},
    {WSTR("TZI"), REG_BINARY, 0, 0, 15048, 44},
    {WSTR("2000"), REG_BINARY, 0, 0, 15092, 44},
    {WSTR("2001"), REG_BINARY, 0, 0, 15092, 44},
    {WSTR("2002"), REG_BINARY, 0, 0, 15092, 44},
    {WSTR("2003"), REG_BINARY, 0, 0, 15092, 44},
    {WSTR("2004"), REG_BINARY, 0, 0, 15136, 44},
    {WSTR("2005"), REG_BINARY, 0, 0, 15180, 44},
    {WSTR("2006"), REG_BINARY, 0, 0, 13024, 44},
    {WSTR("2007"), REG_BINARY, 0, 0, 15224, 44},
    {WSTR("2008"), REG_BINARY, 0, 0, 15268, 44},
    {WSTR("2009"), REG_BINARY, 0, 0, 15312, 44},
    {WSTR("2010"), REG_BINARY, 0, 0, 15356, 44},
    {WSTR("2011"), REG_BINARY, 0, 0, 15400, 44},
    {WSTR("2012"), REG_BINARY, 0, 0, 15444, 44},
    {WSTR("2013"), REG_BINARY, 0, 0, 15488, 44},
    {WSTR("2014"), REG_BINARY, 0, 0, 15532, 44},
    {WSTR("2015"), REG_BINARY, 0, 0, 15576, 44},
    {WSTR("2016"), REG_BINARY, 0, 0, 15620, 44},
    {WSTR("2017"), REG_BINARY, 0, 0, 15664, 44},
    {WSTR("2018"), REG_BINARY, 0, 0, 15664, 44},
    {WSTR("2019"), REG_BINARY, 0, 0, 15708, 44},
    {WSTR("2020"), REG_BINARY, 0, 0, 15752, 44},
    {WSTR("2021"), REG_BINARY, 0, 0, 15796, 44},
    {WSTR("2022"), REG_BINARY, 0, 0, 15840, 44},
    {WSTR("2023"), REG_BINARY, 0, 0, 15884, 44},
    {WSTR("2024"), REG_BINARY, 0, 0, 15928, 44},
    {WSTR("2025"), REG_BINARY, 0, 0, 15972, 44},
    {WSTR("2026"), REG_BINARY, 0, 0, 16016, 44},
    {WSTR("2027"), REG_BINARY, 0, 0, 16060, 44},
    {WSTR("2028"), REG_BINARY, 0, 0, 16016, 44},
    {WSTR("2029"), REG_BINARY, 0, 0, 16016, 44},
    {WSTR("2030"), REG_BINARY, 0, 0, 15048, 44},
    {WSTR("FirstEntry"), REG_DWORD, 0, 2000, 0, 0},
    {WSTR("LastEntry"), REG_DWORD, 0, 2030, 0, 0},
    {WSTR("Display"), REG_SZ, WSTR("(UTC+10:00) Guam, Port Moresby"), 0, 0, 0},
    {WSTR("Dlt"), REG_SZ, WSTR("West Pacific Daylight Time"), 0, 0, 0},
    {WSTR("MUI_Display"), REG_SZ, WSTR("@tzres.dll,-10226"), 0, 0, 0},
    {WSTR("MUI_Dlt"), REG_SZ, WSTR("@tzres.dll,-10225"), 0, 0, 0},
    {WSTR("MUI_Std"), REG_SZ, WSTR("@tzres.dll,-10224"), 0, 0, 0},
    {WSTR("Std"), REG_SZ, WSTR("West Pacific Standard Time"), 0, 0, 0},
    {WSTR("TZI"), REG_BINARY, 0, 0, 2244, 44},
    {WSTR("Display"), REG_SZ, WSTR("(UTC+09:00) Yakutsk"), 0, 0, 0},
    {WSTR("Dlt"), REG_SZ, WSTR("Yakutsk Daylight Time"), 0, 0, 0},
    {WSTR("MUI_Display"), REG_SZ, WSTR("@tzres.dll,-40578"), 0, 0, 0},
    {WSTR("MUI_Dlt"), REG_SZ, WSTR("@tzres.dll,-40577"), 0, 0, 0},
    {WSTR("MUI_Std"), REG_SZ, WSTR("@tzres.dll,-40576"), 0, 0, 0},
    {WSTR("Std"), REG_SZ, WSTR("Yakutsk Standard Time"), 0, 0, 0},
    {WSTR("TZI"), REG_BINARY, 0, 0, 7744, 44},
    {WSTR("2000"), REG_BINARY, 0, 0, 13684, 44},
    {WSTR("2001"), REG_BINARY, 0, 0, 13684, 44},
    {WSTR("2002"), REG_BINARY, 0, 0, 13684, 44},
    {WSTR("2003"), REG_BINARY, 0, 0, 13684, 44},
    {WSTR("2004"), REG_BINARY, 0, 0, 13684, 44},
    {WSTR("2005"), REG_BINARY, 0, 0, 13684, 44},
    {WSTR("2006"), REG_BINARY, 0, 0, 13684, 44},
    {WSTR("2007"), REG_BINARY, 0, 0, 13684, 44},
    {WSTR("2008"), REG_BINARY, 0, 0, 13684, 44},
    {WSTR("2009"), REG_BINARY, 0, 0, 13684, 44},
    {WSTR("2010"), REG_BINARY, 0, 0, 13684, 44},
    {WSTR("2011"), REG_BINARY, 0, 0, 13728, 44},
    {WSTR("2012"), REG_BINARY, 0, 0, 2244, 44},
    {WSTR("2013"), REG_BINARY, 0, 0, 2244, 44},
    {WSTR("2014"), REG_BINARY, 0, 0, 16104, 44},
    {WSTR("2015"), REG_BINARY, 0, 0, 7744, 44},
    {WSTR("FirstEntry"), REG_DWORD, 0, 2000, 0, 0},
    {WSTR("LastEntry"), REG_DWORD, 0, 2015, 0, 0},
    {WSTR("Display"), REG_SZ, WSTR("(UTC-07:00) Yukon"), 0, 0, 0},
    {WSTR("Dlt"), REG_SZ, WSTR("Yukon Daylight Time"), 0, 0, 0},
    {WSTR("MUI_Display"), REG_SZ, WSTR("@tzres.dll,-26290"), 0, 0, 0},
    {WSTR("MUI_Dlt"), REG_SZ, WSTR("@tzres.dll,-26289"), 0, 0, 0},
    {WSTR("MUI_Std"), REG_SZ, WSTR("@tzres.dll,-26288"), 0, 0, 0},
    {WSTR("Std"), REG_SZ, WSTR("Yukon Standard Time"), 0, 0, 0},
    {WSTR("TZI"), REG_BINARY, 0, 0, 9988, 44},
    {WSTR("2000"), REG_BINARY, 0, 0, 11396, 44},
    {WSTR("2001"), REG_BINARY, 0, 0, 11396, 44},
    {WSTR("2002"), REG_BINARY, 0, 0, 11396, 44},
    {WSTR("2003"), REG_BINARY, 0, 0, 11396, 44},
    {WSTR("2004"), REG_BINARY, 0, 0, 11396, 44},
    {WSTR("2005"), REG_BINARY, 0, 0, 11396, 44},
    {WSTR("2006"), REG_BINARY, 0, 0, 11396, 44},
    {WSTR("2007"), REG_BINARY, 0, 0, 11352, 44},
    {WSTR("2008"), REG_BINARY, 0, 0, 11352, 44},
    {WSTR("2009"), REG_BINARY, 0, 0, 11352, 44},
    {WSTR("2010"), REG_BINARY, 0, 0, 11352, 44},
    {WSTR("2011"), REG_BINARY, 0, 0, 11352, 44},
    {WSTR("2012"), REG_BINARY, 0, 0, 11352, 44},
    {WSTR("2013"), REG_BINARY, 0, 0, 11352, 44},
    {WSTR("2014"), REG_BINARY, 0, 0, 11352, 44},
    {WSTR("2015"), REG_BINARY, 0, 0, 11352, 44},
    {WSTR("2016"), REG_BINARY, 0, 0, 11352, 44},
    {WSTR("2017"), REG_BINARY, 0, 0, 11352, 44},
    {WSTR("2018"), REG_BINARY, 0, 0, 11352, 44},
    {WSTR("2019"), REG_BINARY, 0, 0, 11352, 44},
    {WSTR("2020"), REG_BINARY, 0, 0, 16148, 44},
    {WSTR("2021"), REG_BINARY, 0, 0, 9988, 44},
    {WSTR("FirstEntry"), REG_DWORD, 0, 2000, 0, 0},
    {WSTR("LastEntry"), REG_DWORD, 0, 2021, 0, 0},
};

static const CMP_TIMEZONE_KEY CmpTimeZoneKeys[CMP_TIMEZONE_KEY_COUNT] = {
    {WSTR("AUS Central Standard Time"), 0, 7},
    {WSTR("AUS Eastern Standard Time"), 7, 7},
    {WSTR("AUS Eastern Standard Time\\Dynamic DST"), 14, 11},
    {WSTR("Afghanistan Standard Time"), 25, 7},
    {WSTR("Alaskan Standard Time"), 32, 7},
    {WSTR("Alaskan Standard Time\\Dynamic DST"), 39, 10},
    {WSTR("Aleutian Standard Time"), 49, 7},
    {WSTR("Aleutian Standard Time\\Dynamic DST"), 56, 10},
    {WSTR("Altai Standard Time"), 66, 7},
    {WSTR("Altai Standard Time\\Dynamic DST"), 73, 20},
    {WSTR("Arab Standard Time"), 93, 7},
    {WSTR("Arabian Standard Time"), 100, 7},
    {WSTR("Arabic Standard Time"), 107, 7},
    {WSTR("Arabic Standard Time\\Dynamic DST"), 114, 11},
    {WSTR("Argentina Standard Time"), 125, 7},
    {WSTR("Argentina Standard Time\\Dynamic DST"), 132, 13},
    {WSTR("Astrakhan Standard Time"), 145, 7},
    {WSTR("Astrakhan Standard Time\\Dynamic DST"), 152, 20},
    {WSTR("Atlantic Standard Time"), 172, 7},
    {WSTR("Atlantic Standard Time\\Dynamic DST"), 179, 10},
    {WSTR("Aus Central W. Standard Time"), 189, 7},
    {WSTR("Aus Central W. Standard Time\\Dynamic DST"), 196, 7},
    {WSTR("Azerbaijan Standard Time"), 203, 7},
    {WSTR("Azerbaijan Standard Time\\Dynamic DST"), 210, 19},
    {WSTR("Azores Standard Time"), 229, 7},
    {WSTR("Bahia Standard Time"), 236, 7},
    {WSTR("Bahia Standard Time\\Dynamic DST"), 243, 16},
    {WSTR("Bangladesh Standard Time"), 259, 7},
    {WSTR("Bangladesh Standard Time\\Dynamic DST"), 266, 4},
    {WSTR("Belarus Standard Time"), 270, 7},
    {WSTR("Belarus Standard Time\\Dynamic DST"), 277, 15},
    {WSTR("Bougainville Standard Time"), 292, 7},
    {WSTR("Bougainville Standard Time\\Dynamic DST"), 299, 18},
    {WSTR("Canada Central Standard Time"), 317, 7},
    {WSTR("Cape Verde Standard Time"), 324, 7},
    {WSTR("Caucasus Standard Time"), 331, 7},
    {WSTR("Caucasus Standard Time\\Dynamic DST"), 338, 15},
    {WSTR("Cen. Australia Standard Time"), 353, 7},
    {WSTR("Cen. Australia Standard Time\\Dynamic DST"), 360, 11},
    {WSTR("Central America Standard Time"), 371, 7},
    {WSTR("Central America Standard Time\\Dynamic DST"), 378, 4},
    {WSTR("Central Asia Standard Time"), 382, 7},
    {WSTR("Central Asia Standard Time\\Dynamic DST"), 389, 9},
    {WSTR("Central Brazilian Standard Time"), 398, 7},
    {WSTR("Central Brazilian Standard Time\\Dynamic DST"), 405, 23},
    {WSTR("Central Europe Standard Time"), 428, 7},
    {WSTR("Central European Standard Time"), 435, 7},
    {WSTR("Central Pacific Standard Time"), 442, 7},
    {WSTR("Central Standard Time"), 449, 7},
    {WSTR("Central Standard Time\\Dynamic DST"), 456, 10},
    {WSTR("Central Standard Time (Mexico)"), 466, 7},
    {WSTR("Central Standard Time (Mexico)\\Dynamic DST"), 473, 26},
    {WSTR("Chatham Islands Standard Time"), 499, 7},
    {WSTR("Chatham Islands Standard Time\\Dynamic DST"), 506, 11},
    {WSTR("China Standard Time"), 517, 7},
    {WSTR("Cuba Standard Time"), 524, 7},
    {WSTR("Cuba Standard Time\\Dynamic DST"), 531, 16},
    {WSTR("Dateline Standard Time"), 547, 7},
    {WSTR("E. Africa Standard Time"), 554, 7},
    {WSTR("E. Australia Standard Time"), 561, 7},
    {WSTR("E. Europe Standard Time"), 568, 7},
    {WSTR("E. Europe Standard Time\\Dynamic DST"), 575, 25},
    {WSTR("E. South America Standard Time"), 600, 7},
    {WSTR("E. South America Standard Time\\Dynamic DST"), 607, 23},
    {WSTR("Easter Island Standard Time"), 630, 7},
    {WSTR("Easter Island Standard Time\\Dynamic DST"), 637, 26},
    {WSTR("Eastern Standard Time"), 663, 7},
    {WSTR("Eastern Standard Time\\Dynamic DST"), 670, 10},
    {WSTR("Eastern Standard Time (Mexico)"), 680, 7},
    {WSTR("Eastern Standard Time (Mexico)\\Dynamic DST"), 687, 19},
    {WSTR("Egypt Standard Time"), 706, 7},
    {WSTR("Egypt Standard Time\\Dynamic DST"), 713, 26},
    {WSTR("Ekaterinburg Standard Time"), 739, 7},
    {WSTR("Ekaterinburg Standard Time\\Dynamic DST"), 746, 18},
    {WSTR("FLE Standard Time"), 764, 7},
    {WSTR("Fiji Standard Time"), 771, 7},
    {WSTR("Fiji Standard Time\\Dynamic DST"), 778, 25},
    {WSTR("GMT Standard Time"), 803, 7},
    {WSTR("GTB Standard Time"), 810, 7},
    {WSTR("Georgian Standard Time"), 817, 7},
    {WSTR("Georgian Standard Time\\Dynamic DST"), 824, 9},
    {WSTR("Greenland Standard Time"), 833, 7},
    {WSTR("Greenland Standard Time\\Dynamic DST"), 840, 33},
    {WSTR("Greenwich Standard Time"), 873, 7},
    {WSTR("Haiti Standard Time"), 880, 7},
    {WSTR("Haiti Standard Time\\Dynamic DST"), 887, 20},
    {WSTR("Hawaiian Standard Time"), 907, 7},
    {WSTR("India Standard Time"), 914, 7},
    {WSTR("Iran Standard Time"), 921, 7},
    {WSTR("Iran Standard Time\\Dynamic DST"), 928, 26},
    {WSTR("Israel Standard Time"), 954, 7},
    {WSTR("Israel Standard Time\\Dynamic DST"), 961, 33},
    {WSTR("Jordan Standard Time"), 994, 7},
    {WSTR("Jordan Standard Time\\Dynamic DST"), 1001, 26},
    {WSTR("Kaliningrad Standard Time"), 1027, 7},
    {WSTR("Kaliningrad Standard Time\\Dynamic DST"), 1034, 18},
    {WSTR("Korea Standard Time"), 1052, 7},
    {WSTR("Libya Standard Time"), 1059, 7},
    {WSTR("Libya Standard Time\\Dynamic DST"), 1066, 5},
    {WSTR("Line Islands Standard Time"), 1071, 7},
    {WSTR("Lord Howe Standard Time"), 1078, 7},
    {WSTR("Lord Howe Standard Time\\Dynamic DST"), 1085, 11},
    {WSTR("Magadan Standard Time"), 1096, 7},
    {WSTR("Magadan Standard Time\\Dynamic DST"), 1103, 20},
    {WSTR("Magallanes Standard Time"), 1123, 7},
    {WSTR("Magallanes Standard Time\\Dynamic DST"), 1130, 20},
    {WSTR("Marquesas Standard Time"), 1150, 7},
    {WSTR("Mauritius Standard Time"), 1157, 7},
    {WSTR("Mauritius Standard Time\\Dynamic DST"), 1164, 5},
    {WSTR("Middle East Standard Time"), 1169, 7},
    {WSTR("Montevideo Standard Time"), 1176, 7},
    {WSTR("Montevideo Standard Time\\Dynamic DST"), 1183, 15},
    {WSTR("Morocco Standard Time"), 1198, 7},
    {WSTR("Morocco Standard Time\\Dynamic DST"), 1205, 33},
    {WSTR("Mountain Standard Time"), 1238, 7},
    {WSTR("Mountain Standard Time\\Dynamic DST"), 1245, 10},
    {WSTR("Mountain Standard Time (Mexico)"), 1255, 7},
    {WSTR("Mountain Standard Time (Mexico)\\Dynamic DST"), 1262, 26},
    {WSTR("Myanmar Standard Time"), 1288, 7},
    {WSTR("N. Central Asia Standard Time"), 1295, 7},
    {WSTR("N. Central Asia Standard Time\\Dynamic DST"), 1302, 20},
    {WSTR("Namibia Standard Time"), 1322, 7},
    {WSTR("Namibia Standard Time\\Dynamic DST"), 1329, 21},
    {WSTR("Nepal Standard Time"), 1350, 7},
    {WSTR("New Zealand Standard Time"), 1357, 7},
    {WSTR("New Zealand Standard Time\\Dynamic DST"), 1364, 11},
    {WSTR("Newfoundland Standard Time"), 1375, 7},
    {WSTR("Newfoundland Standard Time\\Dynamic DST"), 1382, 15},
    {WSTR("Norfolk Standard Time"), 1397, 7},
    {WSTR("Norfolk Standard Time\\Dynamic DST"), 1404, 23},
    {WSTR("North Asia East Standard Time"), 1427, 7},
    {WSTR("North Asia East Standard Time\\Dynamic DST"), 1434, 18},
    {WSTR("North Asia Standard Time"), 1452, 7},
    {WSTR("North Asia Standard Time\\Dynamic DST"), 1459, 18},
    {WSTR("North Korea Standard Time"), 1477, 7},
    {WSTR("North Korea Standard Time\\Dynamic DST"), 1484, 7},
    {WSTR("Omsk Standard Time"), 1491, 7},
    {WSTR("Omsk Standard Time\\Dynamic DST"), 1498, 18},
    {WSTR("Pacific SA Standard Time"), 1516, 7},
    {WSTR("Pacific SA Standard Time\\Dynamic DST"), 1523, 33},
    {WSTR("Pacific Standard Time"), 1556, 7},
    {WSTR("Pacific Standard Time\\Dynamic DST"), 1563, 10},
    {WSTR("Pacific Standard Time (Mexico)"), 1573, 7},
    {WSTR("Pacific Standard Time (Mexico)\\Dynamic DST"), 1580, 13},
    {WSTR("Pakistan Standard Time"), 1593, 7},
    {WSTR("Pakistan Standard Time\\Dynamic DST"), 1600, 11},
    {WSTR("Paraguay Standard Time"), 1611, 7},
    {WSTR("Paraguay Standard Time\\Dynamic DST"), 1618, 28},
    {WSTR("Qyzylorda Standard Time"), 1646, 7},
    {WSTR("Qyzylorda Standard Time\\Dynamic DST"), 1653, 22},
    {WSTR("Romance Standard Time"), 1675, 7},
    {WSTR("Russia Time Zone 10"), 1682, 7},
    {WSTR("Russia Time Zone 10\\Dynamic DST"), 1689, 18},
    {WSTR("Russia Time Zone 11"), 1707, 7},
    {WSTR("Russia Time Zone 11\\Dynamic DST"), 1714, 15},
    {WSTR("Russia Time Zone 3"), 1729, 7},
    {WSTR("Russia Time Zone 3\\Dynamic DST"), 1736, 15},
    {WSTR("Russian Standard Time"), 1751, 7},
    {WSTR("Russian Standard Time\\Dynamic DST"), 1758, 18},
    {WSTR("SA Eastern Standard Time"), 1776, 7},
    {WSTR("SA Pacific Standard Time"), 1783, 7},
    {WSTR("SA Western Standard Time"), 1790, 7},
    {WSTR("SE Asia Standard Time"), 1797, 7},
    {WSTR("Saint Pierre Standard Time"), 1804, 7},
    {WSTR("Saint Pierre Standard Time\\Dynamic DST"), 1811, 10},
    {WSTR("Sakhalin Standard Time"), 1821, 7},
    {WSTR("Sakhalin Standard Time\\Dynamic DST"), 1828, 20},
    {WSTR("Samoa Standard Time"), 1848, 7},
    {WSTR("Samoa Standard Time\\Dynamic DST"), 1855, 25},
    {WSTR("Sao Tome Standard Time"), 1880, 7},
    {WSTR("Sao Tome Standard Time\\Dynamic DST"), 1887, 5},
    {WSTR("Saratov Standard Time"), 1892, 7},
    {WSTR("Saratov Standard Time\\Dynamic DST"), 1899, 20},
    {WSTR("Singapore Standard Time"), 1919, 7},
    {WSTR("South Africa Standard Time"), 1926, 7},
    {WSTR("South Sudan Standard Time"), 1933, 7},
    {WSTR("South Sudan Standard Time\\Dynamic DST"), 1940, 25},
    {WSTR("Sri Lanka Standard Time"), 1965, 7},
    {WSTR("Sri Lanka Standard Time\\Dynamic DST"), 1972, 10},
    {WSTR("Sudan Standard Time"), 1982, 7},
    {WSTR("Sudan Standard Time\\Dynamic DST"), 1989, 21},
    {WSTR("Syria Standard Time"), 2010, 7},
    {WSTR("Syria Standard Time\\Dynamic DST"), 2017, 26},
    {WSTR("Taipei Standard Time"), 2043, 7},
    {WSTR("Tasmania Standard Time"), 2050, 7},
    {WSTR("Tasmania Standard Time\\Dynamic DST"), 2057, 11},
    {WSTR("Tocantins Standard Time"), 2068, 7},
    {WSTR("Tocantins Standard Time\\Dynamic DST"), 2075, 17},
    {WSTR("Tokyo Standard Time"), 2092, 7},
    {WSTR("Tomsk Standard Time"), 2099, 7},
    {WSTR("Tomsk Standard Time\\Dynamic DST"), 2106, 20},
    {WSTR("Tonga Standard Time"), 2126, 7},
    {WSTR("Tonga Standard Time\\Dynamic DST"), 2133, 21},
    {WSTR("Transbaikal Standard Time"), 2154, 7},
    {WSTR("Transbaikal Standard Time\\Dynamic DST"), 2161, 20},
    {WSTR("Turkey Standard Time"), 2181, 7},
    {WSTR("Turkey Standard Time\\Dynamic DST"), 2188, 20},
    {WSTR("Turks And Caicos Standard Time"), 2208, 7},
    {WSTR("Turks And Caicos Standard Time\\Dynamic DST"), 2215, 22},
    {WSTR("US Eastern Standard Time"), 2237, 7},
    {WSTR("US Eastern Standard Time\\Dynamic DST"), 2244, 10},
    {WSTR("US Mountain Standard Time"), 2254, 7},
    {WSTR("UTC"), 2261, 7},
    {WSTR("UTC+12"), 2268, 7},
    {WSTR("UTC+13"), 2275, 7},
    {WSTR("UTC-02"), 2282, 7},
    {WSTR("UTC-08"), 2289, 7},
    {WSTR("UTC-09"), 2296, 7},
    {WSTR("UTC-11"), 2303, 7},
    {WSTR("Ulaanbaatar Standard Time"), 2310, 7},
    {WSTR("Ulaanbaatar Standard Time\\Dynamic DST"), 2317, 19},
    {WSTR("Venezuela Standard Time"), 2336, 7},
    {WSTR("Venezuela Standard Time\\Dynamic DST"), 2343, 13},
    {WSTR("Vladivostok Standard Time"), 2356, 7},
    {WSTR("Vladivostok Standard Time\\Dynamic DST"), 2363, 18},
    {WSTR("Volgograd Standard Time"), 2381, 7},
    {WSTR("Volgograd Standard Time\\Dynamic DST"), 2388, 24},
    {WSTR("W. Australia Standard Time"), 2412, 7},
    {WSTR("W. Australia Standard Time\\Dynamic DST"), 2419, 7},
    {WSTR("W. Central Africa Standard Time"), 2426, 7},
    {WSTR("W. Europe Standard Time"), 2433, 7},
    {WSTR("W. Mongolia Standard Time"), 2440, 7},
    {WSTR("W. Mongolia Standard Time\\Dynamic DST"), 2447, 19},
    {WSTR("West Asia Standard Time"), 2466, 7},
    {WSTR("West Bank Standard Time"), 2473, 7},
    {WSTR("West Bank Standard Time\\Dynamic DST"), 2480, 33},
    {WSTR("West Pacific Standard Time"), 2513, 7},
    {WSTR("Yakutsk Standard Time"), 2520, 7},
    {WSTR("Yakutsk Standard Time\\Dynamic DST"), 2527, 18},
    {WSTR("Yukon Standard Time"), 2545, 7},
    {WSTR("Yukon Standard Time\\Dynamic DST"), 2552, 24},
};

#endif /* PROSKRNL_KERNEL_CM_TIMEZONES_H */
